{
	"width": 700,
	"title": "Join The 6th Street Gang",
	"heigh": 700,
	"y": 200,
	"tag": "6th_ui",
	"x": 200,
	"controls": [{
		"tag": "line1",
		"requirement": [],
		"parent": "",
		"margin": {
			"left": 200
		},
		"style": {
			"fontsize": 40
		},
		"textcolor": {
			"red": 245,
			"green": 95,
			"blue": 3,
			"opacity": 13
		},
		"title": "",
		"value": {
			"type": "text",
			"value": "Help the 6th Street Gang get a better Reputation in Night City. "
		},
		"type": "label",
		"action": [],
		"bgcolor": {
			"red": 217,
			"green": 21,
			"blue": 203,
			"opacity": 20
		},
		"trigger": {
			"a": {
				"helperTitle": "Auto",
				"name": "auto",
				"helper": "This trigger will be triggered without need anything (default)"
			}
		}
	}, {

		"tag": "line2",
		"requirement": [],
		"parent": "",
		"margin": {
			"left": 200,
			"top": 100

		},
		"style": {
			"fontsize": 40
		},
		"textcolor": {
			"red": 245,
			"green": 95,
			"blue": 3,
			"opacity": 13
		},
		"title": "",
		"value": {
			"type": "text",
			"value": "Joining 6th Street grants the following: "
		},
		"type": "label",
		"action": [],
		"bgcolor": {
			"red": 217,
			"green": 21,
			"blue": 203,
			"opacity": 20
		},
		"trigger": {
			"a": {
				"helperTitle": "Auto",
				"name": "auto",
				"helper": "This trigger will be triggered without need anything (default)"
			}
		}
	}, {

		"tag": "line3",
		"requirement": [],
		"parent": "",
		"margin": {
			"left": 200,
			"top": 175

		},
		"style": {
			"fontsize": 40
		},
		"textcolor": {
			"red": 245,
			"green": 95,
			"blue": 3,
			"opacity": 13
		},
		"title": "",
		"value": {
			"type": "text",
			"value": "-  +20 to Affinity for this gang"
		},
		"type": "label",
		"action": [],
		"bgcolor": {
			"red": 217,
			"green": 21,
			"blue": 203,
			"opacity": 20
		},
		"trigger": {
			"a": {
				"helperTitle": "Auto",
				"name": "auto",
				"helper": "This trigger will be triggered without need anything (default)"
			}
		}

	}, {

		"tag": "line4",
		"requirement": [],
		"parent": "",
		"margin": {
			"left": 200,
			"top": 225

		},
		"style": {
			"fontsize": 40
		},
		"textcolor": {
			"red": 245,
			"green": 95,
			"blue": 3,
			"opacity": 13
		},
		"title": "",
		"value": {
			"type": "text",
			"value": "-  +20 to Current Subdistrict Score the Fixer is in"
		},
		"type": "label",
		"action": [],
		"bgcolor": {
			"red": 217,
			"green": 21,
			"blue": 203,
			"opacity": 20
		},
		"trigger": {
			"a": {
				"helperTitle": "Auto",
				"name": "auto",
				"helper": "This trigger will be triggered without need anything (default)"
			}
		}
	}, {

		"tag": "line5",
		"requirement": [],
		"parent": "",
		"margin": {
			"left": 200,
			"top": 280

		},
		"style": {
			"fontsize": 40
		},
		"textcolor": {
			"red": 245,
			"green": 95,
			"blue": 3,
			"opacity": 13
		},
		"title": "",
		"value": {
			"type": "text",
			"value": "- A large sum of negative affinity will be applied to the Rival of this gang"
		},
		"type": "label",
		"action": [],
		"bgcolor": {
			"red": 217,
			"green": 21,
			"blue": 203,
			"opacity": 20
		},
		"trigger": {
			"a": {
				"helperTitle": "Auto",
				"name": "auto",
				"helper": "This trigger will be triggered without need anything (default)"
			}
		}
	}, {
		"tag": "line6",
		"requirement": [],
		"parent": "",
		"margin": {
			"left": 200,
			"top": 330

		},
		"style": {
			"fontsize": 40
		},
		"textcolor": {
			"red": 245,
			"green": 95,
			"blue": 3,
			"opacity": 13
		},
		"title": "",
		"value": {
			"type": "text",
			"value": "-  Gang-Inspired Set of Clothing"
		},
		"type": "label",
		"action": [],
		"bgcolor": {
			"red": 217,
			"green": 21,
			"blue": 203,
			"opacity": 20
		},
		"trigger": {
			"a": {
				"helperTitle": "Auto",
				"name": "auto",
				"helper": "This trigger will be triggered without need anything (default)"
			}
		}
	}, {
		"tweak": "",
		"tag": "join6",
		"requirement": [
			["aaa"]
		],
		"style": {
			"fontsize": 30,
			"width": 420,
			"height": 280
		},
		"margin": {
			"right": 415,
			"top": 590,
			"left": 842
		},
		"parent": "",
		"textcolor": {
			"red": 90,
			"green": 0,
			"blue": 100,
			"opacity": 0
		},
		"title": "Join the 6th Street",
		"value": {
			"type": "button"
		},
		"type": "button",
		"action": [{
			"helper": "This action will set the Player's current Faction",
			"helperTitle": "Player : Current Gang",
			"name": "set_player_current_gang",
			"tag": "faction_sixthstreet"
			
			}, {
			"name": "wait_second",
			"value": 2,
			"help": "Wait x second"

		}, {
			"name": "close_interface"
		}, {
			"name": "wait_second",
			"value": 2,
			"help": "Wait x second"
		}, {

			"name": "wait_for_trigger",
			"trigger": {
				"name": "player_current_gang",
				"value": "faction_sixthstreet"
			}

		}, {

			
			"name": "gang_affinity",
			"value": "faction_sixthstreet",
			"score": 20
		}, {
			
			"name": "gang_affinity",
			"value": "faction_valentinos",
		"score": -20
		}, {
			"name": "gang_affinity",
			"value": "faction_ncpd",
			"score": -20
		}, {
			"name": "gang_affinity",
			"value": "faction_maxtac",
			"score": -20
		}, {			
						
		
			"name": "add_gang_district_score",
		"faction": "faction_sixthstreet",
		"district": "district_santodomingo",
		"value": 20
		}, {
			"name": "add_gang_currentsubdistrict_score",
		"faction": "faction_sixthstreet",
		"value": 20
		
	
		}, {
			"name": "if",
		"trigger": {
		"name": "player_gender",
		"value": "male"
		},
		"if_action": [{
				
				
			"name": "give_item",
				
				"name": "give_item",
				"value": "Items.Hat_02_old_01",
				"amount": 1
			},
			{
				"name": "give_item",
				"value": "Items.Tech_01_rich_01",
				"amount": 1
			},
			{
				
				"name": "give_item",
				"value": "Items.Jacket_17_old_03",
				"amount": 1
			},
			{
				"name": "give_item",
				"value": "Items.Shirt_03_rich_03",
				"amount": 1
				},
			{
				"name": "give_item",
				"value": "Items.Pants_11_old_03",
				"amount": 1
				},
			{
				"name": "give_item",
				"value": "Items.Boots_05_old_01",
				"amount": 1
			
			}
		],
		"else_action": [{
				"name": "give_item",
				"value": "Items.Hat_02_old_02",
				"amount": 1
			},
			{
				"name": "give_item",
				"value": "Items.Tech_01_rich_02",
				"amount": 1
			},
			{
				"name": "give_item",
				"value": "Items.Jacket_17_old_03",
				"amount": 1
			},
			{
				"name": "give_item",
				"value": "Items.FormalShirt_02_basic_02",
				"amount": 1
			}, {
				"name": "give_item",
				"value": "Items.Pants_01_old_02",
				"amount": 1
			},
			{
				"name": "give_item",
				"value": "Items.Boots_05_old_01",
				"amount": 1
				
				
			}
		]
			}, {
			"name": "do_event",
		"value": "GNC_reaction_system"
		}, {
		"name": "do_function",
		"value": "GNC_Affinity_Edit"
		}],
		"bgcolor": {
			"red": 0,
			"green": 90,
			"blue": 100,
			"opacity": 10
		},
		"trigger": {
			"aaa": {
				"helperTitle": "Auto",
				"name": "auto",
				"helper": "This trigger will be triggered without need anything (default)"
			}
		}
	}]
}