{
	"width": 700,
	"title": "Join The Animals",
	"heigh": 700,
	"y": 200,
	"tag": "animals_ui",
	"x": 200,
	"controls": [{
		"tag": "line1",
		"requirement": [],
		"parent": "",
		"margin": {
			"left": 200
		},
		"style": {
			"fontsize": 40
		},
		"textcolor": {
			"red": 245,
			"green": 95,
			"blue": 3,
			"opacity": 13
		},
		"title": "",
		"value": {
			"type": "text",
			"value": "Help the Animals gain control of the net around Night City. "
		},
		"type": "label",
		"action": [],
		"bgcolor": {
			"red": 217,
			"green": 21,
			"blue": 203,
			"opacity": 20
		},
		"trigger": {
			"a": {
				"helperTitle": "Auto",
				"name": "auto",
				"helper": "This trigger will be triggered without need anything (default)"
			}
		}
	}, {

		"tag": "line2",
		"requirement": [],
		"parent": "",
		"margin": {
			"left": 200,
			"top": 100

		},
		"style": {
			"fontsize": 40
		},
		"textcolor": {
			"red": 245,
			"green": 95,
			"blue": 3,
			"opacity": 13
		},
		"title": "",
		"value": {
			"type": "text",
			"value": "Joining Animals grants the following: "
		},
		"type": "label",
		"action": [],
		"bgcolor": {
			"red": 217,
			"green": 21,
			"blue": 203,
			"opacity": 20
		},
		"trigger": {
			"a": {
				"helperTitle": "Auto",
				"name": "auto",
				"helper": "This trigger will be triggered without need anything (default)"
			}
		}
	}, {

		"tag": "line3",
		"requirement": [],
		"parent": "",
		"margin": {
			"left": 200,
			"top": 175

		},
		"style": {
			"fontsize": 40
		},
		"textcolor": {
			"red": 245,
			"green": 95,
			"blue": 3,
			"opacity": 13
		},
		"title": "",
		"value": {
			"type": "text",
			"value": "-  +20 to Affinity for this gang"
		},
		"type": "label",
		"action": [],
		"bgcolor": {
			"red": 217,
			"green": 21,
			"blue": 203,
			"opacity": 20
		},
		"trigger": {
			"a": {
				"helperTitle": "Auto",
				"name": "auto",
				"helper": "This trigger will be triggered without need anything (default)"
			}
		}

	}, {

		"tag": "line4",
		"requirement": [],
		"parent": "",
		"margin": {
			"left": 200,
			"top": 225

		},
		"style": {
			"fontsize": 40
		},
		"textcolor": {
			"red": 245,
			"green": 95,
			"blue": 3,
			"opacity": 13
		},
		"title": "",
		"value": {
			"type": "text",
			"value": "-  +20 to Current Subdistrict Score the Fixer is in"
		},
		"type": "label",
		"action": [],
		"bgcolor": {
			"red": 217,
			"green": 21,
			"blue": 203,
			"opacity": 20
		},
		"trigger": {
			"a": {
				"helperTitle": "Auto",
				"name": "auto",
				"helper": "This trigger will be triggered without need anything (default)"
			}
		}
	}, {

		"tag": "line5",
		"requirement": [],
		"parent": "",
		"margin": {
			"left": 200,
			"top": 280

		},
		"style": {
			"fontsize": 40
		},
		"textcolor": {
			"red": 245,
			"green": 95,
			"blue": 3,
			"opacity": 13
		},
		"title": "",
		"value": {
			"type": "text",
			"value": "- A large sum of negative affinity will be applied to the Rival of this gang"
		},
		"type": "label",
		"action": [],
		"bgcolor": {
			"red": 217,
			"green": 21,
			"blue": 203,
			"opacity": 20
		},
		"trigger": {
			"a": {
				"helperTitle": "Auto",
				"name": "auto",
				"helper": "This trigger will be triggered without need anything (default)"
			}
		}
	}, {}, {

		"tag": "line6",
		"requirement": [],
		"parent": "",
		"margin": {
			"left": 200,
			"top": 330

		},
		"style": {
			"fontsize": 40
		},
		"textcolor": {
			"red": 245,
			"green": 95,
			"blue": 3,
			"opacity": 13
		},
		"title": "",
		"value": {
			"type": "text",
			"value": "-  Gang-Inspired Set of Clothing"
		},
		"type": "label",
		"action": [],
		"bgcolor": {
			"red": 217,
			"green": 21,
			"blue": 203,
			"opacity": 20
		},
		"trigger": {
			"a": {
				"helperTitle": "Auto",
				"name": "auto",
				"helper": "This trigger will be triggered without need anything (default)"
			}
		}
	}, {
		"tweak": "",
		"tag": "joinma",
		"requirement": [
			["aaa"]
		],
		"style": {
			"fontsize": 30,
			"width": 420,
			"height": 280
		},
		"margin": {
			"right": 415,
			"top": 590,
			"left": 842
		},
		"parent": "",
		"textcolor": {
			"red": 0,
			"green": 100,
			"blue": 0,
			"opacity": 0
		},
		"title": "Join the Animals",
		"value": {
			"type": ""
		},
		"type": "button",
		"action": [{
			"helper": "This action will set the Player's current Faction",
			"helperTitle": "Player : Current Gang",
			"name": "set_player_current_gang",
			"tag": "faction_animals"

		}, {
			"name": "wait_second",
			"value": 2,
			"help": "Wait x second"

		}, {
			"name": "close_interface"
		}, {
			"name": "wait_second",
			"value": 2,
			"help": "Wait x second"
		}, {

			"name": "wait_for_trigger",
			"trigger": {
				"name": "player_current_gang",
				"value": "faction_animals"
			}

		
		}, {
			"name": "gang_affinity",
			"value": "faction_animals",
			"score": 20
		}, {

			"name": "gang_affinity",
			"value": "faction_scavengers",
			"score": -30
		}, {
			"name": "gang_affinity",
			"value": "faction_voodooboys",
			"score": -40
		}, {
			"name": "gang_affinity",
			"value": "faction_afterlife",
			"score": -20
		}, {
			"name": "gang_affinity",
			"value": "faction_maxtac",
			"score": -30
		}, {
			"name": "gang_affinity",
			"value": "faction_mox",
			"score": -15
		}, {
			"name": "gang_affinity",
			"value": "faction_militech",
			"score": -15
		}, {
			"name": "gang_affinity",
			"value": "faction_maelstrom",
			"score": -25
		}, {


			"name": "add_gang_district_score",
			"faction": "faction_animals",
			"district": "district_watson",
			"value": 20
		}, {
			"name": "add_gang_district_score",
			"faction": "faction_animals",
			"district": "district_pacifica",
			"value": 20
		}, {
			"name": "add_gang_currentsubdistrict_score",
			"faction": "faction_animals",
			"value": 20
		
		
		}, {

			"name": "if",
			"trigger": {
				"name": "player_gender",
				"value": "male"
			},
			"if_action": [{


					"name": "give_item",
					"value": "Items.TShirt_03_rich_03",
					"amount": 1
				},
				{
					"name": "give_item",
					"value": "Items.Vest_06_rich_01",
					"amount": 1
				},
				{
					"name": "give_item",
					"value": "Items.Coat_04_old_01",
					"amount": 1




				}
			],
			"else_action": [{
					"name": "give_item",
					"value": "Items.TShirt_03_rich_03",
					"amount": 1
				},
				{

					"name": "give_item",
					"value": "Items.Vest_06_rich_01",
					"amount": 1
				},
				{
					"name": "give_item",
					"value": "Items.Coat_04_old_01",
					"amount": 1




				}
			]
			}, {
			"name": "do_event",
		"value": "GNC_reaction_system"
		}, {
		"name": "do_function",
		"value": "GNC_Affinity_Edit"
		}],
		"bgcolor": {
			"red": 90,
			"green": 0,
			"blue": 0,
			"opacity": 20
		},
		"trigger": {
			"aaa": {
				"helperTitle": "Auto",
				"name": "auto",
				"helper": "This trigger will be triggered without need anything (default)"
			}
		}
	}]
}