{
	"title": "Recruit Your 6th street Cadets",
	"tag": "Crew_6thstreet",
	"width": 500,
	"heigh": 500,
	"x": 200,
	"y": 200,
	"controls": [
		{
			"type": "label",
			"tag": "six1",
			"margin": {
				"left": 540,
				"top":100
			},
			"style": {
				"fontsize": 45
			},
			"trigger": {
				"affin1": {
					"name": "testFor",
					"triggers": [{

						"name": "gang_affinity",
						"value": "faction_sixthstreet",
						"score": 10
					}, {
						"name": "compare",
						"trigger": {
							"name": "entity_is_spawn",
							"tag": "follower1"
						},
						"expected": false
					
					}],
					"logic": "and"

				}

			},
			"requirement": [
				["affin1"]
			],
			"value": {
				"type": "text",
				"value": "Benjamin"
			}
		},
		{


			"type": "label",
			"tag": "six1-weap",
			"margin": {
				"left": 540,
				"top":150
			},
			"style": {
				"fontsize": 30
			},
			"trigger": {
				"auto": {
				"name": "testFor",
					"triggers": [{

						"name": "gang_affinity",
						"value": "faction_sixthstreet",
						"score": 10
					}, {
						"name": "compare",
						"trigger": {
							"name": "entity_is_spawn",
							"tag": "follower1"
						},
						"expected": false	
					}],
					"logic": "and"
				}
			},
			"requirement": [
				["auto"]
			],
			"value": {
				"type": "text",
				"value": " Weapon: SMG (made in china) "
			}
		},
		{
			"type": "label",
			"tag": "six2",
			"margin": {
				"left": 540,
				"top":200
			},
			"style": {
				"fontsize": 45
			},
			"trigger": {
				"auto": {
				"name": "testFor",
					"triggers": [{

						"name": "gang_affinity",
						"value": "faction_sixthstreet",
						"score": 20
					}, {
						"name": "compare",
						"trigger": {
							"name": "entity_is_spawn",
							"tag": "follower2"
						},
						"expected": false
					
					}],
					"logic": "and"
				}
			},
			"requirement": [
				["auto"]
			],
			"value": {
				"type": "text",
				"value": "Lt. Dan"
			}
		},
		{
			"type": "label",
			"tag": "six2-weap",
			"margin": {
				"left": 540,
				"top":250
			},
			"style": {
				"fontsize": 30
			},
			"trigger": {
				"auto": {
				"name": "testFor",
					"triggers": [{

						"name": "gang_affinity",
						"value": "faction_sixthstreet",
						"score": 20
					}, {
						"name": "compare",
						"trigger": {
							"name": "entity_is_spawn",
							"tag": "follower2"
						},
					"expected": false
					}],
					"logic": "and"
				}
			},
			"requirement": [
				["auto"]
			],
			"value": {
				"type": "text",
				"value": " Weapon: Ice Cream "
			}
		},
		{
			"type": "label",
			"tag": "six3",
			"margin": {
				"left": 540,
				"top":300
			},
			"style": {
				"fontsize": 45
			},
			"trigger": {
				"auto": {
				"name": "testFor",
					"triggers": [{

						"name": "gang_affinity",
						"value": "faction_sixthstreet",
						"score": 30
					}, {
						"name": "compare",
						"trigger": {
							"name": "entity_is_spawn",
							"tag": "follower3"
						},
						"expected": false
					
					}],
					"logic": "and"
				}
			},
			"requirement": [
				["auto"]
			],
			"value": {
				"type": "text",
				"value": "Commander Beatrix"
			}
		},
		{
			"type": "label",
			"tag": "six3-weap",
			"margin": {
				"left": 540,
				"top":350
			},
			"style": {
				"fontsize": 30
			},
			"trigger": {
				"auto": {
					"name": "testFor",
					"triggers": [{

						"name": "gang_affinity",
						"value": "faction_sixthstreet",
						"score": 30
					}, {
						"name": "compare",
						"trigger": {
							"name": "entity_is_spawn",
							"tag": "follower3"
						},
						"expected": false
					
					}],
					"logic": "and"
				}
			},
			"requirement": [
				["auto"]
			],
			"value": {
				"type": "text",
				"value": " Weapon: An American-made gun (actuallly made in America)"
			}
		},
		{
			"type": "label",
			"tag": "six4",
			"margin": {
				"left": 540,
				"top":400
			},
			"style": {
				"fontsize": 45
			},
			"trigger": {
				"auto": {
				"name": "testFor",
					"triggers": [{
						"name": "gang_affinity",
						"value": "faction_sixthstreet",
						"score": 40
					}, {
						"name": "compare",
						"trigger": {
							"name": "entity_is_spawn",
							"tag": "follower4"
						},
						"expected": false	
					}],
					"logic": "and"
				}
			},
			"requirement": [
				["auto"]
			],
			"value": {
				"type": "text",
				"value": "Lex"
			}
		},
		{
			"type": "label",
			"tag": "six4-weap",
			"margin": {
				"left": 540,
				"top":450
			},
			"style": {
				"fontsize": 30
			},
			"trigger": {
				"auto": {
				"name": "testFor",
					"triggers": [{

						"name": "gang_affinity",
						"value": "faction_sixthstreet",
						"score": 40
					}, {
						"name": "compare",
						"trigger": {
							"name": "entity_is_spawn",
							"tag": "follower4"
						},
						"expected": false
					
					}],
					"logic": "and"
				}
			},
			"requirement": [
				["auto"]
			],
			"value": {
				"type": "text",
				"value": " Weapon: Long Range American Sniper (from America)"
			}
		},
		{
			"type": "button",
			"title": "Recruit Benjamin",
			"tag": "membership01_btn",
			"margin": {
				"left": 300,
				"top":150
			},
			"style": {
				"fontsize": 35,
				"width": 400,
				"height": 100
			},
			"trigger": {
				"check": {
					"name": "testFor",
					"triggers": [{

						"name": "gang_affinity",
						"value": "faction_sixthstreet",
						"score": 10
					}, {
						"name": "compare",
						"trigger": {
							"name": "entity_is_spawn",
							"tag": "follower1"
						},
					"expected": false	
					}],
					"logic": "and"
				}
			},
			"requirement": [
				["check"]
			],
			"action": [{
				"name": "wait_second",
					"value": 2
				}, {
					"name": "spawn_npc",
				"tag": "follower1",
				"spawnlevel": 36,
				"use_police_prevention_system": false,
				"group": "",
				"scriptlevel":0,
				"appearance": "none",
				"create_group_if_not_exist": false,
				"source": "npc",
				"source_helper": "npc||current_star||faction||current_district_leader||current_subdistrict_leader||district_leader||subdistrict_leader||random||from_list||district_rival||subdistrict_rival||current_district_rival||current_subdistrict_rival",
				"source_gang": "faction_mox",
				"source_tag": "Character.sts_hey_gle_06_6th_street_smg_ma",
				"source_tag_helper": "Character.Judy||faction_mox||district_westbrook||NorthOaks",
				"source_list": ["Character.Judy"],
				"source_use_vip": false,
				"source_use_rival": false,
				"position": "relative_to_entity",
				"position_helper": "at||relative_to_entity||node||player_look_at||poi||mappin||fasttravel||custom_place||custom_room",
				"position_change_helper": "Write 'current' in position_tag for get current node,mappin, fasttravel, custom_place or custom_room. \n For poi if you write 'current' in position_poi_district you will get the current district, \n if you write 'current in position_poi_subdistrict you will get the current subdistrict. \n also if you write 'random' in position_poi_subdistrict or position_poi_district, you will get an 'random' value",
				"position_range": 50,
				"position_lookatdistance":0,		
				"position_tag": "player",
				"position_tag_helper": "judy01||playerhouse01||playerhouse_bed||",
				"position_way": "behind",
				"position_way_helper": "normal||behind||forward",
				"position_poi_district": "",
				"position_poi_subdistrict": "",
				"position_poi_is_for_car": false,
				"position_poi_from_position": false,
				"position_poi_use_location_tag": false,	
				"position_poi_type": 1,
				"position_distance": 3,
				"position_house_way": "default",
				"position_house_way_helper": "default||enter||exit",
				"position_house_tag": "playerhouse01",	
				"position_node_usegameplay": false,
				"x": 2,
				"y": -2,
				"z":0
			}, {
				"name": "wait_second",
				"value": 2
			}, {
				"attitude": "companion",
				"entity": "player",
				"name": "attitude_entity_against_entity",
				"tag": "follower1"
			}, {
				"name": "wait_second",
				"value": 1
			}, {
				"entity": "player",
				"move": "Walk",
				"name": "move_entity_at_entity_relative",
				"tag": "follower1",
				"x": -2,
				"y": -1,
				"z": 0
			}, {
				"name": "play_entity_voice",
				"tag": "follower1",
				"voice": "greeting"
			}, {
				"name": "close_interface"
			}]
		},
		{
			"type": "button",
			"title": "Recruit Lt. Dan",
			"tag": "membership02_btn",
			"margin": {
				"left": 300,
				"top":250
			},
			"style": {
				"fontsize": 35,
				"width": 400,
				"height": 100
			},
			"trigger": {
				"check": {
				"name": "testFor",
					"triggers": [{

						"name": "gang_affinity",
						"value": "faction_sixthstreet",
						"score": 20
					}, {
						"name": "compare",
						"trigger": {
							"name": "entity_is_spawn",
							"tag": "follower2"
						},
						"expected": false
					}],
					"logic": "and"
				}
			},
			"requirement": [
				["check"]
			],
			"action": [{
				"name": "wait_second",
					"value": 2
				}, {
					"name": "spawn_npc",
				"tag": "follower2",
				"spawnlevel": 36,
				"use_police_prevention_system": false,
				"group": "",
				"scriptlevel":0,
				"appearance": "none",
				"create_group_if_not_exist": false,
				"source": "npc",
				"source_helper": "npc||current_star||faction||current_district_leader||current_subdistrict_leader||district_leader||subdistrict_leader||random||from_list||district_rival||subdistrict_rival||current_district_rival||current_subdistrict_rival",
				"source_gang": "faction_mox",
				"source_tag": "Character.sts_hey_gle_06_6th_street_officer",
				"source_tag_helper": "Character.Judy||faction_mox||district_westbrook||NorthOaks",
				"source_list": ["Character.Judy"],
				"source_use_vip": false,
				"source_use_rival": false,
				"position": "relative_to_entity",
				"position_helper": "at||relative_to_entity||node||player_look_at||poi||mappin||fasttravel||custom_place||custom_room",
				"position_change_helper": "Write 'current' in position_tag for get current node,mappin, fasttravel, custom_place or custom_room. \n For poi if you write 'current' in position_poi_district you will get the current district, \n if you write 'current in position_poi_subdistrict you will get the current subdistrict. \n also if you write 'random' in position_poi_subdistrict or position_poi_district, you will get an 'random' value",
				"position_range": 50,
				"position_lookatdistance":0,		
				"position_tag": "player",
				"position_tag_helper": "judy01||playerhouse01||playerhouse_bed||",
				"position_way": "behind",
				"position_way_helper": "normal||behind||forward",
				"position_poi_district": "",
				"position_poi_subdistrict": "",
				"position_poi_is_for_car": false,
				"position_poi_from_position": false,
				"position_poi_use_location_tag": false,	
				"position_poi_type": 1,
				"position_distance": 3,
				"position_house_way": "default",
				"position_house_way_helper": "default||enter||exit",
				"position_house_tag": "playerhouse01",	
				"position_node_usegameplay": false,
				"x": 2,
				"y": -2,
				"z":0
			}, {
				"name": "wait_second",
				"value": 2
			}, {
				"attitude": "companion",
				"entity": "player",
				"name": "attitude_entity_against_entity",
				"tag": "follower2"
			}, {
				"name": "wait_second",
				"value": 2
			}, {
				"entity": "player",
				"move": "Walk",
				"name": "move_entity_at_entity_relative",
				"tag": "follower2",
				"x": -2,
				"y": -1,
				"z": 0
			}, {
				"name": "play_entity_voice",
				"tag": "follower2",
				"voice": "greeting"
			}, {
				"name": "close_interface"
			}]
		},
		{
			"type": "button",
			"title": "Recruit Beatrix",
			"tag": "membership03_btn",
			"margin": {
				"left": 300,
				"top":350
			},
			"style": {
				"fontsize": 35,
				"width": 400,
				"height": 100
			},
			"trigger": {

				"check": {
					"name": "testFor",
					"triggers": [{

						"name": "gang_affinity",
						"value": "faction_sixthstreet",
						"score": 30
					}, {
						"name": "compare",
						"trigger": {
							"name": "entity_is_spawn",
							"tag": "follower3"
						},
						"expected": false
					}],
					"logic": "and"
				}
			},
			"requirement": [
				["check"]
			],
			"action": [{
				"name": "wait_second",
					"value": 4
				}, {
						"name": "spawn_npc",
				"tag": "follower4",
				"spawnlevel": 36,
				"use_police_prevention_system": false,
				"group": "",
				"scriptlevel":0,
				"appearance": "none",
				"create_group_if_not_exist": false,
				"source": "npc",
				"source_helper": "npc||current_star||faction||current_district_leader||current_subdistrict_leader||district_leader||subdistrict_leader||random||from_list||district_rival||subdistrict_rival||current_district_rival||current_subdistrict_rival",
				"source_gang": "faction_mox",
				"source_tag": "Character.mq008_6th_street_civ_judge_wa",
				"source_tag_helper": "Character.Judy||faction_mox||district_westbrook||NorthOaks",
				"source_list": ["Character.Judy"],
				"source_use_vip": false,
				"source_use_rival": false,
				"position": "relative_to_entity",
				"position_helper": "at||relative_to_entity||node||player_look_at||poi||mappin||fasttravel||custom_place||custom_room",
				"position_change_helper": "Write 'current' in position_tag for get current node,mappin, fasttravel, custom_place or custom_room. \n For poi if you write 'current' in position_poi_district you will get the current district, \n if you write 'current in position_poi_subdistrict you will get the current subdistrict. \n also if you write 'random' in position_poi_subdistrict or position_poi_district, you will get an 'random' value",
				"position_range": 50,
				"position_lookatdistance":0,		
				"position_tag": "player",
				"position_tag_helper": "judy01||playerhouse01||playerhouse_bed||",
				"position_way": "behind",
				"position_way_helper": "normal||behind||forward",
				"position_poi_district": "",
				"position_poi_subdistrict": "",
				"position_poi_is_for_car": false,
				"position_poi_from_position": false,
				"position_poi_use_location_tag": false,	
				"position_poi_type": 1,
				"position_distance": 3,
				"position_house_way": "default",
				"position_house_way_helper": "default||enter||exit",
				"position_house_tag": "playerhouse01",	
				"position_node_usegameplay": false,
				"x": 2,
				"y": -2,
				"z":0
			}, {
				"name": "wait_second",
				"value": 2
			}, {
				"attitude": "companion",
				"entity": "player",
				"name": "attitude_entity_against_entity",
				"tag": "follower3"
			}, {
				"name": "wait_second",
				"value": 2
			}, {
				"entity": "player",
				"move": "Walk",
				"name": "move_entity_at_entity_relative",
				"tag": "follower3",
				"x": -2,
				"y": -1,
				"z": 0
			}, {
				"name": "play_entity_voice",
				"tag": "follower3",
				"voice": "greeting"
			}, {
				"name": "close_interface"
			}]
		},
	{
			"type": "button",
			"title": "Recruit Lex",
			"tag": "membership_reset_btn",
			"margin": {
				"left": 300,
				"top":450
			},
			"style": {
				"fontsize": 35,
				"width": 400,
				"height": 100
			},
			"trigger": {
				"check": {
					"name": "testFor",
					"triggers": [{

						"name": "gang_affinity",
						"value": "faction_sixthstreet",
						"score": 40
					}, {
						"name": "compare",
						"trigger": {
							"name": "entity_is_spawn",
							"tag": "follower4"
						},
						"expected": false	
					}],
					"logic": "and"
				}
			},
			"requirement": [
				["check"]
			],
			"action": [
				{
					"name": "wait_second",
					"value": 5
				}, {
					"name": "spawn_npc",
				"tag": "follower4",
				"spawnlevel": 36,
				"use_police_prevention_system": false,
				"group": "",
				"scriptlevel":0,
				"appearance": "none",
				"create_group_if_not_exist": false,
				"source": "npc",
				"source_helper": "npc||current_star||faction||current_district_leader||current_subdistrict_leader||district_leader||subdistrict_leader||random||from_list||district_rival||subdistrict_rival||current_district_rival||current_subdistrict_rival",
				"source_gang": "faction_mox",
				"source_tag": "Character.sts_wbr_hil_06_6th_street_marksman_ma",
				"source_tag_helper": "Character.Judy||faction_mox||district_westbrook||NorthOaks",
				"source_list": ["Character.Judy"],
				"source_use_vip": false,
				"source_use_rival": false,
				"position": "relative_to_entity",
				"position_helper": "at||relative_to_entity||node||player_look_at||poi||mappin||fasttravel||custom_place||custom_room",
				"position_change_helper": "Write 'current' in position_tag for get current node,mappin, fasttravel, custom_place or custom_room. \n For poi if you write 'current' in position_poi_district you will get the current district, \n if you write 'current in position_poi_subdistrict you will get the current subdistrict. \n also if you write 'random' in position_poi_subdistrict or position_poi_district, you will get an 'random' value",
				"position_range": 50,
				"position_lookatdistance":0,		
				"position_tag": "player",
				"position_tag_helper": "judy01||playerhouse01||playerhouse_bed||",
				"position_way": "behind",
				"position_way_helper": "normal||behind||forward",
				"position_poi_district": "",
				"position_poi_subdistrict": "",
				"position_poi_is_for_car": false,
				"position_poi_from_position": false,
				"position_poi_use_location_tag": false,	
				"position_poi_type": 1,
				"position_distance": 3,
				"position_house_way": "default",
				"position_house_way_helper": "default||enter||exit",
				"position_house_tag": "playerhouse01",	
				"position_node_usegameplay": false,
				"x": 2,
				"y": -2,
				"z":0
				}, {
					"name": "wait_second",
					"value": 2
				}, {
					"attitude": "companion",
					"entity": "player",
					"name": "attitude_entity_against_entity",
					"tag": "follower4"
				}, {
					"name": "wait_second",
					"value": 2
				}, {
					"entity": "player",
					"move": "Walk",
					"name": "move_entity_at_entity_relative",
					"tag": "follower4",
					"x": -2,
					"y": -1,
					"z": 0
				}, {
					"name": "play_entity_voice",
					"tag": "follower4",
					"voice": "greeting"
				}, {
					"name": "close_interface"
				}
			]
		}
	]
}