{
	"title": "Recruit Your NCPD Units",
	"tag": "Crew_ncpd",
	"width": 500,
	"heigh": 500,
	"x": 200,
	"y": 200,
	"controls": [
		{
			"type": "label",
			"tag": "tracie",
			"margin": {
				"left": 540,
				"top":100
			},
			"style": {
				"fontsize": 45
			},
			"trigger": {
				"affin1": {
					"name": "testFor",
					"triggers": [{

						"name": "gang_affinity",
						"value": "faction_ncpd",
						"score": 10
					}, {
						"name": "compare",
						"trigger": {
							"name": "entity_is_spawn",
							"tag": "follower1"
						},
						"expected": false
					}],
					"logic": "and"
				}
			},
			"requirement": [
				["affin1"]
			],
			"value": {
				"type": "text",
				"value": "Cpt. Callahan"
			}
		},
		{
			"type": "label",
			"tag": "Callahan-weap",
			"margin": {
				"left": 540,
				"top":150
			},
			"style": {
				"fontsize": 30
			},
			"trigger": {
				"auto": {
					"name": "testFor",
					"triggers": [{

						"name": "gang_affinity",
						"value": "faction_ncpd",
						"score": 10
					}, {
						"name": "compare",
						"trigger": {
							"name": "entity_is_spawn",
							"tag": "follower1"
						},
						"expected": false

					}],
					"logic": "and"
				}
			},
			"requirement": [
				["auto"]
			],
			"value": {
				"type": "text",
				"value": " Weapon: Omaha Pistol"
			}
		},
		{
			"type": "label",
			"tag": " Mjr",
			"margin": {
				"left": 540,
				"top":200
			},
			"style": {
				"fontsize": 45
			},
			"trigger": {
				"auto": {
					"name": "testFor",
					"triggers": [{

						"name": "gang_affinity",
						"value": "faction_ncpd",
						"score": 20
					}, {
						"name": "compare",
						"trigger": {
							"name": "entity_is_spawn",
							"tag": "follower2"
						},
						"expected": false
					}],
				"logic": "and"
				}
			},
			"requirement": [
				["auto"]
			],
			"value": {
				"type": "text",
				"value": "Corporal Madison"
			}
		},
		{
			"type": "label",
			"tag": "mjr-weap",
			"margin": {
				"left": 540,
				"top":250
			},
			"style": {
				"fontsize": 30
			},
			"trigger": {
				"auto": {
					"name": "testFor",
					"triggers": [{
						"name": "gang_affinity",
						"value": "faction_ncpd",
						"score": 20
					}, {
						"name": "compare",
						"trigger": {
							"name": "entity_is_spawn",
							"tag": "follower2"
						},
						"expected": false

					}],
					"logic": "and"
				}
			},
			"requirement": [
				["auto"]
			],
			"value": {
				"type": "text",
				"value": " Weapon: Saratoga"
			}
		},
		{
			"type": "label",
			"tag": "Sergant",
			"margin": {
				"left": 540,
				"top":300
			},
			"style": {
				"fontsize": 45
			},
			"trigger": {
				"auto": {
					"name": "testFor",
					"triggers": [{
						"name": "gang_affinity",
						"value": "faction_ncpd",
						"score": 30
					}, {
						"name": "compare",
						"trigger": {
							"name": "entity_is_spawn",
							"tag": "follower3"
						},
						"expected": false
					}],
					"logic": "and"
				}
			},
			"requirement": [
				["auto"]
			],
			"value": {
				"type": "text",
				"value": "Sergeant Romina "
			}
		},
		{
			"type": "label",
			"tag": "Romina-weap",
			"margin": {
				"left": 540,
				"top":350
			},
			"style": {
				"fontsize": 30
			},
			"trigger": {
				"auto": {
					"name": "testFor",
					"triggers": [{

						"name": "gang_affinity",
						"value": "faction_ncpd",
						"score": 30
					}, {
						"name": "compare",
						"trigger": {
							"name": "entity_is_spawn",
							"tag": "follower3"
						},
						"expected": false

					}],
					"logic": "and"
				}
			},
			"requirement": [
				["auto"]
			],
			"value": {
				"type": "text",
				"value": " Weapon: Copperhead Rifle"
			}
		},
		{
			"type": "label",
			"tag": "bot",
			"margin": {
				"left": 540,
				"top":400
			},
			"style": {
				"fontsize": 45
			},
			"trigger": {
				"auto": {
					"name": "testFor",
					"triggers": [{

						"name": "gang_affinity",
						"value": "faction_ncpd",
						"score": 40
					}, {
						"name": "compare",
						"trigger": {
							"name": "entity_is_spawn",
							"tag": "follower4"
						},
						"expected": false

					}],
					"logic": "and"
				}
			},
			"requirement": [
				["auto"]
			],
			"value": {
				"type": "text",
				"value": "NCPD Android Unit 626"
			}
		},
		{
			"type": "label",
			"tag": "Jessica-weap",
			"margin": {
				"left": 540,
				"top":450
			},
			"style": {
				"fontsize": 30
			},
			"trigger": {
				"auto": {
					"name": "testFor",
					"triggers": [{

						"name": "gang_affinity",
						"value": "faction_ncpd",
						"score": 40
					}, {
						"name": "compare",
						"trigger": {
							"name": "entity_is_spawn",
							"tag": "follower4"
						},
						"expected": false

					}],
					"logic": "and"
				}
			},
			"requirement": [
				["auto"]
			],
			"value": {
				"type": "text",
				"value": " Weapon: Brute force & Ajax Assault Rifle"
			}
		},
	{
			"type": "button",
			"title": "Recruit Callahan",
			"tag": "nmembership01_btn",
			"style": {
				"fontsize": 35,
				"width": 400,
				"height": 100
			},
			"margin": {
				"left": 300,
				"top":150
			},
			"trigger": {
				"check": {
					"name": "testFor",
					"triggers": [{

						"name": "gang_affinity",
						"value": "faction_ncpd",
						"score": 10
					}, {
						"name": "compare",
						"trigger": {
							"name": "entity_is_spawn",
							"tag": "follower1"
						},
						"expected": false
					}],
					"logic": "and"
				}
			},
			"requirement": [
				["check"]
			],
			"action": [{
				"name": "wait_second",
				"value": 2
			}, {
				"name": "spawn_npc",
				"tag": "follower1",
				"spawnlevel": 36,
				"use_police_prevention_system": false,
				"group": "",
				"scriptlevel":0,
				"appearance": "none",
				"create_group_if_not_exist": false,
				"source": "npc",
				"source_helper": "npc||current_star||faction||current_district_leader||current_subdistrict_leader||district_leader||subdistrict_leader||random||from_list||district_rival||subdistrict_rival||current_district_rival||current_subdistrict_rival",
				"source_gang": "faction_mox",
				"source_tag": "Character.nid_ncpd_investigator_officer_omaha_ma",
				"source_tag_helper": "Character.Judy||faction_mox||district_westbrook||NorthOaks",
				"source_list": ["Character.Judy"],
				"source_use_vip": false,
				"source_use_rival": false,
				"position": "relative_to_entity",
				"position_helper": "at||relative_to_entity||node||player_look_at||poi||mappin||fasttravel||custom_place||custom_room",
				"position_change_helper": "Write 'current' in position_tag for get current node,mappin, fasttravel, custom_place or custom_room. \n For poi if you write 'current' in position_poi_district you will get the current district, \n if you write 'current in position_poi_subdistrict you will get the current subdistrict. \n also if you write 'random' in position_poi_subdistrict or position_poi_district, you will get an 'random' value",
				"position_range": 50,
				"position_lookatdistance":0,		
				"position_tag": "player",
				"position_tag_helper": "judy01||playerhouse01||playerhouse_bed||",
				"position_way": "behind",
				"position_way_helper": "normal||behind||forward",
				"position_poi_district": "",
				"position_poi_subdistrict": "",
				"position_poi_is_for_car": false,
				"position_poi_from_position": false,
				"position_poi_use_location_tag": false,	
				"position_poi_type": 1,
				"position_distance": 3,
				"position_house_way": "default",
				"position_house_way_helper": "default||enter||exit",
				"position_house_tag": "playerhouse01",	
				"position_node_usegameplay": false,
				"x": 2,
				"y": -2,
				"z":0
			}, {
				"name": "wait_second",
				"value": 2
			}, {
				"attitude": "companion",
				"entity": "player",
				"name": "attitude_entity_against_entity",
				"tag": "follower1"
			}, {
				"name": "wait_second",
				"value": 1
			}, {
				"entity": "player",
				"move": "Walk",
				"name": "move_entity_at_entity_relative",
				"tag": "follower1",
				"x": -2,
				"y": -1,
				"z": 0
			}, {
				"name": "play_entity_voice",
				"tag": "follower1",
				"voice": "greeting"
			}, {
				"name": "close_interface"
			}]
		},
		{
			"type": "button",
			"title": "Recruit Madison",
			"tag": "nmembership02_btn",
			"margin": {
				"left": 300,
				"top":250
			},
			"style": {
				"fontsize": 35,
				"width": 400,
				"height": 100
			},
			"trigger": {
				"check": {
					"name": "testFor",
					"triggers": [{

						"name": "gang_affinity",
						"value": "faction_ncpd",
						"score": 20
					}, {
						"name": "compare",
						"trigger": {
							"name": "entity_is_spawn",
							"tag": "follower2"
						},
						"expected": false

					}],
					"logic": "and"
				}
			},
			"requirement": [
				["check"]
			],
			"action": [{
				"name": "wait_second",
				"value": 6
			}, {
				"name": "spawn_npc",
				"tag": "follower2",
				"spawnlevel": 36,
				"use_police_prevention_system": false,
				"group": "",
				"scriptlevel":0,
				"appearance": "none",
				"create_group_if_not_exist": false,
				"source": "npc",
				"source_helper": "npc||current_star||faction||current_district_leader||current_subdistrict_leader||district_leader||subdistrict_leader||random||from_list||district_rival||subdistrict_rival||current_district_rival||current_subdistrict_rival",
				"source_gang": "faction_mox",
				"source_tag": "Character.spr_ncpd_police_ranged2_saratoga_wa",
				"source_tag_helper": "Character.Judy||faction_mox||district_westbrook||NorthOaks",
				"source_list": ["Character.Judy"],
				"source_use_vip": false,
				"source_use_rival": false,
				"position": "relative_to_entity",
				"position_helper": "at||relative_to_entity||node||player_look_at||poi||mappin||fasttravel||custom_place||custom_room",
				"position_change_helper": "Write 'current' in position_tag for get current node,mappin, fasttravel, custom_place or custom_room. \n For poi if you write 'current' in position_poi_district you will get the current district, \n if you write 'current in position_poi_subdistrict you will get the current subdistrict. \n also if you write 'random' in position_poi_subdistrict or position_poi_district, you will get an 'random' value",
				"position_range": 50,
				"position_lookatdistance":0,		
				"position_tag": "player",
				"position_tag_helper": "judy01||playerhouse01||playerhouse_bed||",
				"position_way": "behind",
				"position_way_helper": "normal||behind||forward",
				"position_poi_district": "",
				"position_poi_subdistrict": "",
				"position_poi_is_for_car": false,
				"position_poi_from_position": false,
				"position_poi_use_location_tag": false,	
				"position_poi_type": 1,
				"position_distance": 3,
				"position_house_way": "default",
				"position_house_way_helper": "default||enter||exit",
				"position_house_tag": "playerhouse01",	
				"position_node_usegameplay": false,
				"x": 2,
				"y": -2,
				"z":0
			}, {
				"name": "wait_second",
				"value": 2
			}, {
				"attitude": "companion",
				"entity": "player",
				"name": "attitude_entity_against_entity",
				"tag": "follower2"
			}, {
				"name": "wait_second",
				"value": 2
			}, {
				"entity": "player",
				"move": "Walk",
				"name": "move_entity_at_entity_relative",
				"tag": "follower2",
				"x": -2,
				"y": -1,
				"z": 0
			}, {
				"name": "play_entity_voice",
				"tag": "follower2",
				"voice": "greeting"
			}, {
				"name": "close_interface"
			}]
		},
		{
			"type": "button",
			"title": "Recruit Romina",
			"tag": "nmembership03_btn",
			"margin": {
				"left": 300,
				"top":350
			},
			"style": {
				"fontsize": 35,
				"width": 400,
				"height": 100
			},
			"trigger": {
				"check": {
					"name": "testFor",
					"triggers": [{

						"name": "gang_affinity",
						"value": "faction_ncpd",
						"score": 30
					}, {
						"name": "compare",
						"trigger": {
							"name": "entity_is_spawn",
							"tag": "follower3"
						},
						"expected": false

					}],
					"logic": "and"
				}
			},
			"requirement": [
				["check"]
			],
			"action": [{
				"name": "wait_second",
				"value": 8
			}, {
				"name": "spawn_npc",
				"tag": "follower3",
				"spawnlevel": 36,
				"use_police_prevention_system": false,
				"group": "",
				"scriptlevel":0,
				"appearance": "none",
				"create_group_if_not_exist": false,
				"source": "npc",
				"source_helper": "npc||current_star||faction||current_district_leader||current_subdistrict_leader||district_leader||subdistrict_leader||random||from_list||district_rival||subdistrict_rival||current_district_rival||current_subdistrict_rival",
				"source_gang": "faction_mox",
				"source_tag": "Character.nid_ncpd_police_ranged2_copperhead_wa",
				"source_tag_helper": "Character.Judy||faction_mox||district_westbrook||NorthOaks",
				"source_list": ["Character.Judy"],
				"source_use_vip": false,
				"source_use_rival": false,
				"position": "relative_to_entity",
				"position_helper": "at||relative_to_entity||node||player_look_at||poi||mappin||fasttravel||custom_place||custom_room",
				"position_change_helper": "Write 'current' in position_tag for get current node,mappin, fasttravel, custom_place or custom_room. \n For poi if you write 'current' in position_poi_district you will get the current district, \n if you write 'current in position_poi_subdistrict you will get the current subdistrict. \n also if you write 'random' in position_poi_subdistrict or position_poi_district, you will get an 'random' value",
				"position_range": 50,
				"position_lookatdistance":0,		
				"position_tag": "player",
				"position_tag_helper": "judy01||playerhouse01||playerhouse_bed||",
				"position_way": "behind",
				"position_way_helper": "normal||behind||forward",
				"position_poi_district": "",
				"position_poi_subdistrict": "",
				"position_poi_is_for_car": false,
				"position_poi_from_position": false,
				"position_poi_use_location_tag": false,	
				"position_poi_type": 1,
				"position_distance": 3,
				"position_house_way": "default",
				"position_house_way_helper": "default||enter||exit",
				"position_house_tag": "playerhouse01",	
				"position_node_usegameplay": false,
				"x": 2,
				"y": -2,
				"z":0
			}, {
				"name": "wait_second",
				"value": 2
			}, {
				"attitude": "companion",
				"entity": "player",
				"name": "attitude_entity_against_entity",
				"tag": "follower3"
			}, {
				"name": "wait_second",
				"value": 2
			}, {
				"entity": "player",
				"move": "Walk",
				"name": "move_entity_at_entity_relative",
				"tag": "follower3",
				"x": -2,
				"y": -1,
				"z": 0
			}, {
				"name": "play_entity_voice",
				"tag": "follower3",
				"voice": "greeting"
			}, {
				"name": "close_interface"
			}]
		},
		{
			"type": "button",
			"title": "Recruit 626",
			"tag": "membership_reset_btn",
			"margin": {
				"left": 300,
				"top":450
			},
			"style": {
				"fontsize": 35,
				"width": 400,
				"height": 100
			},
			"trigger": {

				"check": {
					"name": "testFor",
					"triggers": [{

						"name": "gang_affinity",
						"value": "faction_ncpd",
						"score": 40
					}, {
						"name": "compare",
						"trigger": {
							"name": "entity_is_spawn",
							"tag": "follower4"
						},
						"expected": false
					}],
					"logic": "and"
				}
			},
			"requirement": [
				["check"]
			],
			"action": [
				{
					"name": "wait_second",
					"value": 10
				}, {
						"name": "spawn_npc",
				"tag": "follower4",
				"spawnlevel": 36,
				"use_police_prevention_system": false,
				"group": "",
				"scriptlevel":0,
				"appearance": "none",
				"create_group_if_not_exist": false,
				"source": "npc",
				"source_helper": "npc||current_star||faction||current_district_leader||current_subdistrict_leader||district_leader||subdistrict_leader||random||from_list||district_rival||subdistrict_rival||current_district_rival||current_subdistrict_rival",
				"source_gang": "faction_mox",
				"source_tag": "Character.nok_ncpd_android_android2_ajax_ma",
				"source_tag_helper": "Character.Judy||faction_mox||district_westbrook||NorthOaks",
				"source_list": ["Character.Judy"],
				"source_use_vip": false,
				"source_use_rival": false,
				"position": "relative_to_entity",
				"position_helper": "at||relative_to_entity||node||player_look_at||poi||mappin||fasttravel||custom_place||custom_room",
				"position_change_helper": "Write 'current' in position_tag for get current node,mappin, fasttravel, custom_place or custom_room. \n For poi if you write 'current' in position_poi_district you will get the current district, \n if you write 'current in position_poi_subdistrict you will get the current subdistrict. \n also if you write 'random' in position_poi_subdistrict or position_poi_district, you will get an 'random' value",
				"position_range": 50,
				"position_lookatdistance":0,		
				"position_tag": "player",
				"position_tag_helper": "judy01||playerhouse01||playerhouse_bed||",
				"position_way": "behind",
				"position_way_helper": "normal||behind||forward",
				"position_poi_district": "",
				"position_poi_subdistrict": "",
				"position_poi_is_for_car": false,
				"position_poi_from_position": false,
				"position_poi_use_location_tag": false,	
				"position_poi_type": 1,
				"position_distance": 3,
				"position_house_way": "default",
				"position_house_way_helper": "default||enter||exit",
				"position_house_tag": "playerhouse01",	
				"position_node_usegameplay": false,
				"x": 2,
				"y": -2,
				"z": 0
				}, {
					"name": "wait_second",
					"value": 2
				}, {
					"attitude": "companion",
					"entity": "player",
					"name": "attitude_entity_against_entity",
					"tag": "follower4"
				}, {
					"name": "wait_second",
					"value": 2
				}, {
					"entity": "player",
					"move": "Walk",
					"name": "move_entity_at_entity_relative",
					"tag": "follower4",
					"x": -2,
					"y": -1,
					"z": 0
				}, {
					"name": "play_entity_voice",
					"tag": "follower4",
					"voice": "greeting"
				}, {
					"name": "close_interface"
				}
			]
		}
	]
}