{
	"title":"Delamain Services",
	"tag":"del_service_ui",
	"width":500,
	"heigh":500,
	"x":200,
	"y":200,
	
	"controls":
	[	
		{	
			"type":"label",
			"tag":"title_label",
			"trigger":
			{
				"auto":
				{
					"name":"auto"
				}
				
			},
			"margin":{
				"left":540
			},
			"style":{
				"fontsize":55
			},
			"requirement":[["auto"]],
			"value":
			{
				"type":"text",
				"value":"What do you want to do ?"
			}
		},
		{	
			"type":"linebreak"
		
		},
		
	
		
		
		
		
		
		
		
		
		
		
		
		
		
		
	
		{	
			"type":"button",
			"title":"Call Taxi (500$)",
			"tag":"del01_btn",
			"style":{
				"fontsize":35,
				"width":800,
				"height":100
			},
			"margin":{
				"top":200,
				"left":900
			},
			"trigger":
			{
				
				"money":
				{
					"name": "auto"
					
				}
				
			},
			"requirement":[["money"]],
			"action":
			[	
				{
					"name": "close_interface",
					"helper": "This action will close the current interface",
					"helperTitle": "Interface : Close custom interface"
				},
				{
					"name": "do_function",
					"value": "del_taxi_service",
					"helper": "This action will fire an function",
					"helperTitle": "Function : Do an function"
				}
			]
		},
		
		
		{	
			"type":"button",
			"title":"Call AV Tour Taxi (1000$)",
			"tag":"del02_btn",
			"style":{
				"fontsize":35,
				"width":800,
				"height":100
			},
			"margin":{
				"top":300,
				"left":900
			},
			"trigger":
			{
				
				"money":
				{
					"name": "auto"
					
				}
				
			},
			"requirement":[["money"]],
			"action":
			[	
				{
					"name": "close_interface",
					"helper": "This action will close the current interface",
					"helperTitle": "Interface : Close custom interface"
				},
				{
					"name": "do_function",
					"value": "del_av_service_01",
					"helper": "This action will fire an function",
					"helperTitle": "Function : Do an function"
				}
			]
		},
		
		{	
			"type":"button",
			"title":"Call AV Standard Taxi (2000$)",
			"tag":"del03_btn",
			"style":{
				"fontsize":35,
				"width":800,
				"height":100
			},
			"margin":{
				"top":400,
				"left":900
			},
			"trigger":
			{
				
				"money":
				{
					"name": "auto"
					
				}
				
			},
			"requirement":[["money"]],
			"action":
			[	
				{
					"name": "close_interface",
					"helper": "This action will close the current interface",
					"helperTitle": "Interface : Close custom interface"
				},
				{
					"name": "do_function",
					"value": "del_av_service_02",
					"helper": "This action will fire an function",
					"helperTitle": "Function : Do an function"
				}
			]
		},
		
		{	
			"type":"button",
			"title":"Call AV Premium Taxi (5000$)",
			"tag":"del04_btn",
			"style":{
				"fontsize":35,
				"width":800,
				"height":100
			},
			"margin":{
				"top":500,
				"left":900
			},
			"trigger":
			{
				
				"money":
				{
					"name": "auto"
					
				}
				
			},
			"requirement":[["money"]],
			"action":
			[	
				{
					"name": "close_interface",
					"helper": "This action will close the current interface",
					"helperTitle": "Interface : Close custom interface"
				},
				{
					"name": "do_function",
					"value": "del_av_service_03",
					"helper": "This action will fire an function",
					"helperTitle": "Function : Do an function"
				}
			]
		}
	]
	
}