{
	"width": 700,
	"title": "Join The Maelstrom",
	"heigh": 700,
	"y": 200,
	"tag": "mael_ui",
	"x": 200,
	"controls": [{
		"tag": "line1",
		"requirement": [],
		"parent": "",
		"margin": {
			"left": 200
		},
		"style": {
			"fontsize": 40
		},
		"textcolor": {
			"red": 245,
			"green": 95,
			"blue": 3,
			"opacity": 13
		},
		"title": "",
		"value": {
			"type": "text",
			"value": "Help the Maelstrom get a better Reputation in Night City. "
		},
		"type": "label",
		"action": [],
		"bgcolor": {
			"red": 217,
			"green": 21,
			"blue": 203,
			"opacity": 20
		},
		"trigger": {
			"a": {
				"helperTitle": "Auto",
				"name": "auto",
				"helper": "This trigger will be triggered without need anything (default)"
			}
		}
	}, {

		"tag": "line2",
		"requirement": [],
		"parent": "",
		"margin": {
			"left": 200,
			"top": 100

		},
		"style": {
			"fontsize": 40
		},
		"textcolor": {
			"red": 245,
			"green": 95,
			"blue": 3,
			"opacity": 13
		},
		"title": "",
		"value": {
			"type": "text",
			"value": "Joining Maelstrom grants the following: "
		},
		"type": "label",
		"action": [],
		"bgcolor": {
			"red": 217,
			"green": 21,
			"blue": 203,
			"opacity": 20
		},
		"trigger": {
			"a": {
				"helperTitle": "Auto",
				"name": "auto",
				"helper": "This trigger will be triggered without need anything (default)"
			}
		}
	}, {

		"tag": "line3",
		"requirement": [],
		"parent": "",
		"margin": {
			"left": 200,
			"top": 175

		},
		"style": {
			"fontsize": 40
		},
		"textcolor": {
			"red": 245,
			"green": 95,
			"blue": 3,
			"opacity": 13
		},
		"title": "",
		"value": {
			"type": "text",
			"value": "-  +20 to Affinity for this gang"
		},
		"type": "label",
		"action": [],
		"bgcolor": {
			"red": 217,
			"green": 21,
			"blue": 203,
			"opacity": 20
		},
		"trigger": {
			"a": {
				"helperTitle": "Auto",
				"name": "auto",
				"helper": "This trigger will be triggered without need anything (default)"
			}
		}

	}, {

		"tag": "line4",
		"requirement": [],
		"parent": "",
		"margin": {
			"left": 200,
			"top": 225

		},
		"style": {
			"fontsize": 40
		},
		"textcolor": {
			"red": 245,
			"green": 95,
			"blue": 3,
			"opacity": 13
		},
		"title": "",
		"value": {
			"type": "text",
			"value": "-  +20 to Current Subdistrict Score the Fixer is in"
		},
		"type": "label",
		"action": [],
		"bgcolor": {
			"red": 217,
			"green": 21,
			"blue": 203,
			"opacity": 20
		},
		"trigger": {
			"a": {
				"helperTitle": "Auto",
				"name": "auto",
				"helper": "This trigger will be triggered without need anything (default)"
			}
		}
	}, {

		"tag": "line5",
		"requirement": [],
		"parent": "",
		"margin": {
			"left": 200,
			"top": 280

		},
		"style": {
			"fontsize": 40
		},
		"textcolor": {
			"red": 245,
			"green": 95,
			"blue": 3,
			"opacity": 13
		},
		"title": "",
		"value": {
			"type": "text",
			"value": "- A large sum of negative affinity will be applied to the Rival of this gang"
		},
		"type": "label",
		"action": [],
		"bgcolor": {
			"red": 217,
			"green": 21,
			"blue": 203,
			"opacity": 20
		},
		"trigger": {
			"a": {
				"helperTitle": "Auto",
				"name": "auto",
				"helper": "This trigger will be triggered without need anything (default)"
			}
		}
	}, {}, {

		"tag": "line6",
		"requirement": [],
		"parent": "",
		"margin": {
			"left": 200,
			"top": 330

		},
		"style": {
			"fontsize": 40
		},
		"textcolor": {
			"red": 245,
			"green": 95,
			"blue": 3,
			"opacity": 13
		},
		"title": "",
		"value": {
			"type": "text",
			"value": "-  Gang-Inspired Set of Clothing"
		},
		"type": "label",
		"action": [],
		"bgcolor": {
			"red": 217,
			"green": 21,
			"blue": 203,
			"opacity": 20
		},
		"trigger": {
			"a": {
				"helperTitle": "Auto",
				"name": "auto",
				"helper": "This trigger will be triggered without need anything (default)"
			}
		}
	}, {
		"tweak": "",
		"tag": "joinma",
		"requirement": [
			["aaa"]
		],
		"style": {
			"fontsize": 30,
			"width": 420,
			"height": 280
		},
		"margin": {
			"right": 415,
			"top": 590,
			"left": 842
		},
		"parent": "",
		"textcolor": {
			"red": 210,
			"green": 0,
			"blue": 0,
			"opacity": 0
		},
		"title": "Join the Maelstrom",
		"value": {
			"type": ""
		},
		"type": "button",
		"action": [{
			"helper": "This action will set the Player's current Faction",
			"helperTitle": "Player : Current Gang",
			"name": "set_player_current_gang",
			"tag": "faction_maelstrom"
			
			}, {
			"name": "wait_second",
			"value": 2,
			"help": "Wait x second"

		}, {
			"name": "close_interface"
		}, {
			"name": "wait_second",
			"value": 2,
			"help": "Wait x second"
		}, {

			"name": "wait_for_trigger",
			"trigger": {
				"name": "player_current_gang",
				"value": "faction_maelstrom"
			}

		
		}, {
			"name": "gang_affinity",
			"value": "faction_maelstrom",
			"score": 20
		}, {
			"name": "gang_affinity",
			"value": "faction_tygerclaws",
			"score": 10
		}, {
			"name": "gang_affinity",
			"value": "faction_scavengers",
		"score": -30
		}, {
			"name": "gang_affinity",
			"value": "faction_afterlife",
			"score": -20
		}, {
			"name": "gang_affinity",
			"value": "faction_maxtac",
			"score": -30
		}, {
			"name": "gang_affinity",
		"value": "faction_mox",
		"score": -15
		}, {
			"name": "gang_affinity",
		"value": 	"faction_militech",
		"score": -15
		}, {
			
		
			"name": "add_gang_district_score",
		"faction": "faction_maelstrom",
		"district": "district_watson",
		"value": 20
		}, {
			"name": "add_gang_currentsubdistrict_score",
		"faction": "faction_maelstrom",
		"value": 20
		
		
		}, {
			"name": "if",
		"trigger": {
		"name": "player_gender",
		"value": "male"
		},
		"if_action": [{
				
				
			"name": "give_item",
				"value": "Items.Scarf_02_basic_01",
				"amount": 1
			},
			{
				"name": "give_item",
				"value": "Items.Solo_01_Set_Visor",
				"amount": 1
			},
			{
				"name": "give_item",
				"value": "Items.Jacket_08_basic_02",
				"amount": 1
			},
			{
				
				"name": "give_item",
				"value": "Items.TShirt_10_basic_01",
				"amount": 1
			},
			{
				"name": "give_item",
				"value": "Items.Pants_07_old_03",
				"amount": 1
			},
			{
				
				"name": "give_item",
				"value": "Items.Boots_04_basic_01",
				"amount": 1
			}
		],
		"else_action": [{
				"name": "give_item",
				"value": "Items.Scarf_02_old_01",
				"amount": 1
			},
			{
				"name": "give_item",
				"value": "Items.Glasses_05_old_02",
				"amount": 1
			},
			{
				"name": "give_item",
				"value": "Items.Jacket_08_old_02",
				"amount": 1
			},
			{
				
				"name": "give_item",
				"value": "Items.Fixer_01_Set_TShirt",
				"amount": 1
			},
			{
				"name": "give_item",
				"value": "Items.Pants_07_old_03",
				"amount": 1
			},
			{
				"name": "give_item",
				"value": "Items.Boots_04_old_02",
				"amount": 1
			
			}
		]
			}, {
			"name": "do_event",
		"value": "GNC_reaction_system"
		}],
		"bgcolor": {
			"red": 90,
			"green": 0,
			"blue": 0,
			"opacity": 20
		},
		"trigger": {
			"aaa": {
				"helperTitle": "Auto",
				"name": "auto",
				"helper": "This trigger will be triggered without need anything (default)"
			}
		}
	}]
}