{
	"width": 700,
	"title": "Join The Scavengers",
	"heigh": 700,
	"y": 200,
	"tag": "scavs_ui",
	"x": 200,
	"controls": [{
		"tag": "line1",
		"requirement": [],
		"parent": "",
		"margin": {
			"left": 200
		},
		"style": {
			"fontsize": 40
		},
		"textcolor": {
			"red": 245,
			"green": 95,
			"blue": 3,
			"opacity": 13
		},
		"title": "",
		"value": {
			"type": "text",
			"value": "Help the Scavengers get a better Reputation in Night City. "
		},
		"type": "label",
		"action": [],
		"bgcolor": {
			"red": 217,
			"green": 21,
			"blue": 203,
			"opacity": 20
		},
		"trigger": {
			"a": {
				"helperTitle": "Auto",
				"name": "auto",
				"helper": "This trigger will be triggered without need anything (default)"
			}
		}
	}, {

		"tag": "line2",
		"requirement": [],
		"parent": "",
		"margin": {
			"left": 200,
			"top": 100

		},
		"style": {
			"fontsize": 40
		},
		"textcolor": {
			"red": 245,
			"green": 95,
			"blue": 3,
			"opacity": 13
		},
		"title": "",
		"value": {
			"type": "text",
			"value": "Joining Scavs grants the following: "
		},
		"type": "label",
		"action": [],
		"bgcolor": {
			"red": 217,
			"green": 21,
			"blue": 203,
			"opacity": 20
		},
		"trigger": {
			"a": {
				"helperTitle": "Auto",
				"name": "auto",
				"helper": "This trigger will be triggered without need anything (default)"
			}
		}
	}, {

		"tag": "line3",
		"requirement": [],
		"parent": "",
		"margin": {
			"left": 200,
			"top": 175

		},
		"style": {
			"fontsize": 40
		},
		"textcolor": {
			"red": 245,
			"green": 95,
			"blue": 3,
			"opacity": 13
		},
		"title": "",
		"value": {
			"type": "text",
			"value": "-  +20 to Affinity for this gang"
		},
		"type": "label",
		"action": [],
		"bgcolor": {
			"red": 217,
			"green": 21,
			"blue": 203,
			"opacity": 20
		},
		"trigger": {
			"a": {
				"helperTitle": "Auto",
				"name": "auto",
				"helper": "This trigger will be triggered without need anything (default)"
			}
		}

	}, {

		"tag": "line4",
		"requirement": [],
		"parent": "",
		"margin": {
			"left": 200,
			"top": 225

		},
		"style": {
			"fontsize": 40
		},
		"textcolor": {
			"red": 245,
			"green": 95,
			"blue": 3,
			"opacity": 13
		},
		"title": "",
		"value": {
			"type": "text",
			"value": "-  +20 to Current Subdistrict Score the Fixer is in"
		},
		"type": "label",
		"action": [],
		"bgcolor": {
			"red": 217,
			"green": 21,
			"blue": 203,
			"opacity": 20
		},
		"trigger": {
			"a": {
				"helperTitle": "Auto",
				"name": "auto",
				"helper": "This trigger will be triggered without need anything (default)"
			}
		}
	}, {

		"tag": "line5",
		"requirement": [],
		"parent": "",
		"margin": {
			"left": 200,
			"top": 280

		},
		"style": {
			"fontsize": 40
		},
		"textcolor": {
			"red": 245,
			"green": 95,
			"blue": 3,
			"opacity": 13
		},
		"title": "",
		"value": {
			"type": "text",
			"value": "- A large sum of negative affinity will be applied to the Rival of this gang"
		},
		"type": "label",
		"action": [],
		"bgcolor": {
			"red": 217,
			"green": 21,
			"blue": 203,
			"opacity": 20
		},
		"trigger": {
			"a": {
				"helperTitle": "Auto",
				"name": "auto",
				"helper": "This trigger will be triggered without need anything (default)"
			}
		}
	}, {}, {

		"tag": "line6",
		"requirement": [],
		"parent": "",
		"margin": {
			"left": 200,
			"top": 330

		},
		"style": {
			"fontsize": 40
		},
		"textcolor": {
			"red": 245,
			"green": 95,
			"blue": 3,
			"opacity": 13
		},
		"title": "",
		"value": {
			"type": "text",
			"value": "-  Gang-Inspired Set of Clothing"
		},
		"type": "label",
		"action": [],
		"bgcolor": {
			"red": 217,
			"green": 21,
			"blue": 203,
			"opacity": 20
		},
		"trigger": {
			"a": {
				"helperTitle": "Auto",
				"name": "auto",
				"helper": "This trigger will be triggered without need anything (default)"
			}
		}
	}, {
		"tweak": "",
		"tag": "joins",
		"requirement": [
			["aaa"]
		],
		"style": {
			"fontsize": 30,
			"width": 420,
			"height": 280
		},
		"margin": {
			"right": 415,
			"top": 590,
			"left": 842
		},
		"parent": "",
		"textcolor": {
			"red": 250,
			"green": 250,
			"blue": 100,
			"opacity": 0
		},
		"title": "Join the Scavengers",
		"value": {
			"type": ""
		},
		"type": "button",
		"action": [{
			"helper": "This action will set the Player's current Faction",
			"helperTitle": "Player : Current Gang",
			"name": "set_player_current_gang",
			"tag": "faction_scavengers"
			}, {
			"name": "wait_second",
			"value": 2,
			"help": "Wait x second"

		}, {
			"name": "close_interface"
		}, {
			"name": "wait_second",
			"value": 2,
			"help": "Wait x second"
		}, {

			"name": "wait_for_trigger",
			"trigger": {
				"name": "player_current_gang",
				"value": "faction_scavengers"
			}

		
		}, {
			"name": "gang_affinity",
		"value": "faction_scavengers",
		"score": 20
		}, {
			"name": "gang_affinity",
		"value": "faction_maelstrom",
		"score": -30
		}, {
			"name": "gang_affinity",
		"value": "faction_mox",
		"score": -15
		}, {
			"name": "gang_affinity",
		"value": "faction_voodooboys",
		"score": -15
		}, {
			"name": "gang_affinity",
			"value": "faction_maxtac",
			"score": -30
		}, {
		
			"name": "add_gang_district_score",
		"faction": "faction_scavengers",
		"district": "district_pacifica",
		"value": 20
		}, {
			"name": "add_gang_currentsubdistrict_score",
		"faction": "faction_scavengers",
		"value": 20
		
		
		}, {
			"name": "if",
		"trigger": {
		"name": "player_gender",
		"value": "male"
		},
		"if_action": [{
				
				"name": "give_item",
				"value": "Items.Techie_01_Set_Cap",
				"amount": 1
		}, {
			"name": "give_item",
				"value": "Items.Visor_01_basic_01",
				"amount": 1
			},
			{
				"name": "give_item",
				"value": "Items.Jacket_07_basic_01",
				"amount": 1
			},
			{
				"name": "give_item",
				"value": "Items.Shirt_02_old_02",
				"amount": 1
			},
			{
				
				"name": "give_item",
				"value": "Items.Pants_10_old_02",
				"amount": 1
			},
			{
				
				"name": "give_item",
				"value": "Items.Cop_01_Set_Boots",
				"amount": 1
			}
		],
		"else_action": [{
			
				"name": "give_item",
				"value": "Items.Cap_02_basic_02",
				"amount": 1
		}, {
			"name": "give_item",
				"value": "Items.Techie_01_Set_Tech",
				"amount": 1
			},
			{
				"name": "give_item",
				"value": "Items.Jacket_07_basic_01",
				"amount": 1
			},
			{
				"name": "give_item",
				"value": "Items.Shirt_02_rich_03",
				"amount": 1
			},
			{
				"name": "give_item",
				"value": "Items.FormalPants_01_old_02",
				"amount": 1
				},
			{
				"name": "give_item",
				"value": "Items.CasualShoes_04_old_02",
				"amount": 1
			}
		]
		}, {
				"name": "do_event",
				"value": "GNC_reaction_system"
				}, {
		"name": "do_function",
		"value": "GNC_Affinity_Edit"
		}],
		"bgcolor": {
			"red": 100,
			"green": 0,
			"blue": 100,
			"opacity": 10
		},
		"trigger": {
			"aaa": {
				"helperTitle": "Auto",
				"name": "auto",
				"helper": "This trigger will be triggered without need anything (default)"
			}
		}
	}]
}