{
	"width": 700,
	"title": "Join Trauma Team",
	"heigh": 700,
	"y": 200,
	"tag": "traumateam_ui",
	"x": 200,
	"controls": [{
		"tag": "line1",
		"requirement": [],
		"parent": "",
		"margin": {
			"left": 200
		},
		"style": {
			"fontsize": 40
		},
		"textcolor": {
			"red": 245,
			"green": 95,
			"blue": 3,
			"opacity": 13
		},
		"title": "",
		"value": {
			"type": "text",
			"value": "Help trauma team Aid the People of Night City. "
		},
		"type": "label",
		"action": [],
		"bgcolor": {
			"red": 217,
			"green": 21,
			"blue": 203,
			"opacity": 20
		},
		"trigger": {
			"a": {
				"helperTitle": "Auto",
				"name": "auto",
				"helper": "This trigger will be triggered without need anything (default)"
			}
		}
	}, {

		"tag": "line2",
		"requirement": [],
		"parent": "",
		"margin": {
			"left": 200,
			"top": 100

		},
		"style": {
			"fontsize": 40
		},
		"textcolor": {
			"red": 245,
			"green": 95,
			"blue": 3,
			"opacity": 13
		},
		"title": "",
		"value": {
			"type": "text",
			"value": "Joining Trauma Team grants the following: "
		},
		"type": "label",
		"action": [],
		"bgcolor": {
			"red": 217,
			"green": 21,
			"blue": 203,
			"opacity": 20
		},
		"trigger": {
			"a": {
				"helperTitle": "Auto",
				"name": "auto",
				"helper": "This trigger will be triggered without need anything (default)"
			}
		}
	}, {

		"tag": "line3",
		"requirement": [],
		"parent": "",
		"margin": {
			"left": 200,
			"top": 175

		},
		"style": {
			"fontsize": 40
		},
		"textcolor": {
			"red": 245,
			"green": 95,
			"blue": 3,
			"opacity": 13
		},
		"title": "",
		"value": {
			"type": "text",
			"value": "-  +20 to Affinity for Trauma Team"
		},
		"type": "label",
		"action": [],
		"bgcolor": {
			"red": 217,
			"green": 21,
			"blue": 203,
			"opacity": 20
		},
		"trigger": {
			"a": {
				"helperTitle": "Auto",
				"name": "auto",
				"helper": "This trigger will be triggered without need anything (default)"
			}
		}

	}, {

		"tag": "line4",
		"requirement": [],
		"parent": "",
		"margin": {
			"left": 200,
			"top": 225

		},
		"style": {
			"fontsize": 40
		},
		"textcolor": {
			"red": 245,
			"green": 95,
			"blue": 3,
			"opacity": 13
		},
		"title": "",
		"value": {
			"type": "text",
			"value": "- +15 to Subdistrict territory the fixer is located in"
		},
		"type": "label",
		"action": [],
		"bgcolor": {
			"red": 217,
			"green": 21,
			"blue": 203,
			"opacity": 20
		},
		"trigger": {
			"a": {
				"helperTitle": "Auto",
				"name": "auto",
				"helper": "This trigger will be triggered without need anything (default)"
			}
		}
	}, {

		"tag": "line5",
		"requirement": [],
		"parent": "",
		"margin": {
			"left": 200,
			"top": 280

		},
		"style": {
			"fontsize": 40
		},
		"textcolor": {
			"red": 245,
			"green": 95,
			"blue": 3,
			"opacity": 13
		},
		"title": "",
		"value": {
			"type": "text",
			"value": "- A large sum of negative affinity will be applied to ALL gangs"
		},
		"type": "label",
		"action": [],
		"bgcolor": {
			"red": 217,
			"green": 21,
			"blue": 203,
			"opacity": 20
		},
		"trigger": {
			"a": {
				"helperTitle": "Auto",
				"name": "auto",
				"helper": "This trigger will be triggered without need anything (default)"
			}
		}
	}, {

		"tag": "line6",
		"requirement": [],
		"parent": "",
		"margin": {
			"left": 200,
			"top": 330

		},
		"style": {
			"fontsize": 40
		},
		"textcolor": {
			"red": 245,
			"green": 95,
			"blue": 3,
			"opacity": 13
		},
		"title": "",
		"value": {
			"type": "text",
			"value": "- Trauma Team Outfit"
		},
		"type": "label",
		"action": [],
		"bgcolor": {
			"red": 217,
			"green": 21,
			"blue": 203,
			"opacity": 20
		},
		"trigger": {
			"a": {
				"helperTitle": "Auto",
				"name": "auto",
				"helper": "This trigger will be triggered without need anything (default)"
			}
		}
	}, {
		"tweak": "",
		"tag": "joinn",
		"requirement": [
			["aaa"]
		],
		"style": {
			"fontsize": 30,
			"width": 400,
			"height": 300
		},
		"margin": {
			"right": 415,
			"top": 590,
			"left": 842
		},
		"parent": "",
		"textcolor": {
			"red": 300,
			"green": 0,
			"blue": 0,
			"opacity": 20
		},
		"title": "Join Trauma Team",
		"value": {
			"type": ""
		},
		"type": "button",
		"action": [{

			"helper": "This action will set the Player's current Faction",
			"helperTitle": "Player : Current Gang",
			"name": "set_player_current_gang",
			"tag": "faction_trauma"
		}, {

			"name": "wait_second",
			"value": 2,
			"help": "Wait x second"

		}, {
			"name": "close_interface"
		}, {
			"name": "wait_second",
			"value": 2,
			"help": "Wait x second"
		}, {

			"name": "wait_for_trigger",
			"trigger": {
				"name": "player_current_gang",
				"value": "faction_trauma"
			}

	
		}, {
			"name": "gang_affinity",
		"value": "faction_trauma",
		"score": 20
		}, {
			
			"name": "add_gang_district_score",
		"faction": "faction_trauma",
		"district": "district_watson",
		"value": 25
		}, {
			"name": "add_gang_currentsubdistrict_score",
		"faction": "faction_trauma",
		"value": 25
		}, {
			
			
			"name": "if",
		"trigger": {
		"name": "player_gender",
		"value": "male"
		},
		"if_action": [{
				"name": "give_item",
				"value": "Items.Cap_04_basic_01",
				"amount": 1
			},
			{
				"name": "give_item",
				"value": "Items.Vest_08_rich_02",
				"amount": 1
		
			
			}
		],
		"else_action": [{
				"name": "give_item",
				"value": "Items.Cap_04_basic_01",
				"amount": 1
			},
			{
				"name": "give_item",
				"value": "Items.Vest_08_rich_02",
				"amount": 1
			
				
			
			}
		]
			
			}, {
		"name": "do_function",
		"value": "GNC_Affinity_Edit"
		


		}],
		"bgcolor": {
			"red": 140,
			"green": 0,
			"blue": 240,
			"opacity": 0
		},
		"trigger": {
			"aaa": {
				"helperTitle": "Auto",
				"name": "auto",
				"helper": "This trigger will be triggered without need anything (default)"
			}
		}
	}]
}