{
	"width": 700,
	"title": "Join The Wraiths",
	"heigh": 700,
	"y": 200,
	"tag": "wraiths_ui",
	"x": 200,
	"controls": [{
		"tag": "line1",
		"requirement": [],
		"parent": "",
		"margin": {
			"left": 200
		},
		"style": {
			"fontsize": 40
		},
		"textcolor": {
			"red": 255,
			"green": 69,
			"blue": 0,
			"opacity": 13
		},
		"title": "",
		"value": {
			"type": "text",
			"value": "Help the Wraiths get a better Reputation in Night City, and dominate in the badlands. "
		},
		"type": "label",
		"action": [],
		"bgcolor": {
			"red": 0,
			"green": 0,
			"blue": 0,
			"opacity": 20
		},
		"trigger": {
			"a": {
				"helperTitle": "Auto",
				"name": "auto",
				"helper": "This trigger will be triggered without need anything (default)"
			}
		}
	}, {

		"tag": "line2",
		"requirement": [],
		"parent": "",
		"margin": {
			"left": 200,
			"top": 100

		},
		"style": {
			"fontsize": 40
		},
		"textcolor": {
			"red": 245,
			"green": 95,
			"blue": 3,
			"opacity": 13
		},
		"title": "",
		"value": {
			"type": "text",
			"value": "Joining Wraiths grants the following: "
		},
		"type": "label",
		"action": [],
		"bgcolor": {
			"red": 217,
			"green": 21,
			"blue": 203,
			"opacity": 20
		},
		"trigger": {
			"a": {
				"helperTitle": "Auto",
				"name": "auto",
				"helper": "This trigger will be triggered without need anything (default)"
			}
		}
	}, {

		"tag": "line3",
		"requirement": [],
		"parent": "",
		"margin": {
			"left": 200,
			"top": 175

		},
		"style": {
			"fontsize": 40
		},
		"textcolor": {
			"red": 245,
			"green": 95,
			"blue": 3,
			"opacity": 13
		},
		"title": "",
		"value": {
			"type": "text",
			"value": "-  +20 to Affinity for this gang"
		},
		"type": "label",
		"action": [],
		"bgcolor": {
			"red": 217,
			"green": 21,
			"blue": 203,
			"opacity": 20
		},
		"trigger": {
			"a": {
				"helperTitle": "Auto",
				"name": "auto",
				"helper": "This trigger will be triggered without need anything (default)"
			}
		}

	}, {

		"tag": "line4",
		"requirement": [],
		"parent": "",
		"margin": {
			"left": 200,
			"top": 225

		},
		"style": {
			"fontsize": 40
		},
		"textcolor": {
			"red": 245,
			"green": 95,
			"blue": 3,
			"opacity": 13
		},
		"title": "",
		"value": {
			"type": "text",
			"value": "-  +20 to Current Subdistrict Score the Fixer is in"
		},
		"type": "label",
		"action": [],
		"bgcolor": {
			"red": 217,
			"green": 21,
			"blue": 203,
			"opacity": 20
		},
		"trigger": {
			"a": {
				"helperTitle": "Auto",
				"name": "auto",
				"helper": "This trigger will be triggered without need anything (default)"
			}
		}
	}, {

		"tag": "line5",
		"requirement": [],
		"parent": "",
		"margin": {
			"left": 200,
			"top": 280

		},
		"style": {
			"fontsize": 40
		},
		"textcolor": {
			"red": 245,
			"green": 95,
			"blue": 3,
			"opacity": 13
		},
		"title": "",
		"value": {
			"type": "text",
			"value": "- A large sum of negative affinity will be applied to the Rival of this gang"
		},
		"type": "label",
		"action": [],
		"bgcolor": {
			"red": 217,
			"green": 21,
			"blue": 203,
			"opacity": 20
		},
		"trigger": {
			"a": {
				"helperTitle": "Auto",
				"name": "auto",
				"helper": "This trigger will be triggered without need anything (default)"
			}
		}
   }, {

		"tag": "line6",
		"requirement": [],
		"parent": "",
		"margin": {
			"left": 200,
			"top": 330

		},
		"style": {
			"fontsize": 40
		},
		"textcolor": {
			"red": 245,
			"green": 95,
			"blue": 3,
			"opacity": 13
		},
		"title": "",
		"value": {
			"type": "text",
			"value": "-  Gang-Inspired Set of Clothing"
		},
		"type": "label",
		"action": [],
		"bgcolor": {
			"red": 217,
			"green": 21,
			"blue": 203,
			"opacity": 20
		},
		"trigger": {
			"a": {
				"helperTitle": "Auto",
				"name": "auto",
				"helper": "This trigger will be triggered without need anything (default)"
			}
		}
	}, {
		"tweak": "",
		"tag": "joinw",
		"requirement": [
			["aaa"]
		],
		"style": {
			"fontsize": 30,
			"width": 420,
			"height": 280
		},
		"margin": {
			"right": 415,
			"top": 590,
			"left": 842
		},
		"parent": "",
		"textcolor": {
			"red": 250,
			"green": 250,
			"blue": 100,
			"opacity": 10
		},
		"title": "Join the Wraiths",
		"value": {
			"type": ""
		},
		"type": "button",
		"action": [{
			"helper": "This action will set the Player's current Faction",
			"helperTitle": "Player : Current Gang",
			"name": "set_player_current_gang",
			"tag": "faction_wraiths"
		}, {
			"name": "wait_second",
			"value": 2,
			"help": "Wait x second"

		}, {
			"name": "close_interface"
		}, {
			"name": "wait_second",
			"value": 2,
			"help": "Wait x second"
		}, {

			"name": "wait_for_trigger",
			"trigger": {
				"name": "player_current_gang",
				"value": "faction_wraiths"
			}

		
		}, {
			"name": "gang_affinity",
			"value": "faction_wraiths",
			"score": 20
		}, {
			"name": "gang_affinity",
			"value": "faction_aldecaldos",
			"score": -20

		}, {
			"name": "gang_affinity",
			"value": "faction_kangtao",
			"score": -10
		}, {
			"name": "gang_affinity",
			"value": "faction_militech",
			"score": -10
		}, {
			"name": "add_gang_district_score",
			"faction": "faction_aldecaldos",
			"district": "district_badland",
			"value": 15
		}, {
			"name": "add_gang_currentsubdistrict_score",
			"faction": "faction_aldecaldos",
			"value": 20
		
	
		}, {
			"name": "if",
			"trigger": {
				"name": "player_gender",
				"value": "male"
			},
			"if_action": [{

					"name": "give_item",
					"value": "Items.SQ004_RaffenShiv_Mask",
					"amount": 1
				}, {
					"name": "give_item",
					"value": "Items.Jacket_02_old_02",
					"amount": 1
				},
				{

					"name": "give_item",
					"value": "Items.Glasses_05_old_01",
					"amount": 1
				},
				{



					"name": "give_item",
					"value": "Items.Pants_08_old_03",
					"amount": 1
				}
			],
			"else_action": [{
					"name": "give_item",
					"value": "Items.Jacket_19_old_05",
					"amount": 1
				}, {
					"name": "give_item",
					"value": "Items.SQ004_RaffenShiv_Mask",
					"amount": 1
				},
				{
					"name": "give_item",
					"value": "Items.Glasses_05_old_01",
					"amount": 1
				},
				{

					"name": "give_item",
					"value": "Items.Pants_13_basic_02",
					"amount": 1
				}
			]
				}, {
			"name": "do_event",
		"value": "GNC_reaction_system"
		}, {
		"name": "do_function",
		"value": "GNC_Affinity_Edit"
		}],
		"bgcolor": {
			"red": 0,
			"green": 0,
			"blue": 0,
			"opacity": 10
		},
		"trigger": {
			"aaa": {
				"helperTitle": "Auto",
				"name": "auto",
				"helper": "This trigger will be triggered without need anything (default)"
			}
		}
	}]
}