{
	"tag": "CS Difficulty",
	"type": "sliderInt",
	"defaultvalue": 3,
	"variable": {
		"tag": "Datapack",
		"key": "Difficulty"
	},
	"category": "Ambush",
	"categorylibelle": "Dangers of Night City",
	"label": " spawn count (Ambush Events)",
	"description": "increases Spawn Counts in 'ambush' 'kill events' 'maxtac events' to a higher spawn count range",
	"min": 0,
	"max": 5,
	"step": 1,
	"action": [{

		"name": "simple_message",
		"value": "CS Difficulty: Setting",
		"context": [{
			"trigger": {
				"condition01": {
					"name": "check_value",
					"value": 5,
					"target": 1,
					"operator": "=",
					"context": [{
						"trigger": {
							"condition01": {
								"name": "auto"
							}
						},
						"requirement": [
							[
								"condition01"
							]
						],
						"prop": {
							"value": {
								"type": "number",
								"text": "##Setting",
								"values": {
									"Setting": {
										"type": "variable",
										"variable": "Datapack",
										"key": "Difficulty"
									}
								}
							}
						}
					}]
				}
			},
			"requirement": [
				[
					"condition01"
				]
			],
			"prop": {
				"value": {
					"type": "text",
					"text": "CS Difficulty: ##Setting",
					"values": {
						"Setting": {

							"type": "text",
							"value": "Normal"
						}
					}
				}
			}
		}, {
			"trigger": {
				"condition01": {
					"name": "check_value",
					"value": 5,
					"target": 2,
					"operator": "=",
					"context": [{
						"trigger": {
							"condition01": {
								"name": "auto"
							}
						},
						"requirement": [
							[
								"condition01"
							]
						],
						"prop": {
							"value": {
								"type": "number",
								"text": "##Setting",
								"values": {
									"Setting": {
										"type": "variable",
										"variable": "Datapack",
										"key": "Difficulty"
									}
								}
							}
						}
					}]
				}
			},
			"requirement": [
				[
					"condition01"
				]
			],
			"prop": {
				"value": {
					"type": "text",
					"text": "CS Difficulty: ##Setting",
					"values": {
						"Setting": {

							"type": "text",
							"value": "Hard"
						}
					}
				}
			}
		}, {
			"trigger": {
				"condition01": {
					"name": "check_value",
					"value": 5,
					"target": 3,
					"operator": "=",
					"context": [{
						"trigger": {
							"condition01": {
								"name": "auto"
							}
						},
						"requirement": [
							[
								"condition01"
							]
						],
						"prop": {
							"value": {
								"type": "number",
								"text": "##Setting",
								"values": {
									"Setting": {
										"type": "variable",
										"variable": "Datapack",
										"key": "Difficulty"
									}
								}
							}
						}
					}]
				}
			},
			"requirement": [
				[
					"condition01"
				]
			],
			"prop": {
				"value": {
					"type": "text",
					"text": "CS Difficulty: ##Setting",
					"values": {
						"Setting": {

							"type": "text",
							"value": "Chaotic"
						}
					}
				}
			}
		}, {
			"trigger": {
				"condition01": {
					"name": "check_value",
					"value": 5,
					"target": 4,
					"operator": "=",
					"context": [{
						"trigger": {
							"condition01": {
								"name": "auto"
							}
						},
						"requirement": [
							[
								"condition01"
							]
						],
						"prop": {
							"value": {
								"type": "number",
								"text": "##Setting",
								"values": {
									"Setting": {
										"type": "variable",
										"variable": "Datapack",
										"key": "Difficulty"
									}
								}
							}
						}
					}]
				}
			},
			"requirement": [
				[
					"condition01"
				]
			],
			"prop": {
				"value": {
					"type": "text",
					"text": "CS Difficulty: ##Setting",
					"values": {
						"Setting": {

							"type": "text",
							"value": "Why?"
						}
					}
				}
			}
		}, {
			"trigger": {
				"condition01": {
					"name": "check_value",
					"value": 5,
					"target": 5,
					"operator": "=",
					"context": [{
						"trigger": {
							"condition01": {
								"name": "auto"
							}
						},
						"requirement": [
							[
								"condition01"
							]
						],
						"prop": {
							"value": {
								"type": "number",
								"text": "##Setting",
								"values": {
									"Setting": {
										"type": "variable",
										"variable": "Datapack",
										"key": "Difficulty"
									}
								}
							}
						}
					}]
				}
			},
			"requirement": [
				[
					"condition01"
				]
			],
			"prop": {
				"value": {
					"type": "text",
					"text": "CS Difficulty: ##Setting",
					"values": {
						"Setting": {

							"type": "text",
							"value": "Maximum Overdrive!!"
						}
					}
				}
			}
		}]
	}]
}