{
	"tag": "Set_Story_affinity",
	"type": "button",
	"category": "Player Oriented Settings",
	"categorylibelle": "Player Oriented Settings",
	 "label": "Tally all Story and lore-based Affinities.",
	"buttonlabel":"Setup Affinity",
	"textsize":40,
	"description": "PLEASE ACITIVATE BEFORE ANYTHING, THEN SAVE YOUR GAME. ONLY DO THIS 1 TIME.",
	"action": [{
		"name": "setup_gang_player_affinity",
		"helper": "This action will Setup player affinity toward NPC and gang based on player fact. Based on the file 'data/gameaffinity.json' ",
		"helperTitle": "Gang : Setup Player Affinity"
	},
	{
		"name": "setup_gang_rival_affinity",
		"helper": "This action will  Setup Gang affinity toward their default Rival.",
		"helperTitle": "Gang : Setup Rival Affinity"
	},
	{
		"name": "setup_gang_district_affinity",
		"helper": "This action will  Setup Gang affinity toward their default district.",
		"helperTitle": "Gang : Setup District Affinity"
	}]
}