{
	"name": "dnc_districtmanager",
	"tag": "dnc_districtmanager",
	"way": "ambush",
	"trigger": {
		"trigger03": {
			"name": "compare",
			"trigger": {
				"name": "player_inbuilding"
			},
			"expected": false
		}
	},
	"requirement": [
		[
			"trigger03"

		]
	],
	"action": [{
		"name": "do_function",
		"value": "nothing",
		"parallele": false,
		"applyto": "",
		"context": [{
			"trigger": {
				"auto": {
						"name": "stat",
					"value": 951,
					"score": 5
				}
			},
			"requirement": [
				["auto"]
			],
			"prop": {
				"value": {
					"text": "##word",
					"type": "text",
					"values": {
						"word": {
							"key": "Score",
							"type": "random_text",
							"list": ["nothing", "Public_fry", "Public_suicide", "Public_suicide", "Patrol_ncpd", "Patrol_ncpd", "nothing", "CarJack", "MercsVsMaelstom", "NCPDVSmalestrom", "Car chase ncpd", "Car chase ncpd", "Roamernpc", "Roamernpc", "Roamernpc", "NCPDVSTygers"]
						}
					}
				}
			}
		}, {
			"trigger": {
				"auto": {
					"name": "stat",
					"value": 951,
					"score": 10
				}
			},
			"requirement": [
				["auto"]
			],
			"prop": {
				"value": {
					"text": "##word",
					"type": "text",
					"values": {
						"word": {
							"key": "Score",
							"type": "random_text",
							"list": ["nothing", "Roamernpc", "Public_suicide", "Roamernpc", "nothing", "Public_fry", "Public_fry", "CarJack", "GangFight", "GangFight", "MercsVsMaelstom", "NCPDVSmalestrom", "Car chase ncpd", "Car chase ncpd", "Roamernpc", "Roamernpc", "NCPDVSTygers"]
						}
					}
				}
			}
		}, {
			"trigger": {
				"auto": {
					"name": "stat",
					"value": 951,
					"score": 20
				}
			},
			"requirement": [
				["auto"]
			],
			"prop": {
				"value": {
					"text": "##word",
					"type": "text",
					"values": {
						"word": {
							"key": "Score",
							"type": "random_text",
							"list": ["nothing", "CarJack", "CarJack", "GangWar", "GangFight", "GangFight", "MercsVsMaelstom", "NCPDVSmalestrom", "Car chase ncpd", "Car chase", "Car chase", "Car chase ncpd", "Roamernpc", "Roamernpc", "NCPDVSTygers"]
						}
					}
				}
			}
		}, {
			"trigger": {
				"auto": {
					"name": "stat",
					"value": 951,
					"score": 30
				}
			},
			"requirement": [
				["auto"]
			],
			"prop": {
				"value": {
					"text": "##word",
					"type": "text",
					"values": {
						"word": {
							"key": "Score",
							"type": "random_text",
							"list": ["GangWar", "Roamernpc", "Public_suicide", "Public_suicide", "Roamernpc", "Roamernpc", "CarJack", "Bike Chase", "Bike Chase", "Patrol_ncpd", "Patrol", "Patrol", "GangFight", "GangWar", "GangFight", "MercsVsMaelstom", "NCPDVSmalestrom", "Car chase ncpd", "Car chase", "Car chase", "maxtac010", "Roamernpc", "Roamernpc", "NCPDVSTygers"]
						}
					}
				}
			}
		}, {
			"trigger": {
				"auto": {
					"name": "stat",
					"value": 951,
					"score": 40
				}
			},
			"requirement": [
				["auto"]
			],
			"prop": {
				"value": {
					"text": "##word",
					"type": "text",
					"values": {
						"word": {
							"key": "Score",
							"type": "random_text",
							"list": ["GangWar", "Roamernpc", "Public_suicide", "Public_suicide", "Roamernpc", "Roamernpc", "Roamernpc", "ambush","Public_fry", "Public_fry","Bike Chase", "Bike Chase", "ambush", "kill_JPT_NS_SD_HEY", "CarJack", "GangWar", "GangWar", "GangWar", "GangFight", "MercsVsMaelstom", "NCPDVSmalestrom", "Car chase ncpd", "Car chase", "Car chase", "maxtac010", "maxtac010", "Roamernpc"]
						}
					}
				}
			}
		}, {
			"trigger": {
				"auto": {
					"name": "stat",
					"value": 951,
					"score": 50
				}
			},
			"requirement": [
				["auto"]
			],
			"prop": {
				"value": {
					"text": "##word",
					"type": "text",
					"values": {
						"word": {
							"key": "Score",
							"type": "random_text",
							"list": ["kill_JPT_NS_SD_HEY", "Public_suicide", "Public_suicide", "Roamernpc", "Roamernpc", "Roamernpc", "Roamernpc", "Roamernpc", "Public_fry", "Bike Chase", "Bike Chase", "kill_JPT_NS_SD_HEY", "GangWar", "ambush", "ambush", "CarJack", "GangWar", "GangWar", "GangWar", "GangFight", "Car chase ncpd", "Car chase", "Car chase", "maxtac010", "maxtac010", "Roamernpc"]
						}
					}
				}
			}
		}]
	}]
}