{
	"name": "dnccar_districtmanager",
	"tag": "dnccar_districtmanager",
	"way": "ambush",
	"trigger": {
		"trigger03": {
			"name": "compare",
			"trigger": {
				"name": "player_inbuilding"
			},
			"expected": false
		},
		"noincar": {
			"name": "compare",
			"trigger": {
				"name": "in_car"
			},
			"expected": true
		},
		"trigger04": {
			"name": "quest_fact",
			"value": "q001_tt_put_girl_stretchers"
		},
		"trigger05": {
			"trigger": {
				"name": "current_district",
				"value": "Badlands"
			},
			"name": "compare",
			"expected": false
		}
	},
	"requirement": [
		[
			"trigger03",
			"noincar",
			"trigger04",
			"trigger05"
		]
	],
	"action": [{
		"name": "do_random_function",
		"funcs": [
			"car_ambush",
			"Car chase",
			"Car chase ncpd",
			"Patrol"
		],
		"parallele": false,
	}]
}