{
	"name": "6thstreetgang3_WEL",
	"tag": "6thstreetgang3_WEL",
	"triggers": {
		"auto": {
			"name": "auto"
		}
	},
	"requirement": [
		[
			"auto"
		]
	],
	"tweakDB": "Character.mq008_6th_street_female",
	"appeareance": "",
	"repeat_routine": true,
	"auto_despawn": true,
	"useBetaSpawn": false,
	"routineaction": [
		{
			"name": "move_entity_at_relative_position",
			"tag": "this",
			"x": 0,
			"y": 0,
			"z": 0,
			"move": "Stand",
			"helper": "This action will move an custom entity to XYZ from her relative position",
			"helperTitle": "Entity : Move to relative position"
		},
		{
			"name": "wait_second",
			"value": 15
		}
	],
	"spawnaction": [
		{
			"name": "look_at_entity_entity",
			"tag": "Valgang4_WEL2",
			"entity": "6thstreetgang3_WEL"
		},
		{
			"name": "wait_second",
			"value": 1
		},
		{
			"name": "attitude_entity_against_entity",
			"tag": "6thstreetgang3_WEL",
			"entity": "Valgang4_WEL2",
			"attitude": "hostile"
		}
	],
	"despawnaction": [],
	"location": {
		"x": -2166.927,
		"y": -433.848,
		"z": 7.448,
		"radius": 80,
		"position": "at",
		"position_range": 50,
		"position_lookatdistance": 0,
		"position_tag": "player",
		"position_way": "forward",
		"position_poi_district": "",
		"position_poi_subdistrict": "",
		"position_poi_is_for_car": true,
		"position_poi_from_position": true,
		"position_poi_use_location_tag": false,
		"position_poi_type":77,
		"position_distance": 40,
		"position_house_way": "default",
		"position_house_tag": "playerhouse01",
		"position_node_usegameplay": false,
		"player_range": 56
	}
}