{"name":"moxgang2_LCH3","tag":"moxgang2_LCH3","triggers":{"auto":{"name":"time","min":900,"max":1300}},"requirement":[["auto"]],"tweakDB":"district","locationtag":"district_watson","appeareance":"","repeat_routine":true,"auto_despawn":true,"useBetaSpawn":false,"routineaction":[{"name":"move_entity_at_relative_position","tag":"this","x":0,"y":0,"z":0,"move":"Stand","helper":"This action will move an custom entity to XYZ from her relative position","helperTitle":"Entity : Move to relative position"},{"name":"wait_second","value":15}],"spawnaction":[{"name":"wait_for_trigger","trigger":{"name":"testFor","triggers":[{"name":"compare","trigger":{"name":"entity_in_faction","tag":"moxgang2_LCH3","faction":"faction_mox"},"expected":true},{"name":"compare","trigger":{"name":"entity_in_faction","tag":"moxgang2_LCH3","faction":"faction_mox"},"expected":false},{"name":"compare","trigger":{"name":"entity_looked_is_gangfriendly"},"expected":false}],"logic":"or"}},{"name":"wait_for_trigger","trigger":{"name":"testFor","triggers":[{"name":"compare","trigger":{"name":"player_current_gang","value":"faction_mox"},"expected":true},{"name":"compare","trigger":{"name":"player_current_gang","value":"faction_mox"},"expected":false}],"logic":"or"}},{"name":"if","trigger":{"name":"player_current_gang","value":"faction_mox"},"if_action":[{"name":"attitude_entity_against_entity","tag":"moxgang2_LCH3","entity":"player","attitude":"friendly"},{"name":"play_entity_voice","tag":"moxgang2_LCH3","voice":"greeting"}],"else_action":[{"name":"attitude_entity_against_entity","tag":"moxgang2_LCH3","entity":"player","attitude":"passive"},{"name":"play_entity_voice","tag":"moxgang2_LCH3","voice":"danger"}]},{"name":"wait_second","value":3},{"name":"if","trigger":{"name":"check_gang_relation","tag":"player","target":"faction_mox","mode":"gang","operator":"=","score":-10},"if_action":[{"name":"attitude_entity_against_entity","tag":"moxgang2_LCH3","entity":"player","attitude":"hostile"}],"else_action":[{}]}],"despawnaction":[],"location":{"x":-1606.501,"y":1777.655,"z":18.38,"radius":45,"position":"at","position_range":5,"position_lookatdistance":0,"position_tag":"player","position_way":"forward","position_poi_district":"","position_poi_subdistrict":"","position_poi_is_for_car":true,"position_poi_from_position":true,"position_poi_use_location_tag":false,"position_poi_type":30,"position_distance":40,"position_house_way":"default","position_house_tag":"playerhouse01","position_node_usegameplay":false,"player_range":50}}