{"name":"Valgang5_HEY","tag":"Valgang5_HEY","triggers":{"auto":{"name":"auto"}},"requirement":[["auto"]],"tweakDB":"Character.sts_hey_rey_02_valentinos_grunt1_ranged1_nue_wa_Lena_dominguez","appeareance":"","repeat_routine":true,"auto_despawn":false,"useBetaSpawn":false,"routineaction":[{"name":"move_entity_at_relative_position","tag":"this","x":15,"y":15,"z":0,"move":"Walk","helper":"This action will move an custom entity to XYZ from her relative position","helperTitle":"Entity : Move to relative position"},{"name":"wait_second","value":15}],"spawnaction":[],"despawnaction":[],"location":{"x":-969.847,"y":-779.771,"z":8.191,"radius":80,"position":"at","position_range":5,"position_lookatdistance":0,"position_tag":"player","position_way":"forward","position_poi_district":"","position_poi_subdistrict":"","position_poi_is_for_car":true,"position_poi_from_position":true,"position_poi_use_location_tag":false,"position_poi_type":30,"position_distance":40,"position_house_way":"default","position_house_tag":"playerhouse01","position_node_usegameplay":false,"player_range":50}}