{"name":"106thstreetgang1_WEL","tag":"106thstreetgang1_WEL","triggers":{"auto":{"name":"auto"}},"requirement":[["auto"]],"tweakDB":"Character.mq008_6th_street_representative","appeareance":"","repeat_routine":true,"auto_despawn":true,"useBetaSpawn":false,"routineaction":[{"name":"move_entity_at_relative_position","tag":"this","x":0,"y":0,"z":0,"move":"Stand","helper":"This action will move an custom entity to XYZ from her relative position","helperTitle":"Entity : Move to relative position"},{"name":"wait_second","value":15}],"spawnaction":[{"name":"look_at_entity_entity","tag":"10Valgang1_WEL","entity":"106thstreetgang1_WEL"},{"name":"wait_second","value":1},{"name":"attitude_entity_against_entity","tag":"106thstreetgang1_WEL","entity":"10Valgang1_WEL","attitude":"hostile"}],"despawnaction":[],"location":{"x":-2250.226,"y":363.125,"z":8.093,"radius":65,"position":"at","position_range":5,"position_lookatdistance":0,"position_tag":"player","position_way":"forward","position_poi_district":"","position_poi_subdistrict":"","position_poi_is_for_car":true,"position_poi_from_position":true,"position_poi_use_location_tag":false,"position_poi_type":30,"position_distance":40,"position_house_way":"default","position_house_tag":"playerhouse01","position_node_usegameplay":false,"player_range":50}}