{"name":"moxgang_CHA","tag":"moxgang_CHA","triggers":{"auto":{"name":"time","min":500,"max":1300}},"requirement":[["auto"]],"tweakDB":"Character.kab_the_mox_1_ranged1_lexington_wa","appeareance":"","repeat_routine":true,"auto_despawn":false,"useBetaSpawn":false,"routineaction":[{"name":"move_entity_at_relative_position","tag":"this","x":0,"y":0,"z":0,"move":"Stand","helper":"This action will move an custom entity to XYZ from her relative position","helperTitle":"Entity : Move to relative position"},{"name":"wait_second","value":15}],"spawnaction":[{"name":"wait_second","value":3},{"name":"if","trigger":{"name":"check_gang_relation","tag":"player","target":"faction_mox","mode":"gang","operator":"=","score":-10},"if_action":[{"name":"attitude_entity_against_entity","tag":"moxgang_CHA","entity":"player","attitude":"hostile"}],"else_action":[{}]}],"despawnaction":[],"location":{"x":-162.285,"y":80.243,"z":7.2,"radius":35,"position":"at","position_range":5,"position_lookatdistance":0,"position_tag":"player","position_way":"forward","position_poi_district":"","position_poi_subdistrict":"","position_poi_is_for_car":true,"position_poi_from_position":true,"position_poi_use_location_tag":false,"position_poi_type":30,"position_distance":40,"position_house_way":"default","position_house_tag":"playerhouse01","position_node_usegameplay":false,"player_range":50}}