{"name":"moxgang3_CHA","tag":"moxgang3_CHA","triggers":{"auto":{"name":"auto"}},"requirement":[["auto"]],"tweakDB":"Character.the_mox_elite3_fmelee3_mantis_wa_elite","appeareance":"","repeat_routine":true,"auto_despawn":false,"useBetaSpawn":false,"routineaction":[{"name":"move_entity_at_relative_position","tag":"this","x":0,"y":0,"z":0,"move":"Stand","helper":"This action will move an custom entity to XYZ from her relative position","helperTitle":"Entity : Move to relative position"},{"name":"wait_second","value":15}],"spawnaction":[{"name":"wait_second","value":3},{"name":"if","trigger":{"name":"check_gang_relation","tag":"player","target":"faction_mox","mode":"gang","operator":"=","score":-10},"if_action":[{"name":"attitude_entity_against_entity","tag":"moxgang3_CHA","entity":"player","attitude":"hostile"}],"else_action":[{}]}],"despawnaction":[],"location":{"x":-171.318,"y":112.127,"z":15.098,"radius":75,"position":"at","position_range":5,"position_lookatdistance":0,"position_tag":"player","position_way":"forward","position_poi_district":"","position_poi_subdistrict":"","position_poi_is_for_car":true,"position_poi_from_position":true,"position_poi_use_location_tag":false,"position_poi_type":30,"position_distance":40,"position_house_way":"default","position_house_tag":"playerhouse01","position_node_usegameplay":false,"player_range":50}}