{"name":"VDBgang_PAC1","tag":"VDBgang_PAC1","triggers":{"auto":{"name":"auto"}},"requirement":[["auto"]],"tweakDB":"Character.cvi_voodooboys_grunt1_ranged2_sidewinder_wa","appeareance":"","repeat_routine":true,"auto_despawn":true,"useBetaSpawn":false,"routineaction":[{"name":"move_entity_at_relative_position","tag":"this","x":0,"y":0,"z":0,"move":"Stand","helper":"This action will move an custom entity to XYZ from her relative position","helperTitle":"Entity : Move to relative position"},{"name":"wait_second","value":15}],"spawnaction":[],"despawnaction":[],"location":{"x":-2114.717,"y":-2060.152,"z":19.47,"radius":50,"position":"at","position_range":5,"position_lookatdistance":0,"position_tag":"player","position_way":"forward","position_poi_district":"","position_poi_subdistrict":"","position_poi_is_for_car":true,"position_poi_from_position":true,"position_poi_use_location_tag":false,"position_poi_type":30,"position_distance":40,"position_house_way":"default","position_house_tag":"playerhouse01","position_node_usegameplay":false,"player_range":50}}