{"name":"2tygergang12_JPT11","tag":"2tygergang12_JPT11","triggers":{"auto":{"name":"time","min":1100,"max":1400}},"requirement":[["auto"]],"tweakDB":"Character.hil_tyger_claws_grunt_medium_range_m_medium","appeareance":"","repeat_routine":true,"auto_despawn":true,"useBetaSpawn":false,"routineaction":[{"name":"move_entity_at_relative_position","tag":"this","x":0,"y":0,"z":0,"move":"Stand","helper":"This action will move an custom entity to XYZ from her relative position","helperTitle":"Entity : Move to relative position"},{"name":"wait_second","value":15}],"spawnaction":[{"name":"wait_second","value":3},{"name":"if","trigger":{"name":"check_gang_relation","tag":"player","target":"faction_tygerclaws","mode":"gang","operator":"=","score":-10},"if_action":[{"name":"attitude_entity_against_entity","tag":"2tygergang12_JPT11","entity":"player","attitude":"hostile"}],"else_action":[{}]}],"despawnaction":[],"location":{"x":-414.152,"y":98.63,"z":22.133,"radius":35,"position":"at","position_range":5,"position_lookatdistance":0,"position_tag":"player","position_way":"forward","position_poi_district":"","position_poi_subdistrict":"","position_poi_is_for_car":true,"position_poi_from_position":true,"position_poi_use_location_tag":false,"position_poi_type":30,"position_distance":40,"position_house_way":"default","position_house_tag":"playerhouse01","position_node_usegameplay":false,"player_range":50}}