{"name":"_CC_npc_10708","tag":"_CC_npc_10708","triggers":{"auto":{"name":"check_gang_district_score","faction":"faction_kangtao","district":"district_downtown","value":30},"time":{"name":"time","min":1200,"max":2400}},"requirement":[["auto","time"]],"tweakDB":"subdistrict","locationtag":"CorpoPlaza","appeareance":"","repeat_routine":true,"auto_despawn":true,"useBetaSpawn":false,"routineaction":[{"name":"for","amount":30,"action":[{"name":"wait_second","value":2},{"name":"move","tag":"_CC_npc_10708","group":false,"move":"Walk","position":"poi","position_helper":"at||relative_to_entity||node||player_look_at||poi||mappin||fasttravel||custom_place||custom_room","position_change_helper":"Write 'current' in position_tag for get current node,mappin, fasttravel, custom_place or custom_room. \n For poi if you write 'current' in position_poi_district you will get the current district, \n if you write 'current in position_poi_subdistrict you will get the current subdistrict. \n also if you write 'random' in position_poi_subdistrict or position_poi_district, you will get an 'random' value","position_range":50,"position_lookatdistance":0,"position_tag":"","position_tag_helper":"judy01||playerhouse01||playerhouse_bed||","position_way":"normal","position_way_helper":"normal||behind||forward","position_poi_district":"","position_poi_subdistrict":"","position_poi_is_for_car":false,"position_poi_from_position":true,"position_poi_use_location_tag":false,"position_poi_type":77,"position_distance":70,"position_house_way":"default","position_house_way_helper":"default||enter||exit","position_house_tag":"playerhouse01","position_node_usegameplay":false,"x":0,"y":0,"z":0,"moveV2":true,"roll":0,"pitch":0,"yaw":0,"distance":70,"distancetolerance":70,"ignorenavigation":true,"stoponobstacle":false,"outofway":false},{"name":"wait_second","value":10}]}],"spawnaction":[{"name":"wait_for_trigger","trigger":{"name":"testFor","triggers":[{"name":"compare","trigger":{"name":"entity_in_faction","tag":"_CC_npc_10708","faction":"faction_kangtao"},"expected":true},{"name":"compare","trigger":{"name":"entity_in_faction","tag":"_CC_npc_10708","faction":"faction_kangtao"},"expected":false},{"name":"compare","trigger":{"name":"entity_looked_is_gangfriendly"},"expected":false}],"logic":"or"}},{"name":"wait_for_trigger","trigger":{"name":"testFor","triggers":[{"name":"compare","trigger":{"name":"player_current_gang","value":"faction_kangtao"},"expected":true},{"name":"compare","trigger":{"name":"player_current_gang","value":"faction_kangtao"},"expected":false}],"logic":"or"}},{"name":"if","trigger":{"name":"player_current_gang","value":"faction_kangtao"},"if_action":[{"name":"attitude_entity_against_entity","tag":"_CC_npc_10708","entity":"player","attitude":"friendly"},{"name":"play_entity_voice","tag":"_CC_npc_10708","voice":"greeting"}],"else_action":[{"name":"attitude_entity_against_entity","tag":"_CC_npc_10708","entity":"player","attitude":"passive"},{"name":"play_entity_voice","tag":"_CC_npc_10708","voice":"danger"}]}],"despawnaction":[],"location":{"x":-1264.7614746094,"y":-106.91078186035,"z":16.123428344727,"radius":75,"position":"at","position_range":5,"position_lookatdistance":0,"position_tag":"player","position_way":"forward","position_poi_district":"","position_poi_subdistrict":"","position_poi_is_for_car":true,"position_poi_from_position":true,"position_poi_use_location_tag":false,"position_poi_type":30,"position_distance":40,"position_house_way":"default","position_house_tag":"playerhouse01","position_node_usegameplay":false,"player_range":50}}