{
	"name": "loot",
	"tag": "loot",
	"way": "init",
	"trigger": {
		"npc": {
			"name": "auto"
		}
	},
	"requirement": [
		[
			"npc"
		]
	],
	"action": [{
			"name": "wait_for_trigger",
		"trigger": {
			"name": "entity_in_state",
		"tag": "lookatentity",
		"value": 3
		}
	}, {
		"name": "if",
		"trigger": {	
			"name": "check_value",
			"value": "killed",
			"target": "tyger",
			"operator": "contains",
			"context": [{
				"trigger": {
					"auto": {
						"name": "auto"
					}
				},
				"requirement": [
					["auto"]
				],
				"prop": {
					"value": {
						"type": "text",
						"text": "##test",
						"values": {
							"test": {
								"type": "entity",
								"key": "appearance",
								"tag": "last_killed"
							}
						}
					}
				}
			}]
		},
		"if_action": [{
			"name": "loot_item",
			"target": "player",
			"value": ["Items.Preset_Pulsar_Pimp"],
			"z": 0,
			"x": 0,
			"y": 0,
			"context": [{
				"trigger": {
					"auto": {
						"name": "auto"
					}
				},
				"requirement": [
					["auto"]
				],
				"prop": {
					"x": {
						"type": "number",
						"text": "##test",
						"values": {
							"test": {
								"type": "entity",
								"tag": "last_killed",
								"key": "position",
								"prop": "x"

							}
						}
					},
					"y": {
						"type": "number",
						"text": "##test",
						"values": {

							"test": {
								"type": "entity",
								"tag": "last_killed",
								"key": "position",
								"prop": "y"
							}
						}
					},
					"z": {
						"type": "number",
						"text": "##test",
						"values": {
							"test": {
								"type": "entity",
								"tag": "last_killed",
								"key": "position",
								"prop": "z"
							}
						}
					}
				}
			}, {
				"trigger": {
					"auto": {
						"name": "testFor",
						"triggers": [{
								"name": "check_value",
								"value": "killed",
								"target": "gangster",
								"operator": "contains",
								"context": [{
									"trigger": {
										"auto": {
											"name": "auto"
										}
									},
									"requirement": [
										["auto"]
									],
									"prop": {
										"value": {
											"type": "text",
											"text": "##test",
											"values": {
												"test": {
													"type": "entity",
													"key": "appearance",
													"tag": "last_killed"
												}
											}
										}
									}
								}]
							},
							{
								"name": "check_value",
								"value": "killed",
								"target": "biker",
								"operator": "contains",
								"context": [{
									"trigger": {
										"auto": {
											"name": "auto"
										}
									},
									"requirement": [
										["auto"]
									],
									"prop": {
										"value": {
											"type": "text",
											"text": "##test",
											"values": {
												"test": {
													"type": "entity",
													"key": "appearance",
													"tag": "last_killed"
												}
											}
										}
									}
								}]
							}
						],
						"logic": "or"
					}
				},
				"requirement": [
					["auto"]
				],
				"prop": {
					"value": {
						"text": "##gangname2",
						"values": {
							"gangname2": {
								"type": "list",
								"items": [{
									"type": "random_text",
									"list": ["Items.Craftable_Common_Lexington",
										"Items.Craftable_Rare_Nue",
										"Items.Craftable_Rare_Nue",
										"Items.Craftable_Rare_Chao",
										"Items.Craftable_Rare_Nue",
										"Items.Craftable_Rare_Satara",
										"Items.Craftable_Rare_Tanto",
										"Items.Craftable_Rare_Tanto",
										"Items.Craftable_Legendary_Sidewinder",
										"Items.Craftable_Rare_Sidewinder",
										"Items.Craftable_Rare_Sidewinder",
										"Items.Craftable_Rare_Sidewinder",
										"Items.Craftable_Rare_Sidewinder",
										"Items.Craftable_Rare_Chao",
										"Items.Craftable_Rare_Tire_Iron",
										"Items.Craftable_Rare_Tire_Iron",
										"Items.Craftable_Rare_Tire_Iron",
										"Items.Craftable_Rare_Bat",
										"Items.Craftable_Rare_Bat",
										"Items.Craftable_Rare_Bat",
										"Items.Craftable_Uncommon_Kyubi",
										"Items.Craftable_Rare_Tanto",
										"Items.Craftable_Rare_Tanto",
										"Items.Craftable_Rare_Tanto",
										"Items.Craftable_Epic_Nue",
										"Items.Craftable_Epic_Nue",
										"Items.Craftable_Epic_Nue",
										"Items.Craftable_Epic_Tire_Iron",
										"Items.Craftable_Epic_Kukri"
									]
								}]
							}
						}
					}
				}
			}, {
				"trigger": {
					"auto": {
						"name": "check_value",
						"value": "killed",
						"target": "kunoichi",
						"operator": "contains",
						"context": [{
							"trigger": {
								"auto": {
									"name": "auto"
								}
							},
							"requirement": [
								["auto"]
							],
							"prop": {
								"value": {
									"type": "text",
									"text": "##test",
									"values": {
										"test": {
											"type": "entity",
											"key": "appearance",
											"tag": "last_killed"
										}
									}
								}
							}
						}]
					}
				},
				"requirement": [
					["auto"]
				],
				"prop": {
					"value": {
						"text": "##gangname2",
						"values": {
							"gangname2": {
								"type": "list",
								"items": [{
									"type": "random_text",
									"list": [
										"Items.Craftable_Epic_Tanto",
										"Items.KiroshiOpticsFragment4",
										"Items.Craftable_Epic_Tanto",
										"Items.Craftable_Epic_Tanto",
										"Items.Craftable_Epic_Tanto",
										"Items.Craftable_Rare_Zhuo",
										"Items.Craftable_Epic_Sidewinder",
										"Items.Craftable_Rare_Katana",
										"Items.Craftable_Rare_Bat",
										"Items.Craftable_Rare_Katana",
										"Items.PingProgram",
										"Items.Craftable_Rare_Sidewinder",
										"Items.Craftable_Epic_Katana",
										"Items.Craftable_Rare_Sidewinder",
										"Items.Craftable_Rare_Sidewinder",
										"Items.Craftable_Rare_Sidewinder",
										"Items.Craftable_Rare_Sidewinder",
										"Items.Craftable_Rare_Tanto",
										"Items.KenjutsuSkillbook",
										"Items.KenjutsuSkillbook",
										"Items.Craftable_Epic_Tire_Iron"
									]
								}]
							}
						}
					}
				}
			}, {
				"trigger": {
					"auto": {
						"name": "check_value",
						"value": "killed",
						"target": "strongarms",
						"operator": "contains",
						"context": [{
							"trigger": {
								"auto": {
									"name": "auto"
								}
							},
							"requirement": [
								["auto"]
							],
							"prop": {
								"value": {
									"type": "text",
									"text": "##test",
									"values": {
										"test": {
											"type": "entity",
											"key": "appearance",
											"tag": "last_killed"
										}
									}
								}
							}
						}]
					}
				},
				"requirement": [
					["auto"]
				],
				"prop": {
					"value": {
						"text": "##gangname2",
						"values": {
							"gangname2": {
								"type": "list",
								"items": [{
									"type": "random_text",
									"list": [
										"Items.Craftable_Epic_Tanto",
										"Items.PingProgram",
										"Items.Craftable_Epic_Tanto",
										"Items.Craftable_Epic_Tomahawk",
										"Items.Craftable_Epic_Bat",
										"Items.NeoFiberEpic",
										"Items.EnhancedTissueRare",
										"Items.Craftable_Rare_Machete",
										"Items.Craftable_Rare_Machete",
										"Items.Craftable_Rare_Machete",
										"Items.Craftable_Rare_Machete",
										"Items.Craftable_Epic_Tanto",
										"Items.Craftable_Epic_Tanto",
										"Items.Craftable_Epic_Tanto",
										"Items.BrawlingSkillbook",
										"Items.BrawlingSkillbook",
										"Items.Craftable_Epic_Iron_Pipe",
										"Items.BerserkC2MK3",
										"Items.Craftable_Rare_Tanto",
										"Items.Craftable_Epic_Tire_Iron"
									]
								}]
							}
						}
					}
				}
			}, {
				"trigger": {
					"auto": {
						"name": "check_value",
						"value": "killed",
						"target": "ozeki",
						"operator": "contains",
						"context": [{
							"trigger": {
								"auto": {
									"name": "auto"
								}
							},
							"requirement": [
								["auto"]
							],
							"prop": {
								"value": {
									"type": "text",
									"text": "##test",
									"values": {
										"test": {
											"type": "entity",
											"key": "appearance",
											"tag": "last_killed"
										}
									}
								}
							}
						}]
					}
				},
				"requirement": [
					["auto"]
				],
				"prop": {
					"value": {
						"text": "##gangname2",
						"values": {
							"gangname2": {
								"type": "list",
								"items": [{
									"type": "random_text",
									"list": [
										"Items.Craftable_Epic_Tanto",
										"Items.Craftable_Epic_Tanto",
										"Items.Craftable_Epic_Tanto",
										"Items.Craftable_Epic_Tomahawk",
										"Items.Craftable_Epic_Bat",
										"Items.NeoFiberEpic",
										"Items.Craftable_Epic_Kanabo",
										"Items.Craftable_Epic_Kanabo",
										"Items.Craftable_Epic_Kanabo",
										"Items.Craftable_Epic_Kanabo",
										"Items.Craftable_Epic_Sidewinder",
										"Items.BrawlingSkillbook",
										"Items.BrawlingSkillbook",
										"Items.BrawlingSkillbook",
										"Items.Craftable_Rare_Tanto",
										"Items.Craftable_Epic_Tire_Iron"
									]
								}]
							}
						}
					}
				}
			}]
		}],
		"else_action": [{}]
	}, {
		"name": "if",
		"trigger": {

			"name": "check_value",
			"value": "killed",
			"target": "maelstrom",
			"operator": "contains",
			"context": [{
				"trigger": {
					"auto": {
						"name": "auto"
					}
				},
				"requirement": [
					["auto"]
				],
				"prop": {
					"value": {
						"type": "text",
						"text": "##test",
						"values": {
							"test": {
								"type": "entity",
								"key": "appearance",
								"tag": "last_killed"
							}
						}
					}
				}
			}]
		},
		"if_action": [{

			"name": "loot_item",
			"target": "player",
			"value": ["Items.Preset_Pulsar_Pimp"],
			"z": 0,
			"x": 0,
			"y": 0,
			"context": [{
				"trigger": {
					"auto": {
						"name": "auto"
					}
				},
				"requirement": [
					["auto"]
				],
				"prop": {
					"x": {
						"type": "number",
						"text": "##test",
						"values": {
							"test": {
								"type": "entity",
								"tag": "last_killed",
								"key": "position",
								"prop": "x"

							}
						}
					},
					"y": {
						"type": "number",
						"text": "##test",
						"values": {

							"test": {
								"type": "entity",
								"tag": "last_killed",
								"key": "position",
								"prop": "y"
							}
						}
					},
					"z": {
						"type": "number",
						"text": "##test",
						"values": {
							"test": {
								"type": "entity",
								"tag": "last_killed",
								"key": "position",
								"prop": "z"
							}
						}
					}
				}
			}, {
				"trigger": {
					"auto": {
						"name": "testFor",
						"triggers": [{
								"name": "check_value",
								"value": "killed",
								"target": "wa_grunt",
								"operator": "contains",
								"context": [{
									"trigger": {
										"auto": {
											"name": "auto"
										}
									},
									"requirement": [
										["auto"]
									],
									"prop": {
										"value": {
											"type": "text",
											"text": "##test",
											"values": {
												"test": {
													"type": "entity",
													"key": "appearance",
													"tag": "last_killed"
												}
											}
										}
									}
								}]
							},
							{
								"name": "check_value",
								"value": "killed",
								"target": "wa_grunt",
								"operator": "contains",
								"context": [{
									"trigger": {
										"auto": {
											"name": "auto"
										}
									},
									"requirement": [
										["auto"]
									],
									"prop": {
										"value": {
											"type": "text",
											"text": "##test",
											"values": {
												"test": {
													"type": "entity",
													"key": "appearance",
													"tag": "last_killed"
												}
											}
										}
									}
								}]
							}
						],
						"logic": "or"
					}
				},
				"requirement": [
					["auto"]
				],
				"prop": {
					"value": {
						"text": "##gangname2",
						"values": {
							"gangname2": {
								"type": "list",
								"items": [{
									"type": "random_text",
									"list": [
										"Items.Craftable_Epic_Nova",
										"Items.Craftable_Uncommon_Combat_Knife",
										"Items.Craftable_Rare_Copperhead",
										"Items.Craftable_Rare_Copperhead",
										"Items.Craftable_Rare_Copperhead",
										"Items.Craftable_Epic_Copperhead",
										"Items.Craftable_Epic_Copperhead",
										"Items.Craftable_Rare_Tire_Iron",
										"Items.Craftable_Epic_Tire_Iron",
										"Items.Craftable_Epic_Tire_Iron",
										"Items.Craftable_Epic_Tire_Iron",
										"Items.Craftable_Epic_Tire_Iron",
										"Items.Craftable_Legendary_Crowbar",
										"Items.Craftable_Rare_Tire_Iron",
										"Items.Craftable_Rare_Tire_Iron",
										"Items.Craftable_Rare_Tire_Iron",
										"Items.Craftable_Rare_Bat",
										"Items.Craftable_Rare_Bat",
										"Items.Craftable_Epic_Bat",
										"Items.Craftable_Epic_Lexington",
										"Items.Craftable_Epic_Lexington",
										"Items.Craftable_Epic_Lexington",
										"Items.Craftable_Epic_Lexington",
										"Items.Craftable_Epic_Lexington",
										"Items.Craftable_Epic_Tire_Iron"
									]
								}]
							}
						}
					}
				}
			}, {
				"trigger": {
					"auto": {
						"name": "check_value",
						"value": "killed",
						"target": "fast",
						"operator": "contains",
						"context": [{
							"trigger": {
								"auto": {
									"name": "auto"
								}
							},
							"requirement": [
								["auto"]
							],
							"prop": {
								"value": {
									"type": "text",
									"text": "##test",
									"values": {
										"test": {
											"type": "entity",
											"key": "appearance",
											"tag": "last_killed"
										}
									}
								}
							}
						}]
					}
				},
				"requirement": [
					["auto"]
				],
				"prop": {
					"value": {
						"text": "##gangname2",
						"values": {
							"gangname2": {
								"type": "list",
								"items": [{
									"type": "random_text",
									"list": [
										"Items.Craftable_Epic_Knife",
										"Items.Craftable_Uncommon_Combat_Knife",
										"Items.Craftable_Epic_Copperhead",
										"Items.Craftable_Epic_Copperhead",
										"Items.Craftable_Epic_Copperhead",
										"Items.Craftable_Rare_Tire_Iron",
										"Items.Craftable_Rare_Butchers_Knife",
										"Items.Craftable_Rare_Butchers_Knife",
										"Items.Craftable_Legendary_Machete",
										"Items.Craftable_Epic_Crowbar",
										"Items.Craftable_Epic_Crowbar",
										"Items.Craftable_Epic_Crowbar",
										"Items.Craftable_Epic_Carnage",
										"Items.Craftable_Rare_Crusher",
										"Items.Craftable_Epic_Crusher",
										"Items.Craftable_Rare_Crusher",
										"Items.Craftable_Epic_Tire_Iron"
									]
								}]
							}
						}
					}
				}
			}, {
				"trigger": {
					"auto": {
						"name": "check_value",
						"value": "killed",
						"target": "techie",
						"operator": "contains",
						"context": [{
							"trigger": {
								"auto": {
									"name": "auto"
								}
							},
							"requirement": [
								["auto"]
							],
							"prop": {
								"value": {
									"type": "text",
									"text": "##test",
									"values": {
										"test": {
											"type": "entity",
											"key": "appearance",
											"tag": "last_killed"
										}
									}
								}
							}
						}]
					}
				},
				"requirement": [
					["auto"]
				],
				"prop": {
					"value": {
						"text": "##gangname2",
						"values": {
							"gangname2": {
								"type": "list",
								"items": [{
									"type": "random_text",
									"list": [
										"Items.KiroshiOpticsEpic",
										"Items.Craftable_Rare_Tactician",
										"Items.Craftable_Epic_Carnage",
										"Items.EngineeringSkillbook",
										"Items.Craftable_Epic_Butchers_Knife",
										"Items.Craftable_Epic_Butchers_Knife",
										"Items.Craftable_Legendary_Crusher",
										"Items.EngineeringSkillbook",
										"Items.Craftable_Rare_Crusher",
										"Items.Craftable_Epic_Crusher",
										"Items.Craftable_Rare_Crusher",
										"Items.Craftable_Rare_Tactician"
									]
								}]
							}
						}
					}
				}
			}, {
				"trigger": {
					"auto": {
						"name": "check_value",
						"value": "killed",
						"target": "netrunner",
						"operator": "contains",
						"context": [{
							"trigger": {
								"auto": {
									"name": "auto"
								}
							},
							"requirement": [
								["auto"]
							],
							"prop": {
								"value": {
									"type": "text",
									"text": "##test",
									"values": {
										"test": {
											"type": "entity",
											"key": "appearance",
											"tag": "last_killed"
										}
									}
								}
							}
						}]
					}
				},
				"requirement": [
					["auto"]
				],
				"prop": {
					"value": {
						"text": "##gangname2",
						"values": {
							"gangname2": {
								"type": "list",
								"items": [{
									"type": "random_text",
									"list": [
										"Items.Craftable_Rare_Quasar",
										"Items.Craftable_Rare_Tactician",
										"Items.Craftable_Rare_Tactician",
										"Items.DisableCyberwareLvl3Program",
										"Items.SystemCollapseLvl4Program",
										"Items.WhistleLvl2Program",
										"Items.GrenadeExplodeLvl3Program",
										"Items.MemoryWipeLvl3Program",
										"Items.OverheatLvl4Program",
										"Items.WhistleLvl2Program",
										"Items.ContagionProgram",
										"Items.CombatHackingSkillbook",
										"Items.CombatHackingSkillbook",
										"Items.CombatHackingSkillbook",
										"Items.Craftable_Rare_Tactician"
									]
								}]
							}
						}
					}
				}
			}, {
				"trigger": {
					"auto": {
						"name": "check_value",
						"value": "killed",
						"target": "strong",
						"operator": "contains",
						"context": [{
							"trigger": {
								"auto": {
									"name": "auto"
								}
							},
							"requirement": [
								["auto"]
							],
							"prop": {
								"value": {
									"type": "text",
									"text": "##test",
									"values": {
										"test": {
											"type": "entity",
											"key": "appearance",
											"tag": "last_killed"
										}
									}
								}
							}
						}]
					}
				},
				"requirement": [
					["auto"]
				],
				"prop": {
					"value": {
						"text": "##gangname2",
						"values": {
							"gangname2": {
								"type": "list",
								"items": [{
									"type": "random_text",
									"list": [
										"Items.PowerfulFabricEnhancer02",
										"Items.MantisBladesEpic",
										"Items.Craftable_Rare_Tactician",
										"Items.GrenadeFragSticky",
										"Items.KerenzikovEpic",
										"Items.SimpleFabricEnhancer05",
										"Items.GrenadeExplodeLvl3Program",
										"Items.MemoryWipeLvl3Program",
										"Items.OverheatLvl4Program",
										"Items.GrenadeIncendiarySticky",
										"Items.ContagionProgram",
										"Items.CombatHackingSkillbook",
										"Items.CombatHackingSkillbook",
										"Items.CombatHackingSkillbook",
										"Items.Craftable_Rare_Tactician"
									]
								}]
							}
						}
					}
				}
			}]
		}],
		"else_action": [{}]
	}, {
		"name": "if",
		"trigger": {

			"name": "check_value",
			"value": "killed",
			"target": "valentinos",
			"operator": "contains",
			"context": [{
				"trigger": {
					"auto": {
						"name": "auto"
					}
				},
				"requirement": [
					["auto"]
				],
				"prop": {
					"value": {
						"type": "text",
						"text": "##test",
						"values": {
							"test": {
								"type": "entity",
								"key": "appearance",
								"tag": "last_killed"
							}
						}
					}
				}
			}]
		},
		"if_action": [{

			"name": "loot_item",
			"target": "player",
			"value": ["Items.Preset_Pulsar_Pimp"],
			"z": 0,
			"x": 0,
			"y": 0,
			"context": [{
				"trigger": {
					"auto": {
						"name": "auto"
					}
				},
				"requirement": [
					["auto"]
				],
				"prop": {
					"x": {
						"type": "number",
						"text": "##test",
						"values": {
							"test": {
								"type": "entity",
								"tag": "last_killed",
								"key": "position",
								"prop": "x"

							}
						}
					},
					"y": {
						"type": "number",
						"text": "##test",
						"values": {

							"test": {
								"type": "entity",
								"tag": "last_killed",
								"key": "position",
								"prop": "y"
							}
						}
					},
					"z": {
						"type": "number",
						"text": "##test",
						"values": {
							"test": {
								"type": "entity",
								"tag": "last_killed",
								"key": "position",
								"prop": "z"
							}
						}
					}
				}
			}, {
				"trigger": {
					"auto": {
						"name": "testFor",
						"triggers": [{
								"name": "check_value",
								"value": "killed",
								"target": "strong_shotgun",
								"operator": "contains",
								"context": [{
									"trigger": {
										"auto": {
											"name": "auto"
										}
									},
									"requirement": [
										["auto"]
									],
									"prop": {
										"value": {
											"type": "text",
											"text": "##test",
											"values": {
												"test": {
													"type": "entity",
													"key": "appearance",
													"tag": "last_killed"
												}
											}
										}
									}
								}]
							},
							{
								"name": "check_value",
								"value": "killed",
								"target": "grunt",
								"operator": "contains",
								"context": [{
									"trigger": {
										"auto": {
											"name": "auto"
										}
									},
									"requirement": [
										["auto"]
									],
									"prop": {
										"value": {
											"type": "text",
											"text": "##test",
											"values": {
												"test": {
													"type": "entity",
													"key": "appearance",
													"tag": "last_killed"
												}
											}
										}
									}
								}]
							}
						],
						"logic": "or"
					}
				},
				"requirement": [
					["auto"]
				],
				"prop": {
					"value": {
						"text": "##gangname2",
						"values": {
							"gangname2": {
								"type": "list",
								"items": [{
									"type": "random_text",
									"list": [
										"Items.Craftable_Epic_Overture",
										"Items.CraftingSkillbook",
										"Items.Craftable_Rare_Nue",
										"Items.Craftable_Rare_Nue",
										"Items.GrenadeIncendiaryHoming",
										"Items.DemolitionSkillbook",
										"Items.DemolitionSkillbook",
										"Items.Craftable_Legendary_Ajax",
										"Items.Craftable_Epic_Overture",
										"Items.Craftable_Epic_Overture",
										"Items.Craftable_Epic_Nova",
										"Items.Craftable_Epic_Testera",
										"Items.Craftable_Epic_Testera",
										"Items.Craftable_Epic_Baton_Gamma",
										"Items.Craftable_Epic_Baton_Beta",
										"Items.Craftable_Epic_Nova",
										"Items.Craftable_Epic_Crusher",
										"Items.Craftable_Epic_Pipe_Wrench"
									]
								}]
							}
						}
					}
				}
			}, {
				"trigger": {
					"auto": {
						"name": "check_value",
						"value": "killed",
						"target": "akimbo",
						"operator": "contains",
						"context": [{
							"trigger": {
								"auto": {
									"name": "auto"
								}
							},
							"requirement": [
								["auto"]
							],
							"prop": {
								"value": {
									"type": "text",
									"text": "##test",
									"values": {
										"test": {
											"type": "entity",
											"key": "appearance",
											"tag": "last_killed"
										}
									}
								}
							}
						}]
					}
				},
				"requirement": [
					["auto"]
				],
				"prop": {
					"value": {
						"text": "##gangname2",
						"values": {
							"gangname2": {
								"type": "list",
								"items": [{
									"type": "random_text",
									"list": [
										"Items.Craftable_Epic_Machete",
										"Items.Craftable_Epic_Baton_Gamma",
										"Items.Craftable_Epic_Ajax",
										"Items.Craftable_Epic_Nova",
										"Items.Craftable_Epic_Nova",
										"Items.GunslingerSkillbook",
										"Items.GunslingerSkillbook",
										"Items.Craftable_Legendary_Ajax",
										"Items.Craftable_Epic_Overture",
										"Items.Craftable_Epic_Overture",
										"Items.Craftable_Epic_Baton_Gamma",
										"Items.Craftable_Legendary_Testera",
										"Items.Craftable_Epic_Nova",
										"Items.GunslingerSkillbook",
										"Items.GunslingerSkillbook"
									]
								}]
							}
						}
					}
				}
			}, {
				"trigger": {
					"auto": {
						"name": "check_value",
						"value": "killed",
						"target": "elite",
						"operator": "contains",
						"context": [{
							"trigger": {
								"auto": {
									"name": "auto"
								}
							},
							"requirement": [
								["auto"]
							],
							"prop": {
								"value": {
									"type": "text",
									"text": "##test",
									"values": {
										"test": {
											"type": "entity",
											"key": "appearance",
											"tag": "last_killed"
										}
									}
								}
							}
						}]
					}
				},
				"requirement": [
					["auto"]
				],
				"prop": {
					"value": {
						"text": "##gangname2",
						"values": {
							"gangname2": {
								"type": "list",
								"items": [{
									"type": "random_text",
									"list": [
										"Items.NanoWiresEpic",
										"Items.Craftable_Epic_Nova",
										"Items.CyberRotorsEpic",
										"Items.NeoFiberEpic",
										"Items.GunslingerSkillbook",
										"Items.PainReductor",
										"Items.DemolitionSkillbook",
										"Items.DemolitionSkillbook",
										"Items.Craftable_Epic_Baton_Gamma",
										"Items.SandevistanC2MK4",
										"Items.Craftable_Epic_Nova",
										"Items.GunslingerSkillbook",
										"Items.GunslingerSkillbook"
									]
								}]
							}
						}
					}
				}
			}, {
				"trigger": {
					"auto": {
						"name": "check_value",
						"value": "killed",
						"target": "sniper",
						"operator": "contains",
						"context": [{
							"trigger": {
								"auto": {
									"name": "auto"
								}
							},
							"requirement": [
								["auto"]
							],
							"prop": {
								"value": {
									"type": "text",
									"text": "##test",
									"values": {
										"test": {
											"type": "entity",
											"key": "appearance",
											"tag": "last_killed"
										}
									}
								}
							}
						}]
					}
				},
				"requirement": [
					["auto"]
				],
				"prop": {
					"value": {
						"text": "##gangname2",
						"values": {
							"gangname2": {
								"type": "list",
								"items": [{
									"type": "random_text",
									"list": [
										"Items.Craftable_Epic_Ashura",
										"Items.Craftable_Epic_Grad",
										"Items.Craftable_Epic_Grad",
										"Items.AssaultSkillbook",
										"Items.AssaultSkillbook",
										"Items.Craftable_Epic_Nekomata",
										"Items.ValentinosRangedWeaponMod",
										"Items.Craftable_Legendary_Yukimura",
										"Items.Craftable_Legendary_Achilles",
										"Items.Craftable_Epic_Nova",
										"Items.AssaultSkillbook",
										"Items.GunslingerSkillbook"
									]
								}]
							}
						}
					}
				}
			}]
		}],
		"else_action": [{}]
	}, {
		"name": "if",
		"trigger": {

			"name": "check_value",
			"value": "killed",
			"target": "6thstreet",
			"operator": "contains",
			"context": [{
				"trigger": {
					"auto": {
						"name": "auto"
					}
				},
				"requirement": [
					["auto"]
				],
				"prop": {
					"value": {
						"type": "text",
						"text": "##test",
						"values": {
							"test": {
								"type": "entity",
								"key": "appearance",
								"tag": "last_killed"
							}
						}
					}
				}
			}]
		},
		"if_action": [{

			"name": "loot_item",
			"target": "player",
			"value": ["Items.Preset_Pulsar_Pimp"],
			"z": 0,
			"x": 0,
			"y": 0,
			"context": [{
				"trigger": {
					"auto": {
						"name": "auto"
					}
				},
				"requirement": [
					["auto"]
				],
				"prop": {
					"x": {
						"type": "number",
						"text": "##test",
						"values": {
							"test": {
								"type": "entity",
								"tag": "last_killed",
								"key": "position",
								"prop": "x"

							}
						}
					},
					"y": {
						"type": "number",
						"text": "##test",
						"values": {

							"test": {
								"type": "entity",
								"tag": "last_killed",
								"key": "position",
								"prop": "y"
							}
						}
					},
					"z": {
						"type": "number",
						"text": "##test",
						"values": {
							"test": {
								"type": "entity",
								"tag": "last_killed",
								"key": "position",
								"prop": "z"
							}
						}
					}
				}
			}, {
				"trigger": {
					"auto": {
						"name": "testFor",
						"triggers": [{
								"name": "check_value",
								"value": "killed",
								"target": "hooligan",
								"operator": "contains",
								"context": [{
									"trigger": {
										"auto": {
											"name": "auto"
										}
									},
									"requirement": [
										["auto"]
									],
									"prop": {
										"value": {
											"type": "text",
											"text": "##test",
											"values": {
												"test": {
													"type": "entity",
													"key": "appearance",
													"tag": "last_killed"
												}
											}
										}
									}
								}]
							},
							{
								"name": "check_value",
								"value": "killed",
								"target": "party",
								"operator": "contains",
								"context": [{
									"trigger": {
										"auto": {
											"name": "auto"
										}
									},
									"requirement": [
										["auto"]
									],
									"prop": {
										"value": {
											"type": "text",
											"text": "##test",
											"values": {
												"test": {
													"type": "entity",
													"key": "appearance",
													"tag": "last_killed"
												}
											}
										}
									}
								}]
							},
							{
								"name": "check_value",
								"value": "killed",
								"target": "patrol",
								"operator": "contains",
								"context": [{
									"trigger": {
										"auto": {
											"name": "auto"
										}
									},
									"requirement": [
										["auto"]
									],
									"prop": {
										"value": {
											"type": "text",
											"text": "##test",
											"values": {
												"test": {
													"type": "entity",
													"key": "appearance",
													"tag": "last_killed"
												}
											}
										}
									}
								}]
							},
							{
								"name": "check_value",
								"value": "killed",
								"target": "menace",
								"operator": "contains",
								"context": [{
									"trigger": {
										"auto": {
											"name": "auto"
										}
									},
									"requirement": [
										["auto"]
									],
									"prop": {
										"value": {
											"type": "text",
											"text": "##test",
											"values": {
												"test": {
													"type": "entity",
													"key": "appearance",
													"tag": "last_killed"
												}
											}
										}
									}
								}]
							},
							{
								"name": "check_value",
								"value": "killed",
								"target": "veteran",
								"operator": "contains",
								"context": [{
									"trigger": {
										"auto": {
											"name": "auto"
										}
									},
									"requirement": [
										["auto"]
									],
									"prop": {
										"value": {
											"type": "text",
											"text": "##test",
											"values": {
												"test": {
													"type": "entity",
													"key": "appearance",
													"tag": "last_killed"
												}
											}
										}
									}
								}]
							}
						],
						"logic": "or"
					}
				},
				"requirement": [
					["auto"]
				],
				"prop": {
					"value": {
						"text": "##gangname2",
						"values": {
							"gangname2": {
								"type": "list",
								"items": [{
									"type": "random_text",
									"list": [
										"Items.Preset_Ajax_Moron_Legendary",
										"Items.AssaultSkillbook",
										"Items.Craftable_Epic_Ajax",
										"Items.Craftable_Rare_Ajax",
										"Items.Craftable_Epic_Ajax",
										"Items.Craftable_Rare_Ajax",
										"Items.Craftable_Epic_Nova",
										"Items.AssaultSkillbook",
										"Items.GrenadeBiohazardHoming",
										"Items.ChemicalDamageEdge",
										"Items.SimpleFabricEnhancer01",
										"Items.GrenadeReconSticky",
										"Items.AnimalsBerserkFragment1",
										"Items.GrenadeReconSticky",
										"Items.AthleticsSkillbook",
										"Items.Craftable_Epic_Unity",
										"Items.Craftable_Epic_Unity",
										"Items.Craftable_Epic_Unity",
										"Items.GrenadeReconSticky",
										"Items.GrenadeReconSticky",
										"Items.Craftable_Legendary_Liberty",
										"Items.GrenadeReconSticky",
										"Items.HealOnKillLegendary",
										"Items.GrenadeReconSticky"
									]
								}]
							}
						}
					}
				}

			}, {
				"trigger": {
					"auto": {
						"name": "check_value",
						"value": "killed",
						"target": "sniper",
						"operator": "contains",
						"context": [{
							"trigger": {
								"auto": {
									"name": "auto"
								}
							},
							"requirement": [
								["auto"]
							],
							"prop": {
								"value": {
									"type": "text",
									"text": "##test",
									"values": {
										"test": {
											"type": "entity",
											"key": "appearance",
											"tag": "last_killed"
										}
									}
								}
							}
						}]
					}
				},
				"requirement": [
					["auto"]
				],
				"prop": {
					"value": {
						"text": "##gangname2",
						"values": {
							"gangname2": {
								"type": "list",
								"items": [{
									"type": "random_text",
									"list": [
										"Items.Craftable_Epic_Ashura",
										"Items.Preset_Nekomata_Neon",
										"Items.ColdBloodSkillbook",
										"Items.ColdBloodSkillbook",
										"Items.ThermalDamageRound",
										"Items.PowerfulFabricEnhancer03",
										"Items.SimpleWeaponMod02",
										"Items.SimpleWeaponMod02",
										"Items.EngineeringSkillbook"
									]
								}]
							}
						}
					}
				}
			}]
		}],
		"else_action": [{}]
	}, {
		"name": "if",
		"trigger": {

			"name": "check_value",
			"value": "killed",
			"target": "animals",
			"operator": "contains",
			"context": [{
				"trigger": {
					"auto": {
						"name": "auto"
					}
				},
				"requirement": [
					["auto"]
				],
				"prop": {
					"value": {
						"type": "text",
						"text": "##test",
						"values": {
							"test": {
								"type": "entity",
								"key": "appearance",
								"tag": "last_killed"
							}
						}
					}
				}
			}]
		},
		"if_action": [{

			"name": "loot_item",
			"target": "player",
			"value": ["Items.Preset_Pulsar_Pimp"],
			"z": 0,
			"x": 0,
			"y": 0,
			"context": [{
				"trigger": {
					"auto": {
						"name": "auto"
					}
				},
				"requirement": [
					["auto"]
				],
				"prop": {
					"x": {
						"type": "number",
						"text": "##test",
						"values": {
							"test": {
								"type": "entity",
								"tag": "last_killed",
								"key": "position",
								"prop": "x"

							}
						}
					},
					"y": {
						"type": "number",
						"text": "##test",
						"values": {

							"test": {
								"type": "entity",
								"tag": "last_killed",
								"key": "position",
								"prop": "y"
							}
						}
					},
					"z": {
						"type": "number",
						"text": "##test",
						"values": {
							"test": {
								"type": "entity",
								"tag": "last_killed",
								"key": "position",
								"prop": "z"
							}
						}
					}
				}
			}, {
				"trigger": {
					"auto": {
						"name": "testFor",
						"triggers": [{
								"name": "check_value",
								"value": "killed",
								"target": "bouncer",
								"operator": "contains",
								"context": [{
									"trigger": {
										"auto": {
											"name": "auto"
										}
									},
									"requirement": [
										["auto"]
									],
									"prop": {
										"value": {
											"type": "text",
											"text": "##test",
											"values": {
												"test": {
													"type": "entity",
													"key": "appearance",
													"tag": "last_killed"
												}
											}
										}
									}
								}]
							},
							{
								"name": "check_value",
								"value": "killed",
								"target": "grunt",
								"operator": "contains",
								"context": [{
									"trigger": {
										"auto": {
											"name": "auto"
										}
									},
									"requirement": [
										["auto"]
									],
									"prop": {
										"value": {
											"type": "text",
											"text": "##test",
											"values": {
												"test": {
													"type": "entity",
													"key": "appearance",
													"tag": "last_killed"
												}
											}
										}
									}
								}]
							}
						],
						"logic": "or"
					}
				},
				"requirement": [
					["auto"]
				],
				"prop": {
					"value": {
						"text": "##gangname2",
						"values": {
							"gangname2": {
								"type": "list",
								"items": [{
									"type": "random_text",
									"list": ["Items.BerserkC2MK2",
										"Items.PowerGripEpic",
										"Items.PainReductor",
										"Items.PainReductor",
										"Items.PainReductor",
										"Items.PainReductor",
										"Items.PainReductor",
										"Items.PainReductor",
										"Items.FirstAidWhiffV2",
										"Items.FirstAidWhiffV2",
										"Items.StrongArmsEpic",
										"Items.BonesMcCoy70V2",
										"Items.DenseMarrowEpic",
										"Items.BonesMcCoy70V2",
										"Items.BonesMcCoy70V2",
										"Items.KerenzikovEpic",
										"Items.ReflexRecorderLegendary",
										"Items.NeoFiberEpic"
									]
								}]
							}
						}
					}
				}
			}, {
				"trigger": {
					"auto": {
						"name": "check_value",
						"value": "killed",
						"target": "elite",
						"operator": "contains",
						"context": [{
							"trigger": {
								"auto": {
									"name": "auto"
								}
							},
							"requirement": [
								["auto"]
							],
							"prop": {
								"value": {
									"type": "text",
									"text": "##test",
									"values": {
										"test": {
											"type": "entity",
											"key": "appearance",
											"tag": "last_killed"
										}
									}
								}
							}
						}]
					}
				},
				"requirement": [
					["auto"]
				],
				"prop": {
					"value": {
						"text": "##gangname2",
						"values": {
							"gangname2": {
								"type": "list",
								"items": [{
									"type": "random_text",
									"list": [
										"Items.BerserkC2MK2",
										"Items.PowerGripEpic",
										"Items.PainReductor",
										"Items.GrenadeFlashRegular",
										"Items.GrenadeFlashRegular",
										"Items.BerserkFragment3",
										"Items.BerserkFragment3",
										"Items.BrawlingSkillbook",
										"Items.FirstAidWhiffV2",
										"Items.BerserkFragment8",
										"Items.StrongArmsEpic",
										"Items.BonesMcCoy70V2",
										"Items.DenseMarrowEpic",
										"Items.ArmsCyberwareSharedFragment2",
										"Items.ArmsCyberwareSharedFragment3",
										"Items.BrawlingSkillbook",
										"Items.ReflexRecorderLegendary",
										"Items.BrawlingSkillbook"
									]
								}]
							}
						}
					}
				}
			}, {
				"trigger": {
					"auto": {
						"name": "check_value",
						"value": "killed",
						"target": "shotgun",
						"operator": "contains",
						"context": [{
							"trigger": {
								"auto": {
									"name": "auto"
								}
							},
							"requirement": [
								["auto"]
							],
							"prop": {
								"value": {
									"type": "text",
									"text": "##test",
									"values": {
										"test": {
											"type": "entity",
											"key": "appearance",
											"tag": "last_killed"
										}
									}
								}
							}
						}]
					}
				},
				"requirement": [
					["auto"]
				],
				"prop": {
					"value": {
						"text": "##gangname2",
						"values": {
							"gangname2": {
								"type": "list",
								"items": [{
									"type": "random_text",
									"list": [
										"Items.SandevistanFragment1",
										"Items.DenseMarrowEpic",
										"Items.DenseMarrowEpic",
										"Items.ChemicalDamageCable",
										"Items.DenseMarrowEpic",
										"Items.ChemicalDamageCable",
										"Items.BioConductorsEpic",
										"Items.ImprovedReactionEpic",
										"Items.SandevistanC1MK3",
										"Items.ChemicalDamageCable",
										"Items.ChemicalDamageCable",
										"Items.BerserkC3MK4",
										"Items.ChemicalDamageCable"
									]
								}]
							}
						}
					}
				}
			}]
		}],
		"else_action": [{}]
	}, {
		"name": "if",
		"trigger": {

			"name": "check_value",
			"value": "killed",
			"target": "scavenger",
			"operator": "contains",
			"context": [{
				"trigger": {
					"auto": {
						"name": "auto"
					}
				},
				"requirement": [
					["auto"]
				],
				"prop": {
					"value": {
						"type": "text",
						"text": "##test",
						"values": {
							"test": {
								"type": "entity",
								"key": "appearance",
								"tag": "last_killed"
							}
						}
					}
				}
			}]
		},
		"if_action": [{

			"name": "loot_item",
			"target": "player",
			"value": ["Items.Preset_Pulsar_Pimp"],
			"z": 0,
			"x": 0,
			"y": 0,
			"context": [{
				"trigger": {
					"auto": {
						"name": "auto"
					}
				},
				"requirement": [
					["auto"]
				],
				"prop": {
					"x": {
						"type": "number",
						"text": "##test",
						"values": {
							"test": {
								"type": "entity",
								"tag": "last_killed",
								"key": "position",
								"prop": "x"

							}
						}
					},
					"y": {
						"type": "number",
						"text": "##test",
						"values": {

							"test": {
								"type": "entity",
								"tag": "last_killed",
								"key": "position",
								"prop": "y"
							}
						}
					},
					"z": {
						"type": "number",
						"text": "##test",
						"values": {
							"test": {
								"type": "entity",
								"tag": "last_killed",
								"key": "position",
								"prop": "z"
							}
						}
					}
				}
			}, {
				"trigger": {
					"auto": {
						"name": "testFor",
						"triggers": [{
								"name": "check_value",
								"value": "killed",
								"target": "grunt",
								"operator": "contains",
								"context": [{
									"trigger": {
										"auto": {
											"name": "auto"
										}
									},
									"requirement": [
										["auto"]
									],
									"prop": {
										"value": {
											"type": "text",
											"text": "##test",
											"values": {
												"test": {
													"type": "entity",
													"key": "appearance",
													"tag": "last_killed"
												}
											}
										}
									}
								}]
							},
							{
								"name": "check_value",
								"value": "killed",
								"target": "fast",
								"operator": "contains",
								"context": [{
									"trigger": {
										"auto": {
											"name": "auto"
										}
									},
									"requirement": [
										["auto"]
									],
									"prop": {
										"value": {
											"type": "text",
											"text": "##test",
											"values": {
												"test": {
													"type": "entity",
													"key": "appearance",
													"tag": "last_killed"
												}
											}
										}
									}
								}]
							}
						],
						"logic": "or"
					}
				},
				"requirement": [
					["auto"]
				],
				"prop": {
					"value": {
						"text": "##gangname2",
						"values": {
							"gangname2": {
								"type": "list",
								"items": [{
									"type": "random_text",
									"list": [
										"Items.SandevistanFragment1",
										"Items.SimpleFabricEnhancer03",
										"Items.SimpleFabricEnhancer03",
										"Items.ExplosiveDamageRound",
										"Items.ExplosiveDamageRound",
										"Items.AnimalsStrongArmsBattery1",
										"Items.AnimalsStrongArmsBattery1",
										"Items.SandevistanFragment1",
										"Items.ArmsCyberwareSharedFragment3",
										"Items.ChemicalDamageCable",
										"Items.ChemicalDamageCable",
										"Items.BerserkC3MK4",
										"Items.ChemicalDamageCable"
									]
								}]
							}
						}
					}
				}
			}, {
				"trigger": {
					"auto": {
						"name": "check_value",
						"value": "killed",
						"target": "netrunner",
						"operator": "contains",
						"context": [{
							"trigger": {
								"auto": {
									"name": "auto"
								}
							},
							"requirement": [
								["auto"]
							],
							"prop": {
								"value": {
									"type": "text",
									"text": "##test",
									"values": {
										"test": {
											"type": "entity",
											"key": "appearance",
											"tag": "last_killed"
										}
									}
								}
							}
						}]
					}
				},
				"requirement": [
					["auto"]
				],
				"prop": {
					"value": {
						"text": "##gangname2",
						"values": {
							"gangname2": {
								"type": "list",
								"items": [{
									"type": "random_text",
									"list": [
										"Items.HackingSkillbook",
										"Items.HackingSkillbook",
										"Items.HackingSkillbook",
										"Items.CombatHackingSkillbook",
										"Items.CombatHackingSkillbook",
										"Items.CombatHackingSkillbook",
										"Items.LocomotionMalfunctionLvl3Program",
										"Items.LocomotionMalfunctionLvl3Program",
										"Items.PingLvl4Program",
										"Items.PingLvl4Program",
										"Items.PingLvl4Program",
										"Items.PingLvl4Program",
										"Items.PingLvl4Program",
										"Items.BlindLvl4Program",
										"Items.BlindLvl4Program",
										"Items.WeaponMalfunctionLvl3Program",
										"Items.WeaponMalfunctionLvl3Program",
										"Items.MemoryWipeLvl3Program",
										"Items.MemoryWipeLvl3Program",
										"Items.WeaponMalfunctionLvl4Program",
										"Items.RavenEpicMKIII",
										"Items.NetwatchNetdriverLegendaryMKV"
									]
								}]
							}
						}
					}
				}
			}, {
				"trigger": {
					"auto": {
						"name": "check_value",
						"value": "killed",
						"target": "shotgun",
						"operator": "contains",
						"context": [{
							"trigger": {
								"auto": {
									"name": "auto"
								}
							},
							"requirement": [
								["auto"]
							],
							"prop": {
								"value": {
									"type": "text",
									"text": "##test",
									"values": {
										"test": {
											"type": "entity",
											"key": "appearance",
											"tag": "last_killed"
										}
									}
								}
							}
						}]
					}
				},
				"requirement": [
					["auto"]
				],
				"prop": {
					"value": {
						"text": "##gangname2",
						"values": {
							"gangname2": {
								"type": "list",
								"items": [{
									"type": "random_text",
									"list": [
										"Items.CraftingSkillbook",
										"Items.DemolitionSkillbook",
										"Items.DemolitionSkillbook",
										"Items.Craftable_Epic_Burya",
										"Items.Craftable_Epic_Burya",
										"Items.Craftable_Epic_Crusher",
										"Items.Craftable_Epic_Pipe_Wrench"
									]
								}]
							}
						}
					}
				}
			}]
		}],
		"else_action": [{}]
	}, {
		"name": "if",
		"trigger": {

			"name": "check_value",
			"value": "killed",
			"target": "voodoo",
			"operator": "contains",
			"context": [{
				"trigger": {
					"auto": {
						"name": "auto"
					}
				},
				"requirement": [
					["auto"]
				],
				"prop": {
					"value": {
						"type": "text",
						"text": "##test",
						"values": {
							"test": {
								"type": "entity",
								"key": "appearance",
								"tag": "last_killed"
							}
						}
					}
				}
			}]
		},
		"if_action": [{

			"name": "loot_item",
			"target": "player",
			"value": ["Items.Preset_Pulsar_Pimp"],
			"z": 0,
			"x": 0,
			"y": 0,
			"context": [{
				"trigger": {
					"auto": {
						"name": "auto"
					}
				},
				"requirement": [
					["auto"]
				],
				"prop": {
					"x": {
						"type": "number",
						"text": "##test",
						"values": {
							"test": {
								"type": "entity",
								"tag": "last_killed",
								"key": "position",
								"prop": "x"

							}
						}
					},
					"y": {
						"type": "number",
						"text": "##test",
						"values": {

							"test": {
								"type": "entity",
								"tag": "last_killed",
								"key": "position",
								"prop": "y"
							}
						}
					},
					"z": {
						"type": "number",
						"text": "##test",
						"values": {
							"test": {
								"type": "entity",
								"tag": "last_killed",
								"key": "position",
								"prop": "z"
							}
						}
					}
				}
			}, {
				"trigger": {
					"auto": {
						"name": "testFor",
						"triggers": [{
								"name": "check_value",
								"value": "killed",
								"target": "grunt",
								"operator": "contains",
								"context": [{
									"trigger": {
										"auto": {
											"name": "auto"
										}
									},
									"requirement": [
										["auto"]
									],
									"prop": {
										"value": {
											"type": "text",
											"text": "##test",
											"values": {
												"test": {
													"type": "entity",
													"key": "appearance",
													"tag": "last_killed"
												}
											}
										}
									}
								}]
							},
							{
								"name": "check_value",
								"value": "killed",
								"target": "fast",
								"operator": "contains",
								"context": [{
									"trigger": {
										"auto": {
											"name": "auto"
										}
									},
									"requirement": [
										["auto"]
									],
									"prop": {
										"value": {
											"type": "text",
											"text": "##test",
											"values": {
												"test": {
													"type": "entity",
													"key": "appearance",
													"tag": "last_killed"
												}
											}
										}
									}
								}]
							}
						],
						"logic": "or"
					}
				},
				"requirement": [
					["auto"]
				],
				"prop": {
					"value": {
						"text": "##gangname2",
						"values": {
							"gangname2": {
								"type": "list",
								"items": [{
									"type": "random_text",
									"list": [
										"Items.SandevistanFragment1",
										"Items.SimpleFabricEnhancer03",
										"Items.SimpleFabricEnhancer03",
										"Items.ExplosiveDamageRound",
										"Items.ExplosiveDamageRound",
										"Items.AnimalsStrongArmsBattery1",
										"Items.AnimalsStrongArmsBattery1",
										"Items.SandevistanFragment1",
										"Items.ArmsCyberwareSharedFragment3",
										"Items.ChemicalDamageCable",
										"Items.ChemicalDamageCable",
										"Items.BerserkC3MK4",
										"Items.ChemicalDamageCable"
									]
								}]
							}
						}
					}
				}
			}, {
				"trigger": {
					"auto": {
						"name": "check_value",
						"value": "killed",
						"target": "netrunner",
						"operator": "contains",
						"context": [{
							"trigger": {
								"auto": {
									"name": "auto"
								}
							},
							"requirement": [
								["auto"]
							],
							"prop": {
								"value": {
									"type": "text",
									"text": "##test",
									"values": {
										"test": {
											"type": "entity",
											"key": "appearance",
											"tag": "last_killed"
										}
									}
								}
							}
						}]
					}
				},
				"requirement": [
					["auto"]
				],
				"prop": {
					"value": {
						"text": "##gangname2",
						"values": {
							"gangname2": {
								"type": "list",
								"items": [{
									"type": "random_text",
									"list": [
										"Items.HackingSkillbook",
										"Items.HackingSkillbook",
										"Items.HackingSkillbook",
										"Items.CombatHackingSkillbook",
										"Items.CombatHackingSkillbook",
										"Items.CombatHackingSkillbook",
										"Items.LocomotionMalfunctionLvl3Program",
										"Items.LocomotionMalfunctionLvl3Program",
										"Items.PingLvl4Program",
										"Items.PingLvl4Program",
										"Items.PingLvl4Program",
										"Items.PingLvl4Program",
										"Items.PingLvl4Program",
										"Items.BlindLvl4Program",
										"Items.BlindLvl4Program",
										"Items.WeaponMalfunctionLvl3Program",
										"Items.WeaponMalfunctionLvl3Program",
										"Items.MemoryWipeLvl3Program",
										"Items.MemoryWipeLvl3Program",
										"Items.WeaponMalfunctionLvl4Program",
										"Items.RavenEpicMKIII",
										"Items.NetwatchNetdriverLegendaryMKV"
									]
								}]
							}
						}
					}
				}
			}, {
				"trigger": {
					"auto": {
						"name": "check_value",
						"value": "killed",
						"target": "shotgun",
						"operator": "contains",
						"context": [{
							"trigger": {
								"auto": {
									"name": "auto"
								}
							},
							"requirement": [
								["auto"]
							],
							"prop": {
								"value": {
									"type": "text",
									"text": "##test",
									"values": {
										"test": {
											"type": "entity",
											"key": "appearance",
											"tag": "last_killed"
										}
									}
								}
							}
						}]
					}
				},
				"requirement": [
					["auto"]
				],
				"prop": {
					"value": {
						"text": "##gangname2",
						"values": {
							"gangname2": {
								"type": "list",
								"items": [{
									"type": "random_text",
									"list": [
										"Items.CraftingSkillbook",
										"Items.DemolitionSkillbook",
										"Items.DemolitionSkillbook",
										"Items.Craftable_Epic_Burya",
										"Items.Craftable_Epic_Burya",
										"Items.Craftable_Epic_Crusher",
										"Items.Craftable_Epic_Pipe_Wrench"
									]
								}]
							}
						}
					}
				}
			}]
		}],
		"else_action": [{}]
	}, {
		"name": "wait_second",
		"value": 1
	}, {
		"name": "reset_last_killed_entity"
	}, {
		"name": "wait_second",
		"value": 0.5
	}, {
		"name": "do_event",
		"value": "loot_refresher",
		"parallele": false
	}]
}