{	
	"name": "Quota_ncpd_system",
	"tag": "Quota_ncpd_system",
	"way": "init",
	"trigger": {
		"trigger03": {
			"name": "check_score",
		"value":"Quota",
		"key":"Score",
		"score": 1,
		"operator":">"
		}
	},
	"requirement": [
		[
			"trigger03"
		]
	],
	"action": [{
			"name": "wait_for_trigger",
			"trigger": {
				"name": "check_score",
		"value":"Quota",
		"key":"Score",
		"score": 31,
		"operator":"="
			}
		}, {
			"name": "phone_notification",
		"title": "Regina: Hey, helping make Quotas?",
		"desc": "I wanna Gift you some stuff for your help. It's only fair, right?.",
		"duration": 5,
		"conversation":"reg_msg_01"
		}
	]

}