{
	"name": "ambush",
	"tag": "ambush",
	"action": [{
		"name": "if",
		"trigger": {
			"name": "can_use_preventionsystemspawn"
		},
		"if_action": [{
				"name": "phone_notification",
				"title": "UNKNOWN: You're Fucked!",
				"desc": "!!!!!!!!!!",
				"duration": 4,
				"conversation": ""
			}, {
				"max": 9999,
				"min": 1,
				"name": "random_custom_score",
				"variable": "ambush_score"
			}, {
				"name": "spawn_npc",
				"tag": "ambush",
				"spawnlevel": 36,
				"use_police_prevention_system": true,
				"group": "ambushteam",
				"appearance": "none",
				"create_group_if_not_exist": true,
				"source": "faction",
				"source_helper": "npc||current_star||faction||current_district_leader||current_subdistrict_leader||district_leader||subdistrict_leader||random||from_list",
				"source_tag": "faction_scavengers",
				"source_tag_helper": "Character.Judy||faction_mox||district_westbrook||NorthOaks",
				"source_list": [
					"Character.Judy"
				],
				"source_use_vip": false,
				"source_use_rival": true,
				"position": "poi",
				"position_helper": "at||relative_to_entity||node||current_node||poi||mappin||fasttravel||current_fasttravel||custom_place||custom_room||current_custom_place||current_custom_room",
				"position_tag": "",
				"position_tag_helper": "judy01||playerhouse01||playerhouse_bed||",
				"position_way": "normal",
				"position_way_helper": "normal||behind||forward",
				"position_poi_district": "",
				"position_poi_subdistrict": "",
				"position_poi_is_for_car": false,
				"position_poi_from_position": true,
				"position_poi_use_location_tag": false,
				"position_poi_range": 30,
				"position_poi_type": 77,
				"position_distance": 30,
				"position_house_way": "default||enter||exit",
				"position_house_tag": "playerhouse01",
				"position_node_current_detection_range": 70,
				"position_node_usegameplay": false,
				"x": 0,
				"y": 0,
				"z": 0,
				"amount": 5,
				"help": "This action will summon a custom npc with several custom parameter ",
				"helper": "This action will summon a custom npc with several custom parameter ",
				"helperTitle": "Entity : Spawn NPC",
				"position_range": 40,
				"context": [{
					"trigger": {
						"auto": {
							"name": "check_score",
							"value": "Datapack",
							"key": "Difficulty",
							"score": 1,
							"operator": "="
						}
					},
					"requirement": [
						["auto"]
					],
					"prop": {
						"amount": {
							"type": "number",
							"text": "##1",
							"values": {
								"1": {
									"type": "random_number",
									"list": [4, 5, 6]
								}
							}
						},
						"tag": {
							"text": "ambush##amountnumber1",
							"type": "text",
							"values": {
								"amountnumber1": {
									"key": "Score",
									"type": "score",
									"variable": "ambush_score"
								}
							}
						}
					}
				}, {
					"trigger": {
						"auto": {
							"name": "check_score",
							"value": "Datapack",
							"key": "Difficulty",
							"score": 2,
							"operator": "="
						}
					},
					"requirement": [
						["auto"]
					],
					"prop": {
						"amount": {
							"type": "number",
							"text": "##1",
							"values": {
								"1": {
									"type": "random_number",
									"list": [8, 9, 10, 12]
								}
							}
						}
					}
				}, {
					"trigger": {
						"auto": {
							"name": "check_score",
							"value": "Datapack",
							"key": "Difficulty",
							"score": 3,
							"operator": "="
						}
					},
					"requirement": [
						["auto"]
					],
					"prop": {
						"amount": {
							"type": "number",
							"text": "##1",
							"values": {
								"1": {
									"type": "random_number",
									"list": [12, 14, 15, 16]
								}
							}
						}
					}
				}, {
					"trigger": {
						"auto": {
							"name": "check_score",
							"value": "Datapack",
							"key": "Difficulty",
							"score": 4,
							"operator": "="
						}
					},
					"requirement": [
						["auto"]
					],
					"prop": {
						"amount": {
							"type": "number",
							"text": "##1",
							"values": {
								"1": {
									"type": "random_number",
									"list": [18, 20, 22, 24]
								}
							}
						}
					}
				}, {
					"trigger": {
						"auto": {
							"name": "check_score",
							"value": "Datapack",
							"key": "Difficulty",
							"score": 5,
							"operator": "="
						}
					},
					"requirement": [
						["auto"]
					],
					"prop": {
						"amount": {
							"type": "number",
							"text": "##1",
							"values": {
								"1": {
									"type": "random_number",
									"list": [30, 50]
								}
							}
						}
					}
				}, {
					"trigger": {
						"auto": {
							"name": "auto"
						}
					},
					"requirement": [
						["auto"]
					],
					"prop": {
						"source_tag": {
							"type": "text",
							"text": "##3",
							"values": {
								"3": {
									"type": "variable",
									"variable": "player",
									"key": "current_gang"
								}
							}
						}
					}
				}]
			},
			{
				"name": "wait_second",
				"value": 3,
				"help": "Wait x second"
			},
			{
				"name": "move",
				"tag": "ambushteam",
				"group": true,
				"move": "Sprint",
				"position": "at",
				"position_helper": "at||relative_to_entity||node||player_look_at||poi||mappin||fasttravel||custom_place||custom_room",
				"position_change_helper": "Write 'current' in position_tag for get current node,mappin, fasttravel, custom_place or custom_room. \n For poi if you write 'current' in position_poi_district you will get the current district, \n if you write 'current in position_poi_subdistrict you will get the current subdistrict. \n also if you write 'random' in position_poi_subdistrict or position_poi_district, you will get an 'random' value",
				"position_range": 50,
				"position_lookatdistance": 0,
				"position_tag": "",
				"position_tag_helper": "judy01||playerhouse01||playerhouse_bed||",
				"position_way": "normal",
				"position_way_helper": "normal||behind||forward",
				"position_poi_district": "",
				"position_poi_subdistrict": "",
				"position_poi_is_for_car": false,
				"position_poi_from_position": false,
				"position_poi_use_location_tag": false,
				"position_poi_type": 1,
				"position_distance": 5,
				"position_house_way": "default",
				"position_house_way_helper": "default||enter||exit",
				"position_house_tag": "playerhouse01",
				"position_node_usegameplay": false,
				"x": 0,
				"y": 0,
				"z": 0,
				"moveV2": true,
				"roll": 0,
				"pitch": 0,
				"yaw": 0,
				"distance": 0,
				"distancetolerance": 0,
				"ignorenavigation": true,
				"stoponobstacle": false,
				"outofway": false,
				"help": "This action will move an entity with several custom parameter ",
				"helper": "This action will move an entity with several custom parameter ",
				"helperTitle": "Entity : Move To",
				"context": [{
					"trigger": {
						"auto": {
							"name": "auto"
						}
					},
					"requirement": [
						["auto"]
					],
					"prop": {
						"x": {
							"type": "number",
							"text": "##playerpositionx",
							"values": {
								"playerpositionx": {
									"type": "variable",
									"variable": "player_position",
									"key": "x"
								}
							}
						},
						"y": {
							"type": "number",
							"text": "##playerpositiony",
							"values": {
								"playerpositiony": {
									"type": "variable",
									"variable": "player_position",
									"key": "y"
								}
							}
						},
						"z": {
							"type": "number",
							"text": "##playerpositionz",
							"values": {
								"playerpositionz": {
									"type": "variable",
									"variable": "player_position",
									"key": "z"
								}
							}
						}
					}
				}]
			},
			{
				"name": "look_at_entity_group",
				"tag": "ambushteam",
				"entity": "player"
			},
			{
				"name": "wait_second",
				"value": 1,
				"help": "Wait x second"
			},
			{
				"name": "attitude_group_against_entity",
				"attitude": "hostile",
				"tag": "ambushteam",
				"entity": "player"
			},
			{
				"name": "play_group_voice",
				"tag": "ambushteam",
				"voice": "battlecry_curse"
			},
			{
				"name": "wait_for_trigger",
				"trigger": {
					"name": "killed_group",
					"tag": "ambushteam"
				}
			},
			{
				"name": "despawn_group",
				"tag": "ambushteam"
			},
			{
				"name": "wait_second",
				"value": 1,
				"help": "Wait x second"
			},
			{
				"name": "remove_group",
				"tag": "ambushteam"
			}
		],
		"else_action": [{}]
	}]
}