{"action":[{"name":"spawn_vehicule_v2","tag":"block1","spawnlevel":36,"appearance":"none","spawn_system":3,"group":"","create_group_if_not_exist":false,"source":"vehicle","source_helper":"vehicle||faction||current_district_leader||current_subdistrict_leader||district_leader||subdistrict_leader||random||from_list","source_tag":"Vehicle.cs_savable_thorton_galena_maelstrom","source_list":["Vehicle.cs_savable_archer_hella_police_siren"],"source_tag_helper":"Vehicle.cs_savable_archer_hella_police_siren||faction_mox||district_westbrook||NorthOaks","source_use_rival":false,"position":"poi","position_helper":"at||relative||node||current_node||poi||mappin||fasttravel||current_fasttravel||custom_place||custom_room||current_custom_place||current_custom_room","position_tag":"","position_way":"forward","position_tag_helper":"judy01||playerhouse01||playerhouse_bed||","position_way_helper":"normal||behind||forward","position_poi_district":"Watson","position_poi_subdistrict":"Northside","position_poi_is_for_car":false,"position_poi_from_position":true,"position_poi_use_location_tag":false,"position_poi_range":50,"position_poi_type":2,"position_distance":5,"position_house_way":"default","position_house_way_helper":"default||enter||exit","position_house_tag":"playerhouse01","position_node_current_detection_range":70,"position_node_usegameplay":false,"x":6,"y":-2,"z":0,"amount":1,"isAV":false,"appears_from_behind":false,"wait_for_vehicle":false,"position_range":50},{"name":"wait_second","value":1},{"name":"vehicle_change_engine","value":"on","tag":"block1"},{"name":"spawn_vehicule_v2","tag":"block2","spawnlevel":36,"appearance":"none","spawn_system":3,"group":"","create_group_if_not_exist":false,"source":"vehicle","source_helper":"vehicle||faction||current_district_leader||current_subdistrict_leader||district_leader||subdistrict_leader||random||from_list","source_tag":"Vehicle.mq026_maelstrom_car","source_list":["Vehicle.cs_savable_archer_hella_police_siren"],"source_tag_helper":"Vehicle.cs_savable_archer_hella_police_siren||faction_mox||district_westbrook||NorthOaks","source_use_rival":false,"position":"poi","position_helper":"at||relative||node||current_node||poi||mappin||fasttravel||current_fasttravel||custom_place||custom_room||current_custom_place||current_custom_room","position_tag":"","position_way":"forward","position_tag_helper":"judy01||playerhouse01||playerhouse_bed||","position_way_helper":"normal||behind||forward","position_poi_district":"Watson","position_poi_subdistrict":"Northside","position_poi_is_for_car":false,"position_poi_from_position":true,"position_poi_use_location_tag":false,"position_poi_range":50,"position_poi_type":2,"position_distance":5,"position_house_way":"default","position_house_way_helper":"default||enter||exit","position_house_tag":"playerhouse01","position_node_current_detection_range":70,"position_node_usegameplay":false,"x":2,"y":-2,"z":0,"amount":1,"isAV":false,"appears_from_behind":false,"wait_for_vehicle":false,"position_range":50},{"name":"wait_second","value":1},{"name":"vehicle_change_engine","value":"on","tag":"block2"},{"name":"spawn_vehicule_v2","tag":"block3","spawnlevel":36,"appearance":"none","spawn_system":3,"group":"","create_group_if_not_exist":false,"source":"vehicle","source_helper":"vehicle||faction||current_district_leader||current_subdistrict_leader||district_leader||subdistrict_leader||random||from_list","source_tag":"Vehicle.cs_savable_chevalier_thrax_maelstrom","source_list":["Vehicle.cs_savable_archer_hella_police_siren"],"source_tag_helper":"Vehicle.cs_savable_archer_hella_police_siren||faction_mox||district_westbrook||NorthOaks","source_use_rival":false,"position":"poi","position_helper":"at||relative||node||current_node||poi||mappin||fasttravel||current_fasttravel||custom_place||custom_room||current_custom_place||current_custom_room","position_tag":"","position_way":"forward","position_tag_helper":"judy01||playerhouse01||playerhouse_bed||","position_way_helper":"normal||behind||forward","position_poi_district":"Watson","position_poi_subdistrict":"Northside","position_poi_is_for_car":false,"position_poi_from_position":true,"position_poi_use_location_tag":false,"position_poi_range":50,"position_poi_type":2,"position_distance":5,"position_house_way":"default","position_house_way_helper":"default||enter||exit","position_house_tag":"playerhouse01","position_node_current_detection_range":70,"position_node_usegameplay":false,"x":-4,"y":0,"z":0,"amount":1,"isAV":false,"appears_from_behind":false,"wait_for_vehicle":false,"position_range":50},{"name":"wait_second","value":1},{"name":"vehicle_change_engine","value":"on","tag":"block3"},{"name":"spawn_vehicule_v2","tag":"block4","spawnlevel":36,"appearance":"none","spawn_system":3,"group":"","create_group_if_not_exist":false,"source":"vehicle","source_helper":"vehicle||faction||current_district_leader||current_subdistrict_leader||district_leader||subdistrict_leader||random||from_list","source_tag":"Vehicle.v_standard2_chevalier_thrax_maelstrom","source_list":["Vehicle.cs_savable_archer_hella_police_siren"],"source_tag_helper":"Vehicle.cs_savable_archer_hella_police_siren||faction_mox||district_westbrook||NorthOaks","source_use_rival":false,"position":"poi","position_helper":"at||relative||node||current_node||poi||mappin||fasttravel||current_fasttravel||custom_place||custom_room||current_custom_place||current_custom_room","position_tag":"","position_way":"forward","position_tag_helper":"judy01||playerhouse01||playerhouse_bed||","position_way_helper":"normal||behind||forward","position_poi_district":"Watson","position_poi_subdistrict":"Northside","position_poi_is_for_car":false,"position_poi_from_position":true,"position_poi_use_location_tag":false,"position_poi_range":50,"position_poi_type":2,"position_distance":5,"position_house_way":"default","position_house_way_helper":"default||enter||exit","position_house_tag":"playerhouse01","position_node_current_detection_range":70,"position_node_usegameplay":false,"x":-8,"y":5,"z":0,"amount":1,"isAV":false,"appears_from_behind":false,"wait_for_vehicle":false,"position_range":50},{"name":"wait_second","value":1},{"name":"vehicle_change_engine","value":"on","tag":"block4"},{"name":"spawn_npc","tag":"goon","spawnlevel":36,"use_police_prevention_system":true,"group":"goonsquad","appearance":"","create_group_if_not_exist":true,"source":"faction","source_helper":"npc||current_star||faction||current_district_leader||current_subdistrict_leader||district_leader||subdistrict_leader||random||from_list","source_tag":"faction_maelstrom","source_tag_helper":"Character.Judy||faction_mox||district_westbrook||NorthOaks","source_list":["Character.Judy"],"source_use_vip":false,"source_use_rival":false,"position":"poi","position_helper":"at||relative_to_entity||node||current_node||poi||mappin||fasttravel||current_fasttravel||custom_place||custom_room||current_custom_place||current_custom_room","position_tag":"","position_tag_helper":"judy01||playerhouse01||playerhouse_bed||","position_way":"normal","position_way_helper":"normal||behind||forward","position_poi_district":"Watson","position_poi_subdistrict":"Northside","position_poi_is_for_car":false,"position_poi_from_position":true,"position_poi_use_location_tag":false,"position_poi_range":50,"position_poi_type":2,"position_distance":5,"position_house_way":"default||enter||exit","position_house_tag":"playerhouse01","position_node_current_detection_range":70,"position_node_usegameplay":false,"x":0,"y":-6,"z":0,"amount":4,"position_range":50},{"name":"wait_second","value":3},{"name":"attitude_group_against_entity","attitude":"friendly","tag":"goonsquad","entity":"player"},{"name":"for","amount":20,"action":[{"name":"move_entity_at_relative_position","tag":"goon_1","x":-2,"y":-2,"z":0,"move":"Walk"},{"name":"move_entity_at_relative_position","tag":"goon_2","x":-5,"y":2,"z":0,"move":"Walk"},{"name":"move_entity_at_relative_position","tag":"goon_3","x":-1,"y":1,"z":0,"move":"Walk"},{"name":"move_entity_at_relative_position","tag":"goon_4","x":1,"y":-3,"z":0,"move":"Walk"}]},{"name":"wait_for_trigger","trigger":{"name":"player_in_poi","tag":"","district":"Watson","subdistrict":"Northside","iscar":false,"type":2,"uselocationtag":false,"range":25}},{"name":"look_at_entity_entity","tag":"goon_1","entity":"player"},{"name":"look_at_entity_entity","tag":"goon_2","entity":"player"},{"name":"look_at_entity_entity","tag":"goon_3","entity":"player"},{"name":"look_at_entity_entity","tag":"goon_4","entity":"player"},{"name":"notify","value":"Blockade Group sees you, Try to reason with them."},{"name":"wait_second","value":2},{"name":"if","trigger":{"name":"compare","trigger":{"name":"gang_affinity","value":"faction_maelstrom","score":10},"expected":false},"if_action":[{"name":"move_group_at_entity_relative_position","entity":"player","x":0,"y":2.5,"z":0,"move":"Walk","tag":"goonsquad"},{"name":"random_subtitle","title":["Piss off, Merc","Find another way through, Merc. This area is closed right now","Go away, Go. Bye. Find another way."],"type":1,"target":"player","speaker":"Maelstrom","duration":3},{"name":"random_subtitle","title":["Oh wtf is this shit?","Seriously?!","What's your deal right now?"],"type":1,"target":"player","speaker":"V","duration":3},{"name":"random_subtitle","title":["We don't need to explain ourselves. Fuck off or Get fucked.","Don't test us.","Will you comply or not, Shithead?"],"type":1,"target":"player","speaker":"Maelstrom","duration":3},{"name":"wait_second","value":2},{"name":"dialog","dialog":"blockdialog1"}],"else_action":[{"name":"notify","value":"You are cool with this group, They will let you go beyond."},{"name":"attitude_group_against_entity","attitude":"friendly","tag":"goonsquad","entity":"player"},{"name":"wait_second","value":3},{"name":"clean_thread","tag":"dnc_districtmanager"}]},{"name":"wait_for_trigger","trigger":{"name":"killed_group","tag":"goonsquad"}},{"name":"gang_affinity","value":"faction_maelstrom","score":-5},{"name":"notify","value":"You survived! Get out of here, More may show up."}],"name":"Blockade_northside_1","tag":"Blockade_northside_1"}