{
	"name": "kill_JPT_NS_SD_HEY",
	"tag": "kill_JPT_NS_SD_HEY",
	"action": [{
			"name": "operate_score",
			"score": "pin",
			"key": "tag",
			"value": 2,
			"operator": "random",
			"min": 0,
			"max": 900
		},
		{
			"name": "set_mappin",
			"tag": "kill_pin",
			"typemap": "MinorActivityVariant",
			"wall": true,
			"active": true,
			"mapgroup": "kill_pin",
			"title": "Gang Activity",
			"desc": "Check it out",
			"position": "poi",
			"position_helper": "at||relative_to_entity||node||player_look_at||poi||mappin||fasttravel||custom_place||custom_room",
			"position_change_helper": "Write 'current' in position_tag for get current node,mappin, fasttravel, custom_place or custom_room. \n For poi if you write 'current' in position_poi_district you will get the current district, \n if you write 'current in position_poi_subdistrict you will get the current subdistrict. \n also if you write 'random' in position_poi_subdistrict or position_poi_district, you will get an 'random' value",
			"position_range": 50,
			"position_lookatdistance": 0,
			"position_tag": "",
			"position_tag_helper": "judy01||playerhouse01||playerhouse_bed||",
			"position_way": "normal",
			"position_way_helper": "normal||behind||forward",
			"position_poi_district": "current",
			"position_poi_subdistrict": "",
			"position_poi_is_for_car": false,
			"position_poi_from_position": false,
			"position_poi_from_position_x": 0,
			"position_poi_from_position_y": 0,
			"position_poi_from_position_z": 0,
			"position_poi_use_location_tag": false,
			"position_poi_type": 77,
			"position_distance": 80,
			"position_house_way": "default",
			"position_house_way_helper": "default||enter||exit",
			"position_house_tag": "playerhouse01",
			"position_node_usegameplay": false,
			"x": 0,
			"y": 0,
			"z": 0,
			"context": [{
				"trigger": {
					"condition01": {
						"name": "auto"
					}
				},
				"requirement": [
					[
						"condition01"
					]
				],
				"prop": {
					"tag": {
						"type": "text",
						"text": "Pin##number",
						"values": {
							"number": {
								"type": "variable",
								"variable": "pin",
								"key": "tag"
							}
						}
					}
				}
			}]
		},
		{
			"name": "create_group",
			"tag": "encountergroup"
		},
		{
			"name": "wait_second",
			"value": 2
		},
		{
			"name": "spawn_npc",
			"tag": "1",
			"spawnlevel": 36,
			"use_police_prevention_system": true,
			"group": "encountergroup",
			"scriptlevel": 0,
			"appearance": "",
			"create_group_if_not_exist": false,
			"source": "current_district_leader",
			"source_helper": "npc||current_star||faction||current_district_leader||current_subdistrict_leader||district_leader||subdistrict_leader||random||from_list||district_rival||subdistrict_rival||current_district_rival||current_subdistrict_rival",
			"source_gang": "",
			"source_tag": "",
			"source_tag_helper": "Character.Judy||faction_mox||district_westbrook||NorthOaks",
			"source_list": ["Character.Judy"],
			"source_use_vip": false,
			"source_use_rival": true,
			"position": "mappin",
			"position_helper": "at||relative_to_entity||node||player_look_at||poi||mappin||fasttravel||custom_place||custom_room",
			"position_change_helper": "Write 'current' in position_tag for get current node,mappin, fasttravel, custom_place or custom_room. \n For poi if you write 'current' in position_poi_district you will get the current district, \n if you write 'current in position_poi_subdistrict you will get the current subdistrict. \n also if you write 'random' in position_poi_subdistrict or position_poi_district, you will get an 'random' value",
			"position_range": 50,
			"position_lookatdistance": 0,
			"position_tag": "kill_pin",
			"position_tag_helper": "judy01||playerhouse01||playerhouse_bed||",
			"position_way": "normal",
			"position_way_helper": "normal||behind||forward",
			"position_poi_district": "",
			"position_poi_subdistrict": "",
			"position_poi_is_for_car": false,
			"position_poi_from_position": false,
			"position_poi_from_position_x": 0,
			"position_poi_from_position_y": 0,
			"position_poi_from_position_z": 0,
			"position_poi_use_location_tag": false,
			"position_poi_type": 1,
			"position_distance": 5,
			"position_house_way": "default",
			"position_house_way_helper": "default||enter||exit",
			"position_house_tag": "playerhouse01",
			"position_node_usegameplay": false,
			"x": 0,
			"y": 0,
			"z": 0,
			"amount": 4,
			"context": [{
					"trigger": {
						"v": {
							"name": "auto"
						}
					},
					"requirement": [
						["v"]
					],
					"prop": {
						"position_tag": {
							"type": "text",
							"text": "Pin##number",
							"values": {
								"number": {
									"type": "variable",
									"variable": "pin",
									"key": "tag"
								}
							}
						}
					}
				}, {
					"trigger": {
						"v1": {
							"name": "check_score",
							"value": "Datapack",
							"key": "Difficulty",
							"score": 2,
							"operator": "="
						}
					},
					"requirement": [
						["v1"]
					],
					"prop": {
						"amount": {
							"type": "number",
							"text": "##Mode",
							"values": {
								"Mode": {
									"type": "number",
									"value": 6
								}
							}
						}
					}
				}, {
					"trigger": {
						"v2": {
							"name": "check_score",
							"value": "Datapack",
							"key": "Difficulty",
							"score": 2,
							"operator": "="
						}
					},
					"requirement": [
						["v2"]
					],
					"prop": {
						"amount": {
							"type": "number",
							"text": "##Mode",
							"values": {
								"Mode": {
									"type": "number",
									"value": 8
								}
							}
						}
					}
				},
				{
					"trigger": {
						"v3": {
							"name": "check_score",
							"value": "Datapack",
							"key": "Difficulty",
							"score": 3,
							"operator": "="
						}
					},
					"requirement": [
						["v3"]
					],
					"prop": {
						"amount": {
							"type": "number",
							"text": "##Mode",
							"values": {
								"Mode": {
									"type": "number",
									"value": 12
								}
							}
						}
					}
				}, {
					"trigger": {
						"v4": {
							"name": "check_score",
							"value": "Datapack",
							"key": "Difficulty",
							"score": 4,
							"operator": "="
						}
					},
					"requirement": [
						["v4"]
					],
					"prop": {
						"amount": {
							"type": "number",
							"text": "##Mode",
							"values": {
								"Mode": {
									"type": "number",
									"value": 15
								}
							}
						}
					}
				}, {
					"trigger": {
						"v4": {
							"name": "check_score",
							"value": "Datapack",
							"key": "Difficulty",
							"score": 5,
							"operator": "="
						}
					},
					"requirement": [
						["v4"]
					],
					"prop": {
						"amount": {
							"type": "number",
							"text": "##Mode",
							"values": {
								"Mode": {
									"type": "number",
									"value": 30
								}
							}
						}
					}
				}
			]
		},
		{
			"name": "wait_second",
			"value": 1
		},
		{
			"name": "attitude_group_against_entity",
			"tag": "encountergroup",
			"entity": "player",
			"attitude": "friendly"
		},
		{
			"name": "wait_for_trigger",
			"trigger": {
				"name": "entity_is_at_mappin_position",
				"tag": "kill_pin",
				"entity": "player",
				"range": 40,
				"context": [{
					"trigger": {
						"condition01": {
							"name": "auto"
						}
					},
					"requirement": [
						[
							"condition01"
						]
					],
					"prop": {
						"tag": {
							"type": "text",
							"text": "Pin##number",
							"values": {
								"number": {
									"type": "variable",
									"variable": "pin",
									"key": "tag"
								}
							}
						}
					}
				}]
			}
		},
		{
			"name": "move",
			"tag": "encountergroup",
			"group": true,
			"move": "Walk",
			"position": "relative_to_entity",
			"position_helper": "at||relative_to_entity||node||player_look_at||poi||mappin||fasttravel||custom_place||custom_room",
			"position_change_helper": "Write 'current' in position_tag for get current node,mappin, fasttravel, custom_place or custom_room. \n For poi if you write 'current' in position_poi_district you will get the current district, \n if you write 'current in position_poi_subdistrict you will get the current subdistrict. \n also if you write 'random' in position_poi_subdistrict or position_poi_district, you will get an 'random' value",
			"position_range": 50,
			"position_lookatdistance": 0,
			"position_tag": "player",
			"position_tag_helper": "judy01||playerhouse01||playerhouse_bed||",
			"position_way": "normal",
			"position_way_helper": "normal||behind||forward",
			"position_poi_district": "",
			"position_poi_subdistrict": "",
			"position_poi_is_for_car": false,
			"position_poi_from_position": false,
			"position_poi_use_location_tag": false,
			"position_poi_type": 1,
			"position_distance": 5,
			"position_house_way": "default",
			"position_house_way_helper": "default||enter||exit",
			"position_house_tag": "playerhouse01",
			"position_node_usegameplay": false,
			"x": -2,
			"y": -2,
			"z": 0,
			"moveV2": true,
			"roll": 0,
			"pitch": 0,
			"yaw": 0,
			"distance": 0,
			"distancetolerance": 0,
			"ignorenavigation": false,
			"stoponobstacle": false,
			"outofway": false
		},
		{
			"name": "wait_for_trigger",
			"trigger": {
				"name": "entity_is_at_mappin_position",
				"tag": "kill_pin",
				"entity": "player",
				"range": 15,
				"context": [{
					"trigger": {
						"condition01": {
							"name": "auto"
						}
					},
					"requirement": [
						[
							"condition01"
						]
					],
					"prop": {
						"tag": {
							"type": "text",
							"text": "Pin##number",
							"values": {
								"number": {
									"type": "variable",
									"variable": "pin",
									"key": "tag"
								}
							}
						}
					}
				}]
			}
		},
		{
			"name": "random_subtitle",
			"title": [
				"What's up, Pussy!",
				"Fuckin' Gonk!",
				"Bad time to be here!",
				"Hey, Fucko!",
				"Get Bent!",
				"Get 'em!",
				"Don't let them Find out!",
				"You don't wanna be here",
				"Stay the fuck away!"
			],
			"type": 1,
			"target": "player",
			"speaker": "Gang Member",
			"duration": 2
		},
		{
			"name": "play_group_voice",
			"tag": "encountergroup",
			"voice": "fear_run"
		},
		{
			"name": "move",
			"tag": "encountergroup",
			"group": true,
			"move": "Sprint",
			"position": "relative_to_entity",
			"position_helper": "at||relative_to_entity||node||player_look_at||poi||mappin||fasttravel||custom_place||custom_room",
			"position_change_helper": "Write 'current' in position_tag for get current node,mappin, fasttravel, custom_place or custom_room. \n For poi if you write 'current' in position_poi_district you will get the current district, \n if you write 'current in position_poi_subdistrict you will get the current subdistrict. \n also if you write 'random' in position_poi_subdistrict or position_poi_district, you will get an 'random' value",
			"position_range": 50,
			"position_lookatdistance": 0,
			"position_tag": "player",
			"position_tag_helper": "judy01||playerhouse01||playerhouse_bed||",
			"position_way": "normal",
			"position_way_helper": "normal||behind||forward",
			"position_poi_district": "",
			"position_poi_subdistrict": "",
			"position_poi_is_for_car": false,
			"position_poi_from_position": false,
			"position_poi_use_location_tag": false,
			"position_poi_type": 1,
			"position_distance": 5,
			"position_house_way": "default",
			"position_house_way_helper": "default||enter||exit",
			"position_house_tag": "playerhouse01",
			"position_node_usegameplay": false,
			"x": 0,
			"y": 1,
			"z": 0,
			"moveV2": true,
			"roll": 0,
			"pitch": 0,
			"yaw": 0,
			"distance": 0,
			"distancetolerance": 0,
			"ignorenavigation": false,
			"stoponobstacle": false,
			"outofway": false
		},
		{
			"name": "attitude_group_against_entity",
			"tag": "encountergroup",
			"entity": "player",
			"attitude": "hostile"
		},
		{
			"name": "wait_second",
			"value": 0.5
		},
		{
			"name": "wait_for_trigger",
			"trigger": {
				"name": "killed_group",
				"tag": "encountergroup"
			}
		},
		{
			"name": "wait_second",
			"value": 15
		},
		{
			"name": "delete_map_group",
			"mapgroup": "encountergroup"
		},
		{
			"name": "delete_map_group",
			"mapgroup": "killpingroup"
		},
		{
			"name": "delete_map_point",
			"tag": "kill_pin"
		},
		{
			"name": "despawn_group",
			"tag": "encountergroup"
		},
		{
			"name": "remove_group",
			"tag": "encountergroup"
		}
	]
}