{
	"name": "maxtac_animal",
	"tag": "maxtac_animal",
	"action": [{
			"name": "spawn_npc",
			"tag": "blue",
			"spawnlevel": 45,
			"use_police_prevention_system": true,
			"group": "gangteam",
			"scriptlevel": 0,
			"appearance": "none",
			"create_group_if_not_exist": true,
			"source": "faction",
			"source_helper": "npc||current_star||faction||current_district_leader||current_subdistrict_leader||district_leader||subdistrict_leader||random||from_list||district_rival||subdistrict_rival||current_district_rival||current_subdistrict_rival",
			"source_gang": "faction_animals",
			"source_tag": "faction_animals",
			"source_tag_helper": "Character.Judy||faction_mox||district_westbrook||NorthOaks",
			"source_list": ["Character.Judy"],
			"source_use_vip": false,
			"source_use_rival": false,
			"position": "poi",
			"position_helper": "at||relative_to_entity||node||player_look_at||poi||mappin||fasttravel||custom_place||custom_room",
			"position_change_helper": "Write 'current' in position_tag for get current node,mappin, fasttravel, custom_place or custom_room. \n For poi if you write 'current' in position_poi_district you will get the current district, \n if you write 'current in position_poi_subdistrict you will get the current subdistrict. \n also if you write 'random' in position_poi_subdistrict or position_poi_district, you will get an 'random' value",
			"position_range": 80,
			"position_lookatdistance": 0,
			"position_tag": "",
			"position_tag_helper": "judy01||playerhouse01||playerhouse_bed||",
			"position_way": "normal",
			"position_way_helper": "normal||behind||forward",
			"position_poi_district": "",
			"position_poi_subdistrict": "",
			"position_poi_is_for_car": false,
			"position_poi_from_position": true,
			"position_poi_use_location_tag": false,
			"position_poi_type": 77,
			"position_distance": 80,
			"position_house_way": "default",
			"position_house_way_helper": "default||enter||exit",
			"position_house_tag": "playerhouse01",
			"position_node_usegameplay": false,
			"x": 0,
			"y": 0,
			"z": 0,
			"amount": 4,
			"context": [{
					"trigger": {
						"v1": {
							"name": "check_score",
							"value": "Datapack",
							"key": "Difficulty",
							"score": 2,
							"operator": "="
						}
					},
					"requirement": [
						["v1"]
					],
					"prop": {
						"amount": {
							"type": "number",
							"text": "##Mode",
							"values": {
								"Mode": {
									"type": "number",
									"value": 6
								}
							}
						}
					}
				}, {
					"trigger": {
						"v2": {
							"name": "check_score",
							"value": "Datapack",
							"key": "Difficulty",
							"score": 2,
							"operator": "="
						}
					},
					"requirement": [
						["v2"]
					],
					"prop": {
						"amount": {
							"type": "number",
							"text": "##Mode",
							"values": {
								"Mode": {
									"type": "number",
									"value": 8
								}
							}
						}
					}
				},
				{
					"trigger": {
						"v3": {
							"name": "check_score",
							"value": "Datapack",
							"key": "Difficulty",
							"score": 3,
							"operator": "="
						}
					},
					"requirement": [
						["v3"]
					],
					"prop": {
						"amount": {
							"type": "number",
							"text": "##Mode",
							"values": {
								"Mode": {
									"type": "number",
									"value": 12
								}
							}
						}
					}
				}, {
					"trigger": {
						"v4": {
							"name": "check_score",
							"value": "Datapack",
							"key": "Difficulty",
							"score": 4,
							"operator": "="
						}
					},
					"requirement": [
						["v4"]
					],
					"prop": {
						"amount": {
							"type": "number",
							"text": "##Mode",
							"values": {
								"Mode": {
									"type": "number",
									"value": 15
								}
							}
						}
					}
				}, {
					"trigger": {
						"v4": {
							"name": "check_score",
							"value": "Datapack",
							"key": "Difficulty",
							"score": 4,
							"operator": "="
						}
					},
					"requirement": [
						["v4"]
					],
					"prop": {
						"amount": {
							"type": "number",
							"text": "##Mode",
							"values": {
								"Mode": {
									"type": "number",
									"value": 20
								}
							}
						}
					}
				}, {
					"trigger": {
						"v4": {
							"name": "check_score",
							"value": "Datapack",
							"key": "Difficulty",
							"score": 5,
							"operator": "="
						}
					},
					"requirement": [
						["v4"]
					],
					"prop": {
						"amount": {
							"type": "number",
							"text": "##Mode",
							"values": {
								"Mode": {
									"type": "number",
									"value": 30
								}
							}
						}
					}
				}
			]
		},
		{
			"name": "wait_second",
			"value": 2
		},
		{
			"name": "move",
			"tag": "gangteam",
			"group": true,
			"move": "Sprint",
			"position": "relative_to_entity",
			"position_helper": "at||relative_to_entity||node||player_look_at||poi||mappin||fasttravel||custom_place||custom_room",
			"position_change_helper": "Write 'current' in position_tag for get current node,mappin, fasttravel, custom_place or custom_room. \n For poi if you write 'current' in position_poi_district you will get the current district, \n if you write 'current in position_poi_subdistrict you will get the current subdistrict. \n also if you write 'random' in position_poi_subdistrict or position_poi_district, you will get an 'random' value",
			"position_range": 50,
			"position_lookatdistance": 0,
			"position_tag": "player",
			"position_tag_helper": "judy01||playerhouse01||playerhouse_bed||",
			"position_way": "normal",
			"position_way_helper": "normal||behind||forward",
			"position_poi_district": "",
			"position_poi_subdistrict": "",
			"position_poi_is_for_car": false,
			"position_poi_from_position": false,
			"position_poi_use_location_tag": false,
			"position_poi_type": 1,
			"position_distance": 5,
			"position_house_way": "default",
			"position_house_way_helper": "default||enter||exit",
			"position_house_tag": "playerhouse01",
			"position_node_usegameplay": false,
			"x": -2,
			"y": -2,
			"z": 0,
			"moveV2": true,
			"roll": 0,
			"pitch": 0,
			"yaw": 0,
			"distance": 0,
			"distancetolerance": 0,
			"ignorenavigation": false,
			"stoponobstacle": false,
			"outofway": false
		}
	]
}