{
  "desc": "CAR_PATROLLINGJPT_1",
  "locations": [ {
    "x": -787.73565673828,
    "subdistrict": "Japantown",
    "inVehicule": true,
    "y": 1462.2186279297,
    "district": "Westbrook",
    "z": 22.400001525879,
    "Tag": "CAR_PATROLLINGJPT_1"
  }, {
    "x": -834.37963867188,
    "Tag": "CAR_PATROLLINGJPT_1",
    "inVehicule": true,
    "y": 1361.4487304688,
    "subdistrict": "Japantown",
    "z": 22.279418945313,
    "district": "Westbrook"
  }, {
    "x": -908.15881347656,
    "Tag": "CAR_PATROLLINGJPT_1",
    "inVehicule": true,
    "y": 1218.9019775391,
    "subdistrict": "Japantown",
    "z": 21.707695007324,
    "district": "Westbrook"
  }, {
    "x": -905.50994873047,
    "Tag": "CAR_PATROLLINGJPT_1",
    "inVehicule": true,
    "y": 1069.2377929688,
    "subdistrict": "Japantown",
    "z": 20.920356750488,
    "district": "Westbrook"
  }, {
    "x": -868.67657470703,
    "Tag": "CAR_PATROLLINGJPT_1",
    "inVehicule": true,
    "y": 924.01983642578,
    "subdistrict": "Japantown",
    "z": 22.259582519531,
    "district": "Westbrook"
  }, {
    "x": -804.83825683594,
    "Tag": "CAR_PATROLLINGJPT_1",
    "inVehicule": true,
    "y": 695.86096191406,
    "subdistrict": "Japantown",
    "z": 22.434783935547,
    "district": "Westbrook"
  }, {
    "x": -757.10095214844,
    "Tag": "CAR_PATROLLINGJPT_1",
    "inVehicule": true,
    "y": 544.33471679688,
    "subdistrict": "Japantown",
    "z": 19.122055053711,
    "district": "Westbrook"
  }, {
    "x": -708.939453125,
    "Tag": "CAR_PATROLLINGJPT_1",
    "inVehicule": true,
    "y": 379.8723449707,
    "subdistrict": "Japantown",
    "z": 19.235450744629,
    "district": "Westbrook"
  }, {
    "x": -667.33215332031,
    "Tag": "CAR_PATROLLINGJPT_1",
    "inVehicule": true,
    "y": 205.42414855957,
    "subdistrict": "Japantown",
    "z": 19.79940032959,
    "district": "Westbrook"
  }, {
    "x": -417.30996704102,
    "Tag": "CAR_PATROLLINGJPT_1",
    "inVehicule": true,
    "y": -31.356292724609,
    "subdistrict": "Japantown",
    "z": 7.582763671875,
    "district": "Westbrook"
  }, {
    "x": -313.10025024414,
    "Tag": "CAR_PATROLLINGJPT_1",
    "inVehicule": true,
    "y": 128.26124572754,
    "subdistrict": "Japantown",
    "z": 21.90355682373,
    "district": "Westbrook"
  }, {
    "x": -431.83090209961,
    "Tag": "CAR_PATROLLINGJPT_1",
    "inVehicule": true,
    "y": 185.37184143066,
    "subdistrict": "Japantown",
    "z": 21.903472900391,
    "district": "Westbrook"
  }, {
    "x": -571.87811279297,
    "Tag": "CAR_PATROLLINGJPT_1",
    "inVehicule": true,
    "y": 285.32760620117,
    "subdistrict": "Japantown",
    "z": 23.119781494141,
    "district": "Westbrook"
  }, {
    "x": -513.29907226563,
    "Tag": "CAR_PATROLLINGJPT_1",
    "inVehicule": true,
    "y": 351.95629882813,
    "subdistrict": "Japantown",
    "z": 22.562530517578,
    "district": "Westbrook"
  }, {
    "x": -412.3896484375,
    "Tag": "CAR_PATROLLINGJPT_1",
    "inVehicule": true,
    "y": 500.23663330078,
    "subdistrict": "Japantown",
    "z": 29.963935852051,
    "district": "Westbrook"
  }, {
    "x": -562.27801513672,
    "Tag": "CAR_PATROLLINGJPT_1",
    "inVehicule": true,
    "y": 607.20642089844,
    "subdistrict": "Japantown",
    "z": 36.793937683105,
    "district": "Westbrook"
  }, {
    "x": -787.73565673828,
    "subdistrict": "Japantown",
    "inVehicule": true,
    "y": 1462.2186279297,
    "district": "Westbrook",
    "z": 22.400001525879,
    "Tag": "CAR_PATROLLINGJPT_1"
  }, {
    "x": -742.58850097656,
    "Tag": "CAR_PATROLLINGJPT_1",
    "inVehicule": true,
    "y": 725.25708007813,
    "subdistrict": "Japantown",
    "z": 32.510551452637,
    "district": "Westbrook"
  }, {
    "x": -696.67590332031,
    "Tag": "CAR_PATROLLINGJPT_1",
    "inVehicule": true,
    "y": 880.00598144531,
    "subdistrict": "Japantown",
    "z": 32.481216430664,
    "district": "Westbrook"
  }, {
    "x": -717.63403320313,
    "Tag": "CAR_PATROLLINGJPT_1",
    "inVehicule": true,
    "y": 996.30865478516,
    "subdistrict": "Japantown",
    "z": 35.385528564453,
    "district": "Westbrook"
  }, {
    "x": -801.29162597656,
    "Tag": "CAR_PATROLLINGJPT_1",
    "inVehicule": true,
    "y": 1022.1971435547,
    "subdistrict": "Japantown",
    "z": 35.63419342041,
    "district": "Westbrook"
  }, {
    "x": -634.65759277344,
    "Tag": "CAR_PATROLLINGJPT_1",
    "inVehicule": true,
    "y": 1044.1502685547,
    "subdistrict": "Japantown",
    "z": 36.365188598633,
    "district": "Westbrook"
  }, {
    "x": -558.48779296875,
    "Tag": "CAR_PATROLLINGJPT_1",
    "inVehicule": true,
    "y": 1156.0478515625,
    "subdistrict": "Japantown",
    "z": 36.405212402344,
    "district": "Westbrook"
  }, {
    "x": -622.20202636719,
    "Tag": "CAR_PATROLLINGJPT_1",
    "inVehicule": true,
    "y": 1235.7806396484,
    "subdistrict": "Japantown",
    "z": 32.569465637207,
    "district": "Westbrook"
  }, {
    "x": -665.91522216797,
    "Tag": "CAR_PATROLLINGJPT_1",
    "inVehicule": true,
    "y": 1364.0773925781,
    "subdistrict": "Japantown",
    "z": 29.37760925293,
    "district": "Westbrook"
  }, {
    "x": -571.85241699219,
    "Tag": "CAR_PATROLLINGJPT_1",
    "inVehicule": true,
    "y": 1324.0146484375,
    "subdistrict": "Japantown",
    "z": 37.062438964844,
    "district": "Westbrook"
  }, {
    "x": -493.75268554688,
    "Tag": "CAR_PATROLLINGJPT_1",
    "inVehicule": true,
    "y": 1427.2825927734,
    "subdistrict": "Japantown",
    "z": 37.06233215332,
    "district": "Westbrook"
  }, {
    "x": -384.58987426758,
    "Tag": "CAR_PATROLLINGJPT_1",
    "inVehicule": true,
    "y": 1331.2756347656,
    "subdistrict": "Japantown",
    "z": 41.967720031738,
    "district": "Westbrook"
  }, {
    "x": -326.81954956055,
    "Tag": "CAR_PATROLLINGJPT_1",
    "inVehicule": true,
    "y": 1121.4392089844,
    "subdistrict": "Japantown",
    "z": 65.317031860352,
    "district": "Westbrook"
  }, {
    "x": -285.77661132813,
    "Tag": "CAR_PATROLLINGJPT_1",
    "inVehicule": true,
    "y": 979.31500244141,
    "subdistrict": "Japantown",
    "z": 65.295272827148,
    "district": "Westbrook"
  } ],
  "isFor": 30,
  "tag": "CAR_PATROLLINGJPT_1"
}