{
	"name": "Badlands_dnc",
	"tag": "Badlands_dnc",
	"action": [{
		"name": "wait_for_trigger",
		"trigger": {
			"name": "testFor",
			"triggers": [{
				"name": "compare",
				"trigger": {
					"name": "time",
					"min": 100,
					"max": 1259
				},
				"expected": true
			}, {
				"name": "compare",
				"trigger": {
					"name": "time",
					"min": 1300,
					"max": 2459
				},
				"expected": true
			}],
			"logic": "or"
		}
	}, {
		"name": "if",
		"trigger": {
			"name": "testFor",
			"triggers": [{
				"name": "time",
				"min": 100,
				"max": 2459
			}, {
				"name": "player_in_poi",
				"tag": "",
				"district": "Badlands",
				"subdistrict": "",
				"iscar": false,
				"type": 2,
				"uselocationtag": false,
				"range": 150
			}],
			"logic": "and"
		},
		"if_action": [{
			"name": "do_random_function",
			"funcs": ["GangWar",  "GangFight", "maxtac010"],
			"parallele": false,
			"applyto": ""
		}],
		"else_action": [{
			"name": "nothing"
		}]
	}]
}