{
	"name": "Car chase ncpd",
	"tag": "Car chase ncpd",
	"action": [{
			"name": "operate_score",
			"score": "chasecarNCPD_event_score",
			"key": "chasecarNCPD_event_score",
			"value": 0,
			"operator": "random",
			"min": 0,
			"max": 9000
		}, {
			"name": "wait_second",
			"value": 1
		},
		{
			"name": "spawn_vehicule_v2",
			"tag": "taxi_delamain_taxi",
			"spawnlevel": 36,
			"appearance": "none",
			"spawn_system": 3,
			"scriptlevel": 0,
			"group": "",
			"create_group_if_not_exist": false,
			"source": "current_district_leader",
			"source_helper": "vehicle||faction||current_district_leader||current_subdistrict_leader||district_leader||subdistrict_leader||random||from_list||district_rival||subdistrict_rival||current_district_rival||current_subdistrict_rival",
			"source_tag": "Vehicle.cs_savable_archer_hella_police_siren",
			"source_gang": "faction_mox",
			"source_list": ["Vehicle.cs_savable_archer_hella_police_siren"],
			"source_tag_helper": "Vehicle.cs_savable_archer_hella_police_siren||faction_mox||district_westbrook||NorthOaks",
			"source_use_rival": false,
			"position": "poi",
			"position_helper": "at||relative_to_entity||node||player_look_at||poi||mappin||fasttravel||custom_place||custom_room",
			"position_change_helper": "Write 'current' in position_tag for get current node,mappin, fasttravel, custom_place or custom_room. \n For poi if you write 'current' in position_poi_district you will get the current district, \n if you write 'current in position_poi_subdistrict you will get the current subdistrict. \n also if you write 'random' in position_poi_subdistrict or position_poi_district, you will get an 'random' value",
			"position_range": 50,
			"position_lookatdistance": 0,
			"position_tag": "",
			"position_tag_helper": "judy01||playerhouse01||playerhouse_bed||",
			"position_way": "normal",
			"position_way_helper": "normal||behind||forward",
			"position_poi_district": "",
			"position_poi_subdistrict": "",
			"position_poi_is_for_car": true,
			"position_poi_from_position": true,
			"position_poi_use_location_tag": false,
			"position_poi_type": 30,
			"position_distance": 50,
			"position_house_way": "default",
			"position_house_way_helper": "default||enter||exit",
			"position_house_tag": "playerhouse01",
			"position_node_usegameplay": false,
			"x": 0,
			"y": 0,
			"z": 0,
			"amount": 1,
			"isAV": false,
			"appears_from_behind": false,
			"wait_for_vehicle": false,
			"help": "This action will summon a Vehicle with several custom parameter ",
			"helper": "This action will summon Vehicle with several custom parameter ",
			"helperTitle": "Vehicle : Spawn a Vehicle",
			"context": [{
				"trigger": {
					"condition01": {
						"name": "auto"
					}
				},
				"requirement": [
					[
						"condition01"
					]
				],
				"prop": {
					"tag": {
						"type": "text",
						"text": "Cartag##amountnumber1",
						"values": {
							"amountnumber1": {
								"type": "variable",
								"variable": "chasecarNCPD_event_score",
								"key": "chasecarNCPD_event_score"
							}
						}
					}
				}
			}]
		}, {
			"name": "wait_second",
			"value": 2
		}, {
			"name": "spawn_npc",
			"tag": "blue01",
			"spawnlevel": 45,
			"use_police_prevention_system": true,
			"group": "",
			"scriptlevel": 0,
			"appearance": "none",
			"create_group_if_not_exist": false,
			"source": "current_district_leader",
			"source_helper": "npc||current_star||faction||current_district_leader||current_subdistrict_leader||district_leader||subdistrict_leader||random||from_list||district_rival||subdistrict_rival||current_district_rival||current_subdistrict_rival",
			"source_gang": "",
			"source_tag": "",
			"source_tag_helper": "Character.Judy||faction_mox||district_westbrook||NorthOaks",
			"source_list": ["Character.Judy"],
			"source_use_vip": false,
			"source_use_rival": true,
			"position": "relative_to_entity",
			"position_helper": "at||relative_to_entity||node||player_look_at||poi||mappin||fasttravel||custom_place||custom_room",
			"position_change_helper": "Write 'current' in position_tag for get current node,mappin, fasttravel, custom_place or custom_room. \n For poi if you write 'current' in position_poi_district you will get the current district, \n if you write 'current in position_poi_subdistrict you will get the current subdistrict. \n also if you write 'random' in position_poi_subdistrict or position_poi_district, you will get an 'random' value",
			"position_range": 10,
			"position_lookatdistance": 0,
			"position_tag": "taxi_delamain_taxi",
			"position_tag_helper": "judy01||playerhouse01||playerhouse_bed||",
			"position_way": "normal",
			"position_way_helper": "normal||behind||forward",
			"position_poi_district": "",
			"position_poi_subdistrict": "",
			"position_poi_is_for_car": true,
			"position_poi_from_position": false,
			"position_poi_use_location_tag": false,
			"position_poi_type": 1,
			"position_distance": 5,
			"position_house_way": "default",
			"position_house_way_helper": "default||enter||exit",
			"position_house_tag": "playerhouse01",
			"position_node_usegameplay": false,
			"x": -5,
			"y": 0,
			"z": 0,
			"amount": 1,
			"help": "This action will summon a custom npc with several custom parameter ",
			"helper": "This action will summon a custom npc with several custom parameter ",
			"helperTitle": "Entity : Spawn NPC",
			"context": [{
				"trigger": {
					"condition01": {
						"name": "auto"
					}
				},
				"requirement": [
					[
						"condition01"
					]
				],
				"prop": {
					"tag": {
						"type": "text",
						"text": "NpcTag##amountnumber2",
						"values": {
							"amountnumber2": {
								"type": "variable",
								"variable": "chasecarNCPD_event_score",
								"key": "chasecarNCPD_event_score"
							}
						}
					},
					"position_tag": {
						"type": "text",
						"text": "Cartag##amountnumber1",
						"values": {
							"amountnumber1": {
								"type": "variable",
								"variable": "chasecarNCPD_event_score",
								"key": "chasecarNCPD_event_score"
							}
						}
					}
				}
			}]
		},
		{
			"name": "wait_second",
			"value": 2
		},
		{
				"name": "entity_set_seat",
				"tag": "npc",
				"vehicle": "taxi_delamain_taxi",
				"waitforsit": false,
				"seat": "seat_front_left",
				"context": [{
					"trigger": {
						"condition01": {
							"name": "auto"
						}
					},
					"requirement": [
						[
							"condition01"
						]
					],
					"prop": {
						"vehicle": {
							"type": "text",
							"text": "Cartag##amountnumber1",
							"values": {
								"amountnumber1": {
									"type": "variable",
									"variable": "chasecarNCPD_event_score",
									"key": "chasecarNCPD_event_score"
								}
							}
						},
						"tag": {
							"type": "text",
							"text": "NpcTag##amountnumber2",
							"values": {
								"amountnumber2": {
									"type": "variable",
									"variable": "chasecarNCPD_event_score",
									"key": "chasecarNCPD_event_score"
								}
							}
						}
					}
				}]
		},
		{
			"name": "vehicle_change_engine",
			"value": "on",
			"tag": "myvehiculetag",
			"context": [{
				"trigger": {
					"condition01": {
						"name": "auto"
					}
				},
				"requirement": [
					[
						"condition01"
					]
				],
				"prop": {
					"tag": {
						"type": "text",
						"text": "Cartag##amountnumber1",
						"values": {
							"amountnumber1": {
								"type": "variable",
								"variable": "chasecarNCPD_event_score",
								"key": "chasecarNCPD_event_score"
							}
						}
					}
				}
			}]
		}, {
			"name": "wait_second",
			"value": 1
		},
		{
				"name": "spawn_vehicule_v2",
				"tag": "chaser",
				"spawnlevel": 36,
				"appearance": "none",
				"spawn_system": 3,
				"scriptlevel": 0,
				"group": "",
				"create_group_if_not_exist": false,
				"source": "vehicle",
				"source_helper": "vehicle||faction||current_district_leader||current_subdistrict_leader||district_leader||subdistrict_leader||random||from_list||district_rival||subdistrict_rival||current_district_rival||current_subdistrict_rival",
				"source_tag": "Vehicle.q000_kid_police_car",
				"source_gang": "faction_mox",
				"source_list": ["Vehicle.cs_savable_archer_hella_police_siren"],
				"source_tag_helper": "Vehicle.cs_savable_archer_hella_police_siren||faction_mox||district_westbrook||NorthOaks",
				"source_use_rival": false,
				"position": "relative_to_entity",
				"position_helper": "at||relative_to_entity||node||player_look_at||poi||mappin||fasttravel||custom_place||custom_room",
				"position_change_helper": "Write 'current' in position_tag for get current node,mappin, fasttravel, custom_place or custom_room. \n For poi if you write 'current' in position_poi_district you will get the current district, \n if you write 'current in position_poi_subdistrict you will get the current subdistrict. \n also if you write 'random' in position_poi_subdistrict or position_poi_district, you will get an 'random' value",
				"position_range": 10,
				"position_lookatdistance": 0,
				"position_tag": "taxi_delamain_taxi",
				"position_tag_helper": "judy01||playerhouse01||playerhouse_bed||",
				"position_way": "normal",
				"position_way_helper": "normal||behind||forward",
				"position_poi_district": "",
				"position_poi_subdistrict": "",
				"position_poi_is_for_car": false,
				"position_poi_from_position": false,
				"position_poi_use_location_tag": false,
				"position_poi_type": 30,
				"position_distance": 5,
				"position_house_way": "default",
				"position_house_way_helper": "default||enter||exit",
				"position_house_tag": "playerhouse01",
				"position_node_usegameplay": false,
				"x": 2,
				"y": -5,
				"z": 0,
				"amount": 1,
				"isAV": false,
				"appears_from_behind": false,
				"wait_for_vehicle": false,
				"help": "This action will summon a Vehicle with several custom parameter ",
				"helper": "This action will summon Vehicle with several custom parameter ",
				"helperTitle": "Vehicle : Spawn a Vehicle",
				"context": [{
					"trigger": {
						"condition01": {
							"name": "auto"
						}
					},
					"requirement": [
						[
							"condition01"
						]
					],
					"prop": {
						"tag": {
							"type": "text",
							"text": "chasercartag##amountnumber4",
							"values": {
								"amountnumber4": {
									"type": "variable",
									"variable": "chasecarNCPD_event_score",
									"key": "chasecarNCPD_event_score"
								}
							}
						},
						"position_tag": {
							"type": "text",
							"text": "Cartag##amountnumber1",
							"values": {
								"amountnumber1": {
									"type": "variable",
									"variable": "chasecarNCPD_event_score",
									"key": "chasecarNCPD_event_score"
								}
							}
						}
					}
				}]
		}, {
			"name": "wait_second",
			"value": 2
		}, {
			"name": "vehicle_change_engine",
			"value": "on",
			"tag": "myvehiculetag",
			"context": [{
				"trigger": {
					"condition01": {
						"name": "auto"
					}
				},
				"requirement": [
					[
						"condition01"
					]
				],
				"prop": {
					"tag": {
						"type": "text",
						"text": "chasercartag##amountnumber4",
						"values": {
							"amountnumber4": {
								"type": "variable",
								"variable": "chasecarNCPD_event_score",
								"key": "chasecarNCPD_event_score"
							}
						}
					}
				}
			}]
		}, {
			"name": "spawn_npc",
			"tag": "npc2",
			"spawnlevel": 16,
			"use_police_prevention_system": true,
			"group": "",
			"scriptlevel": 0,
			"appearance": "none",
			"create_group_if_not_exist": false,
			"source": "faction",
			"source_helper": "npc||current_star||faction||current_district_leader||current_subdistrict_leader||district_leader||subdistrict_leader||random||from_list||district_rival||subdistrict_rival||current_district_rival||current_subdistrict_rival",
			"source_gang": "faction_mox",
			"source_tag": "faction_ncpd",
			"source_tag_helper": "Character.Judy||faction_mox||district_westbrook||NorthOaks",
			"source_list": ["Character.Judy"],
			"source_use_vip": false,
			"source_use_rival": false,
			"position": "relative_to_entity",
			"position_helper": "at||relative_to_entity||node||player_look_at||poi||mappin||fasttravel||custom_place||custom_room",
			"position_change_helper": "Write 'current' in position_tag for get current node,mappin, fasttravel, custom_place or custom_room. \n For poi if you write 'current' in position_poi_district you will get the current district, \n if you write 'current in position_poi_subdistrict you will get the current subdistrict. \n also if you write 'random' in position_poi_subdistrict or position_poi_district, you will get an 'random' value",
			"position_range": 10,
			"position_lookatdistance": 0,
			"position_tag": "chaser",
			"position_tag_helper": "judy01||playerhouse01||playerhouse_bed||",
			"position_way": "normal",
			"position_way_helper": "normal||behind||forward",
			"position_poi_district": "",
			"position_poi_subdistrict": "",
			"position_poi_is_for_car": true,
			"position_poi_from_position": false,
			"position_poi_use_location_tag": false,
			"position_poi_type": 1,
			"position_distance": 5,
			"position_house_way": "default",
			"position_house_way_helper": "default||enter||exit",
			"position_house_tag": "playerhouse01",
			"position_node_usegameplay": false,
			"x": -2,
			"y": -1,
			"z": 0,
			"amount": 1,
			"help": "This action will summon a custom npc with several custom parameter ",
			"helper": "This action will summon a custom npc with several custom parameter ",
			"helperTitle": "Entity : Spawn NPC",
			"context": [{
				"trigger": {
					"condition01": {
						"name": "auto"
					}
				},
				"requirement": [
					[
						"condition01"
					]
				],
				"prop": {
					"tag": {
						"type": "text",
						"text": "chaserNPCTag##amountnumber3",
						"values": {
							"amountnumber3": {
								"type": "variable",
								"variable": "chasecarNCPD_event_score",
								"key": "chasecarNCPD_event_score"
							}
						}
					},
					"position_tag": {
						"type": "text",
						"text": "chasercartag##amountnumber4",
						"values": {
							"amountnumber4": {
								"type": "variable",
								"variable": "chasecarNCPD_event_score",
								"key": "chasecarNCPD_event_score"
							}
						}
					}
				}
			}]

		},
		{
			"name": "wait_second",
			"value": 2
		},
		{
			"name": "entity_set_seat",
			"tag": "npc2",
			"vehicle": "chaser",
			"waitforsit": false,
			"seat": "seat_front_left",
			"context": [{
				"trigger": {
					"condition01": {
						"name": "auto"
					}
				},
				"requirement": [
					[
						"condition01"
					]
				],
				"prop": {
					"vehicle": {
						"type": "text",
						"text": "chasercartag##amountnumber4",
						"values": {
							"amountnumber4": {
								"type": "variable",
								"variable": "chasecarNCPD_event_score",
								"key": "chasecarNCPD_event_score"
							}
						}
					},
					"tag": {
						"type": "text",
						"text": "chaserNPCTag##amountnumber3",
						"values": {
							"amountnumber3": {
								"type": "variable",
								"variable": "chasecarNCPD_event_score",
								"key": "chasecarNCPD_event_score"
							}
						}
					}
				}
			}]
		},
		{
			"name": "wait_second",
			"value": 1
		},
		{
			"name": "attitude_entity_against_entity",
			"tag": "npc",
			"entity": "npc2",
			"attitude": "hostile",
			"context": [{
				"trigger": {
					"condition01": {
						"name": "auto"
					}
				},
				"requirement": [
					[
						"condition01"
					]
				],
				"prop": {
					"tag": {
						"type": "text",
						"text": "chaserNPCTag##amountnumber3",
						"values": {
							"amountnumber3": {
								"type": "variable",
								"variable": "chasecarNCPD_event_score",
								"key": "chasecarNCPD_event_score"
							}
						}
					},
					"entity": {
						"type": "text",
						"text": "NpcTag##amountnumber2",
						"values": {
							"amountnumber2": {
								"type": "variable",
								"variable": "chasecarNCPD_event_score",
								"key": "chasecarNCPD_event_score"
							}
						}
					}
				}
			}]
		}, {
			"name": "vehicle_go_to_fasttravel_point",
			"tag": "taxi_delamain_taxi",
			"destination": "#wat_lch_dataterm_04",
			"speed": 500,
			"forcegreenlight": false,
			"needdriver": true,
			"usetraffic": true,
			"context": [{
				"trigger": {
					"condition01": {
						"name": "auto"
					}
				},
				"requirement": [
					[
						"condition01"
					]
				],
				"prop": {
					"tag": {
						"type": "text",
						"text": "Cartag##amountnumber1",
						"values": {
							"amountnumber1": {
								"type": "variable",
								"variable": "chasecarNCPD_event_score",
								"key": "chasecarNCPD_event_score"
							}
						}
					},
					"destination": {
						"text": "##text1",
						"values": {
							"text1": {
								"type": "random_text",
								"list": [
									"#wat_lch_dataterm_05",
									"#wat_lch_metro_ftp_09",
									"#wat_lch_metro_ftp_02",
									"#wat_kab_dataterm_06",
									"#wat_lch_metro_ftp_08",
									"#wat_lch_dataterm_04",
									"#wat_kab_dataterm_01",
									"#wat_kab_dataterm_02",
									"#wat_kab_dataterm_06",
									"#wat_lch_dataterm_10",
									"#wat_kab_dataterm_07",
									"#wat_kab_dataterm_04",
									"#wat_lch_dataterm_07",
									"#wat_nid_dataterm_01",
									"#wat_nid_dataterm_02",
									"#wbr_jpn_dataterm_05",
									"#wbr_jpn_dataterm_03",
									"#wbr_jpn_metro_ftp_02",
									"#wbr_hil_dataterm_01",
									"#wbr_jpn_dataterm_11",
									"#wbr_jpn_dataterm_07",
									"#wbr_hil_dataterm_02",
									"#wbr_hil_dataterm_04",
									"#wbr_hil_metro_ftp_01",
									"#wbr_hil_dataterm_05",
									"#wbr_jpn_dataterm_02",
									"#wbr_jpn_dataterm_10",
									"#wbr_jpn_dataterm_06",
									"#wbr_jpn_metro_ftp_01",
									"#wbr_jpn_metro_ftp_02",
									"#std_rcr_dataterm_08",
									"#std_rcr_dataterm_02",
									"#std_rcr_dataterm_09",
									"#std_rcr_dataterm_06",
									"#std_rcr_dataterm_01",
									"#std_rcr_dataterm_03",
									"#std_rcr_dataterm_10",
									"#std_arr_dataterm_08",
									"#std_arr_metro_ftp_01",
									"#std_arr_dataterm_03",
									"#std_arr_dataterm_07",
									"#std_arr_dataterm_01",
									"#std_arr_dataterm_04",
									"#std_arr_dataterm_02",
									"#std_rcr_metro_ftp_05",
									"#pac_cvi_dataterm_02",
									"#pac_cvi_dataterm_04",
									"#wat_awf_dataterm_03",
									"#pac_cvi_metro_ftp_01",
									"#wat_nid_metro_ftp_01"
								]
							}
						}
					}
				}
			}]
		},
		{
			"name": "wait_for_trigger",
			"trigger": {
				"name": "killed_entity",
				"tag": "entitytag",
				"context": [{
					"trigger": {
						"condition01": {
							"name": "auto"
						}
					},
					"requirement": [
						[
							"condition01"
						]
					],
					"prop": {
						"tag": {
							"type": "text",
							"text": "NpcTag##amountnumber2",
							"values": {
								"amountnumber2": {
									"type": "variable",
									"variable": "chasecarNCPD_event_score",
									"key": "chasecarNCPD_event_score"
								}
							}
						}
					}
				}]
			}
		},
		{
			"name": "vehicle_go_to_fasttravel_point",
			"tag": "taxi_delamain_taxi",
			"destination": "#wat_lch_dataterm_04",
			"speed": 500,
			"forcegreenlight": false,
			"needdriver": true,
			"usetraffic": true,
			"context": [{
				"trigger": {
					"condition01": {
						"name": "auto"
					}
				},
				"requirement": [
					[
						"condition01"
					]
				],
				"prop": {
					"tag": {
						"type": "text",
						"text": "chasercartag##amountnumber4",
						"values": {
							"amountnumber4": {
								"type": "variable",
								"variable": "chasecarNCPD_event_score",
								"key": "chasecarNCPD_event_score"
							}
						}
					},
					"destination": {
						"text": "##text1",
						"values": {
							"text1": {
								"type": "random_text",
								"list": [
									"#wat_lch_dataterm_05",
									"#wat_lch_metro_ftp_09",
									"#wat_lch_metro_ftp_02",
									"#wat_kab_dataterm_06",
									"#wat_lch_metro_ftp_08",
									"#wat_lch_dataterm_04",
									"#wat_kab_dataterm_01",
									"#wat_kab_dataterm_02",
									"#wat_kab_dataterm_06",
									"#wat_lch_dataterm_10",
									"#wat_kab_dataterm_07",
									"#wat_kab_dataterm_04",
									"#wat_lch_dataterm_07",
									"#wat_nid_dataterm_01",
									"#wat_nid_dataterm_02",
									"#wbr_jpn_dataterm_05",
									"#wbr_jpn_dataterm_03",
									"#wbr_jpn_metro_ftp_02",
									"#wbr_hil_dataterm_01",
									"#wbr_jpn_dataterm_11",
									"#wbr_jpn_dataterm_07",
									"#wbr_hil_dataterm_02",
									"#wbr_hil_dataterm_04",
									"#wbr_hil_metro_ftp_01",
									"#wbr_hil_dataterm_05",
									"#wbr_jpn_dataterm_02",
									"#wbr_jpn_dataterm_10",
									"#wbr_jpn_dataterm_06",
									"#wbr_jpn_metro_ftp_01",
									"#wbr_jpn_metro_ftp_02",
									"#std_rcr_dataterm_08",
									"#std_rcr_dataterm_02",
									"#std_rcr_dataterm_09",
									"#std_rcr_dataterm_06",
									"#std_rcr_dataterm_01",
									"#std_rcr_dataterm_03",
									"#std_rcr_dataterm_10",
									"#std_arr_dataterm_08",
									"#std_arr_metro_ftp_01",
									"#std_arr_dataterm_03",
									"#std_arr_dataterm_07",
									"#std_arr_dataterm_01",
									"#std_arr_dataterm_04",
									"#std_arr_dataterm_02",
									"#std_rcr_metro_ftp_05",
									"#pac_cvi_dataterm_02",
									"#pac_cvi_dataterm_04",
									"#wat_awf_dataterm_03",
									"#pac_cvi_metro_ftp_01",
									"#wat_nid_metro_ftp_01"
								]
							}
						}
					}
				}
			}]
		},
		{
			"name": "wait_second",
			"value": 60
		}
	]
} 