{
	"name": "car_ambush",
	"tag": "car_ambush",
	"action": [{
			"name": "operate_score",
			"score": "chasecar_event_score",
			"key": "chasecar_event_score",
			"value": 0,
			"operator": "random",
			"min": 0,
			"max": 9000
		}, {
			"name": "wait_second",
			"value": 1
		},
		{
			"name": "spawn_vehicule_v2",
			"tag": "taxi_delamain_taxi",
			"spawnlevel": 36,
			"appearance": "none",
			"spawn_system": 3,
			"scriptlevel": 0,
			"group": "",
			"create_group_if_not_exist": false,
			"source": "faction",
			"source_helper": "vehicle||faction||current_district_leader||current_subdistrict_leader||district_leader||subdistrict_leader||random||from_list||district_rival||subdistrict_rival||current_district_rival||current_subdistrict_rival",
			"source_tag": "faction_maelstrom",
			"source_gang": "faction_mox",
			"source_list": ["Vehicle.cs_savable_archer_hella_police_siren"],
			"source_tag_helper": "Vehicle.cs_savable_archer_hella_police_siren||faction_mox||district_westbrook||NorthOaks",
			"source_use_rival": false,
			"position": "relative_to_entity",
			"position_helper": "at||relative_to_entity||node||player_look_at||poi||mappin||fasttravel||custom_place||custom_room",
			"position_change_helper": "Write 'current' in position_tag for get current node,mappin, fasttravel, custom_place or custom_room. \n For poi if you write 'current' in position_poi_district you will get the current district, \n if you write 'current in position_poi_subdistrict you will get the current subdistrict. \n also if you write 'random' in position_poi_subdistrict or position_poi_district, you will get an 'random' value",
			"position_range": 7,
			"position_lookatdistance": 0,
			"position_tag": "player",
			"position_tag_helper": "judy01||playerhouse01||playerhouse_bed||",
			"position_way": "behind",
			"position_way_helper": "normal||behind||forward",
			"position_poi_district": "",
			"position_poi_subdistrict": "",
			"position_poi_is_for_car": false,
			"position_poi_from_position": false,
			"position_poi_use_location_tag": false,
			"position_poi_type": 1,
			"position_distance": 5,
			"position_house_way": "default",
			"position_house_way_helper": "default||enter||exit",
			"position_house_tag": "playerhouse01",
			"position_node_usegameplay": false,
			"x": 0,
			"y": 0,
			"z": -0.3,
			"amount": 1,
			"isAV": false,
			"appears_from_behind": false,
			"wait_for_vehicle": false,
			"help": "This action will summon a Vehicle with several custom parameter",
			"helper": "This action will summon Vehicle with several custom parameter",
			"helperTitle": "Vehicle : Spawn a Vehicle",
			"context": [{
				"trigger": {
					"condition01": {
						"name": "auto"
					}
				},
				"requirement": [
					[
						"condition01"
					]
				],
				"prop": {
					"tag": {
						"text": "Cartag##amountnumber1",
						"type": "text",
						"values": {
							"amountnumber1": {
								"type": "variable",
								"variable": "chasecar_event_score",
								"key": "chasecar_event_score"
							}
						}
					},
					"source_tag": {
						"text": "##name",
						"type": "text",
						"values": {
							"name": {
								"type": "random_text",
								"list": [
									"faction_animals",
									"faction_maelstrom",
									"faction_voodooboys",
									"faction_ncpd",
									"faction_maxtac",
									"faction_afterlife",
									"faction_scavengers",
									"faction_tygerclaws",
									"faction_mox"
								]
							}
						}
					}
				}
			}]
		}, {
			"name": "wait_second",
			"value": 2
		}, {
				"name": "spawn_npc",
				"tag": "blue01",
				"alias": "NCPDNPC_fix",
				"spawnlevel": 36,
				"use_police_prevention_system": true,
				"group": "",
				"scriptlevel": 0,
				"appearance": "none",
				"create_group_if_not_exist": false,
				"source": "current_district_leader",
				"source_helper": "npc||current_star||faction||current_district_leader||current_subdistrict_leader||district_leader||subdistrict_leader||random||from_list||district_rival||subdistrict_rival||current_district_rival||current_subdistrict_rival",
				"source_gang": "",
				"source_tag": "",
				"source_tag_helper": "Character.Judy||faction_mox||district_westbrook||NorthOaks",
				"source_list": ["Character.Judy"],
				"source_use_vip": false,
				"source_use_rival": true,
				"position": "relative_to_entity",
				"position_helper": "at||relative_to_entity||node||player_look_at||poi||mappin||fasttravel||custom_place||custom_room",
				"position_change_helper": "Write 'current' in position_tag for get current node,mappin, fasttravel, custom_place or custom_room. \n For poi if you write 'current' in position_poi_district you will get the current district, \n if you write 'current in position_poi_subdistrict you will get the current subdistrict. \n also if you write 'random' in position_poi_subdistrict or position_poi_district, you will get an 'random' value",
				"position_range": 10,
				"position_lookatdistance": 0,
				"position_tag": "taxi_delamain_taxi",
				"position_tag_helper": "judy01||playerhouse01||playerhouse_bed||",
				"position_way": "normal",
				"position_way_helper": "normal||behind||forward",
				"position_poi_district": "",
				"position_poi_subdistrict": "",
				"position_poi_is_for_car": true,
				"position_poi_from_position": false,
				"position_poi_use_location_tag": false,
				"position_poi_type": 1,
				"position_distance": 5,
				"position_house_way": "default",
				"position_house_way_helper": "default||enter||exit",
				"position_house_tag": "playerhouse01",
				"position_node_usegameplay": false,
				"x": -2,
				"y": -1,
				"z": 0,
				"amount": 1,
				"help": "This action will summon a custom npc with several custom parameter ",
				"helper": "This action will summon a custom npc with several custom parameter ",
				"helperTitle": "Entity : Spawn NPC",
				"context": [{
					"trigger": {
						"condition01": {
							"name": "auto"
						}
					},
					"requirement": [
						[
							"condition01"
						]
					],
					"prop": {
						"position_tag": {
							"text": "Cartag##amountnumber1",
							"type": "text",
							"values": {
								"amountnumber1": {
									"type": "variable",
									"variable": "chasecar_event_score",
									"key": "chasecar_event_score"
								}
							}
						},
						"tag": {
							"text": "NpcTag##amountnumber2",
							"type": "text",
							"values": {
								"amountnumber2": {
									"type": "variable",
									"variable": "chasecar_event_score",
									"key": "chasecar_event_score"
								}
							}
						},
						"source_tag": {
							"text": "##name",
							"type": "text",
							"values": {
								"name": {
									"type": "random_text",
									"list": [
										"faction_animals",
										"faction_maelstrom",
										"faction_voodooboys",
										"faction_ncpd",
										"faction_maxtac",
										"faction_afterlife",
										"faction_scavengers",
										"faction_tygerclaws",
										"faction_mox"
									]
								}
							}
						}
					}
				}]
		}, {
			"name": "wait_second",
			"value": 2
		}, {
			"name": "entity_set_seat",
			"seat": "seat_front_left",
			"tag": "npc",
			"vehicle": "taxi_delamain_taxi",
			"waitforsit": false,
			"context": [{
				"prop": {
					"tag": {
						"text": "NpcTag##amountnumber2",
						"type": "text",
						"values": {
							"amountnumber2": {
								"type": "variable",
								"variable": "chasecar_event_score",
								"key": "chasecar_event_score"
							}
						}
					},
					"vehicle": {
						"text": "Cartag##amountnumber1",
						"type": "text",
						"values": {
							"amountnumber1": {
								"type": "variable",
								"variable": "chasecar_event_score",
								"key": "chasecar_event_score"
							}
						}
					}
				},
				"requirement": [
					[
						"condition01"
					]
				],
				"trigger": {
					"condition01": {
						"name": "auto"
					}
				}
			}]
		}, {
			"name": "vehicle_follow_entity",
			"tag": "player",
			"vehicle": "myvehiculetag",
			"context": [{
				"trigger": {
					"condition01": {
						"name": "auto"
					}
				},
				"requirement": [
					[
						"condition01"
					]
				],
				"prop": {
					"vehicle": {
						"text": "Cartag##amountnumber1",
						"type": "text",
						"values": {
							"amountnumber1": {
								"type": "variable",
								"variable": "chasecar_event_score",
								"key": "chasecar_event_score"
							}
						}
					}
				}
			}]
		}, {
			"name": "wait_second",
			"value": 0.7
		}, {
				"entity": "npc2",
				"name": "attitude_entity_against_entity",
				"tag": "npc",
				"attitude": "hostile",
				"context": [{
					"trigger": {
						"condition01": {
							"name": "auto"
						}
					},
					"requirement": [
						[
							"condition01"
						]
					],
					"prop": {
						"tag": {
							"text": "chaserNPCTag##amountnumber3",
							"type": "text",
							"values": {
								"amountnumber3": {
									"type": "variable",
									"variable": "chasecar_event_score",
									"key": "chasecar_event_score"
								}
							}
						}
					}
				}]
		}, {
			"name": "wait_second",
			"value": 20
		}
	]
}