{
	"name": "MaxTac Intervention",
	"tag": "maxtac010",
	"action": [{
		"name": "do_function",
		"value": "maxtac_gangmanager"
	}, {
		"name": "wait_second",
		"value": 3
	}, {
		"name": "play_game_sound",
		"value": "v_av_militech_manticore_q001_00ff_max_tac"
	}, {
		"name": "wait_second",
		"value": 2
	}, {
		"name": "create_group",
		"tag": "maxtacsquad"
	}, {
		"name": "spawn_vehicule_v2",
		"tag": "helicoTac",
		"spawnlevel": 36,
		"appearance": "",
		"spawn_system": 3,
		"scriptlevel": 0,
		"group": "",
		"create_group_if_not_exist": false,
		"source": "vehicle",
		"source_helper": "vehicle||faction||current_district_leader||current_subdistrict_leader||district_leader||subdistrict_leader||random||from_list||district_rival||subdistrict_rival||current_district_rival||current_subdistrict_rival",
		"source_tag": "Vehicle.av_militech_manticore",
		"source_gang": "",
		"source_list": ["Vehicle.cs_savable_archer_hella_police_siren"],
		"source_tag_helper": "Vehicle.cs_savable_archer_hella_police_siren||faction_mox||district_westbrook||NorthOaks",
		"source_use_rival": false,
		"position": "relative_to_entity",
		"position_helper": "at||relative_to_entity||node||player_look_at||poi||mappin||fasttravel||custom_place||custom_room",
		"position_change_helper": "Write 'current' in position_tag for get current node,mappin, fasttravel, custom_place or custom_room. \n For poi if you write 'current' in position_poi_district you will get the current district, \n if you write 'current in position_poi_subdistrict you will get the current subdistrict. \n also if you write 'random' in position_poi_subdistrict or position_poi_district, you will get an 'random' value",
		"position_range": 50,
		"position_lookatdistance": 0,
		"position_tag": "blue_4",
		"position_tag_helper": "judy01||playerhouse01||playerhouse_bed||",
		"position_way": "normal",
		"position_way_helper": "normal||behind||forward",
		"position_poi_district": "",
		"position_poi_subdistrict": "",
		"position_poi_is_for_car": false,
		"position_poi_from_position": false,
		"position_poi_use_location_tag": false,
		"position_poi_type": 1,
		"position_distance": 5,
		"position_house_way": "default",
		"position_house_way_helper": "default||enter||exit",
		"position_house_tag": "playerhouse01",
		"position_node_usegameplay": false,
		"x": 0,
		"y": -10,
		"z": 65,
		"amount": 1,
		"isAV": false,
		"appears_from_behind": false,
		"wait_for_vehicle": false
	}, {
		"name": "wait_second",
		"value": 2
	}, {
		"x": 0,
		"tag": "helicoTac",
		"y": 0,
		"rotation": 1,
		"name": "teleport_entity_at_relative_position",
		"z": -0.7
	}, {
		"name": "wait_second",
		"value": 0.5
	}, {
		"name": "for",
		"amount": 215,
		"action": [{
			"x": 0,
			"tag": "helicoTac",
			"y": 0,
			"rotation": 1,
			"name": "teleport_entity_at_relative_position",
			"z": -0.29
		}]
	}, {
		"name": "wait_second",
		"value": 3
	}, {
		"name": "spawn_npc",
		"tag": "max01",
		"spawnlevel": 36,
		"use_police_prevention_system": true,
		"group": "maxtacsquad",
		"scriptlevel": 0,
		"appearance": "none",
		"create_group_if_not_exist": true,
		"source": "faction",
		"source_helper": "npc||current_star||faction||current_district_leader||current_subdistrict_leader||district_leader||subdistrict_leader||random||from_list||district_rival||subdistrict_rival||current_district_rival||current_subdistrict_rival",
		"source_gang": "faction_maxtac",
		"source_tag": "faction_maxtac",
		"source_tag_helper": "Character.Judy||faction_mox||district_westbrook||NorthOaks",
		"source_list": ["Character.Judy"],
		"source_use_vip": false,
		"source_use_rival": false,
		"position": "relative_to_entity",
		"position_helper": "at||relative_to_entity||node||player_look_at||poi||mappin||fasttravel||custom_place||custom_room",
		"position_change_helper": "Write 'current' in position_tag for get current node,mappin, fasttravel, custom_place or custom_room. \n For poi if you write 'current' in position_poi_district you will get the current district, \n if you write 'current in position_poi_subdistrict you will get the current subdistrict. \n also if you write 'random' in position_poi_subdistrict or position_poi_district, you will get an 'random' value",
		"position_range": 50,
		"position_lookatdistance": 0,
		"position_tag": "helicoTac",
		"position_tag_helper": "judy01||playerhouse01||playerhouse_bed||",
		"position_way": "normal",
		"position_way_helper": "normal||behind||forward",
		"position_poi_district": "",
		"position_poi_subdistrict": "",
		"position_poi_is_for_car": false,
		"position_poi_from_position": false,
		"position_poi_use_location_tag": false,
		"position_poi_type": 1,
		"position_distance": 5,
		"position_house_way": "default",
		"position_house_way_helper": "default||enter||exit",
		"position_house_tag": "playerhouse01",
		"position_node_usegameplay": false,
		"amount": 4,
		"x": 2,
		"y": 0,
		"z": -1
	}, {
		"name": "wait_second",
		"value": 2
	}, {
		"name": "move",
		"tag": "maxtacsquad",
		"group": true,
		"move": "Sprint",
		"position": "relative_to_entity",
		"position_helper": "at||relative_to_entity||node||player_look_at||poi||mappin||fasttravel||custom_place||custom_room",
		"position_change_helper": "Write 'current' in position_tag for get current node,mappin, fasttravel, custom_place or custom_room. \n For poi if you write 'current' in position_poi_district you will get the current district, \n if you write 'current in position_poi_subdistrict you will get the current subdistrict. \n also if you write 'random' in position_poi_subdistrict or position_poi_district, you will get an 'random' value",
		"position_range": 50,
		"position_lookatdistance": 0,
		"position_tag": "blue_1",
		"position_tag_helper": "judy01||playerhouse01||playerhouse_bed||",
		"position_way": "normal",
		"position_way_helper": "normal||behind||forward",
		"position_poi_district": "",
		"position_poi_subdistrict": "",
		"position_poi_is_for_car": false,
		"position_poi_from_position": false,
		"position_poi_use_location_tag": false,
		"position_poi_type": 1,
		"position_distance": 5,
		"position_house_way": "default",
		"position_house_way_helper": "default||enter||exit",
		"position_house_tag": "playerhouse01",
		"position_node_usegameplay": false,
		"x": 0,
		"y": 2,
		"z": 0,
		"moveV2": true,
		"roll": 0,
		"pitch": 0,
		"yaw": 0,
		"distance": 10,
		"distancetolerance": 80,
		"ignorenavigation": true,
		"stoponobstacle": false,
		"outofway": true
	}, {
		"name": "wait_second",
		"value": 2
	}, {
		"voice": "danger",
		"name": "play_group_voice",
		"tag": "maxtacsquad"
	}, {
		"name": "look_at_entity_group",
		"tag": "gangteam",
		"entity": "max01_2"
	}, {
		"name": "look_at_entity_group",
		"tag": "maxtacsquad",
		"entity": "blue_1"
	}, {
		"name": "wait_second",
		"value": 1
	}, {
		"attitude": "hostile",
		"attitudegroup": "mq030_max_tac",
		"tag": "maxtacsquad",
		"attitudegrouptarget": "6thStreet",
		"name": "attitude_group_against_group",
		"target": "gangteam"
	}, {
		"name": "play_game_sound",
		"value": "v_av_militech_manticore_q001_00ff_max_tac"
	}, {
		"attitude": "hostile",
		"attitudegroup": "6thStreet",
		"tag": "gangteam",
		"attitudegrouptarget": "mq030_max_tac",
		"name": "attitude_group_against_group",
		"target": "maxtacsquad"
	}, {
		"name": "wait_second",
		"value": 0.5
	}, {
		"name": "if",
		"trigger": {
			"name": "entity_in_faction",
			"tag": "blue_1",
			"faction": "faction_mox",
			"context": [{
				"trigger": {
					"condition01": {
						"name": "auto"
					}
				},
				"requirement": [
					[
						"condition01"
					]
				],
				"prop": {
					"faction": {
						"text": "##playerfaction",
						"type": "text",
						"values": {
							"factionname": {
								"type": "variable",
								"variable": "player",
								"key": "current_gang"
							},
							"playerfaction": {
								"type": "faction",
								"tag": "faction_mox",
								"prop": "Tag",
								"replace": "tag",
								"context_value": "factionname"
							}
						}
					}
				}
			}]
		},
		"if_action": [{
			"name": "attitude_group_against_entity",
			"attitude": "friendly",
			"tag": "gangteam",
			"entity": "player"
		}, {
			"name": "attitude_group_against_entity",
			"attitude": "hostile",
			"tag": "maxtacsquad",
			"entity": "player"
		}],
		"else_action": [{}]
	}, {
		"name": "wait_for_trigger",
		"trigger": {
			"logic": "or",
			"name": "testFor",
			"triggers": [{
				"name": "killed_group",
				"tag": "maxtacsquad"
			}, {
				"name": "killed_group",
				"tag": "gangteam"
			}]
		}
	}, {
		"if_action": [{
			"score": -1,
			"name": "gang_affinity",
			"value": "faction_maxtac"
		}],
		"trigger": {
			"name": "killed_group",
			"tag": "maxtacsquad"
		},
		"name": "if",
		"else_action": [{
			"score": 1,
			"name": "gang_affinity",
			"value": "faction_maxtac"
		}]
	}, {
		"name": "notify",
		"value": "MaxTac Intervention finished"
	}, {
		"name": "move",
		"tag": "maxtacsquad",
		"group": true,
		"move": "Sprint",
		"position": "relative_to_entity",
		"position_helper": "at||relative_to_entity||node||player_look_at||poi||mappin||fasttravel||custom_place||custom_room",
		"position_change_helper": "Write 'current' in position_tag for get current node,mappin, fasttravel, custom_place or custom_room. \n For poi if you write 'current' in position_poi_district you will get the current district, \n if you write 'current in position_poi_subdistrict you will get the current subdistrict. \n also if you write 'random' in position_poi_subdistrict or position_poi_district, you will get an 'random' value",
		"position_range": 50,
		"position_lookatdistance": 0,
		"position_tag": "helicoTac",
		"position_tag_helper": "judy01||playerhouse01||playerhouse_bed||",
		"position_way": "normal",
		"position_way_helper": "normal||behind||forward",
		"position_poi_district": "",
		"position_poi_subdistrict": "",
		"position_poi_is_for_car": false,
		"position_poi_from_position": false,
		"position_poi_use_location_tag": false,
		"position_poi_type": 1,
		"position_distance": 5,
		"position_house_way": "default",
		"position_house_way_helper": "default||enter||exit",
		"position_house_tag": "playerhouse01",
		"position_node_usegameplay": false,
		"x": 1,
		"y": -1,
		"z": 0,
		"moveV2": true,
		"roll": 0,
		"pitch": 0,
		"yaw": 0,
		"distance": 50,
		"distancetolerance": 50,
		"ignorenavigation": true,
		"stoponobstacle": false,
		"outofway": true
	}, {
		"name": "stop_game_sound",
		"value": "v_av_militech_manticore_q001_00ff_max_tac"
	}, {
		"name": "wait_second",
		"value": 5
	}, {
		"name": "vehicle_change_engine",
		"value": "on",
		"tag": "helicoTac"
	}, {
		"name": "despawn_group",
		"tag": "gangteam"
	}, {
		"name": "despawn_group",
		"tag": "maxtacsquad"
	}, {
		"name": "wait_second",
		"value": 0.5
	}, {
		"name": "remove_group",
		"tag": "gangteam"
	}, {
		"name": "remove_group",
		"tag": "maxtacsquad"
	}, {
		"name": "play_game_sound",
		"value": "q001_sc_00c_trauma_leaves_av_engines"
	}, {
		"name": "wait_second",
		"value": 10.95
	}, {
		"x": 0,
		"tag": "helicoTac",
		"y": 0,
		"rotation": 1,
		"name": "teleport_entity_at_relative_position",
		"z": 0.2
	}, {
		"amount": 200,
		"action": [{
			"x": 0,
			"tag": "helicoTac",
			"y": 0,
			"rotation": 1,
			"name": "teleport_entity_at_relative_position",
			"z": 0.5
		}],
		"name": "for"
	}, {
		"name": "wait_second",
		"value": 0.3
	}, {
		"amount": 650,
		"action": [{
			"x": 0,
			"tag": "helicoTac",
			"y": 0.5,
			"rotation": 1,
			"name": "teleport_entity_at_relative_position",
			"z": 0
		}],
		"name": "for"
	}, {
		"name": "wait_second",
		"value": 8
	}, {
		"name": "stop_game_sound",
		"value": "q001_sc_00c_trauma_leaves_av_engines"
	}, {
		"name": "despawn_entity",
		"tag": "helicoTac"
	}]
}