{
	"name": "Public_fry",
	"tag": "Public_fry",
	"action": [{
			"name": "spawn_npc",
			"tag": "fried",
			"spawnlevel": 45,
			"use_police_prevention_system": true,
			"group": "",
			"appeareance": "none",
			"create_group_if_not_exist": false,
			"source": "faction",
			"source_helper": "npc||current_star||faction||current_district_leader||current_subdistrict_leader||district_leader||subdistrict_leader||random||from_list",
			"source_tag": "faction_delamain",
			"source_tag_helper": "Character.Judy||faction_mox||district_westbrook||NorthOaks",
			"source_list": [
				"Character.Judy"
			],
			"source_use_vip": false,
			"source_use_rival": false,
			"position": "poi",
			"position_helper": "at||relative_to_entity||node||current_node||poi||mappin||fasttravel||current_fasttravel||custom_place||custom_room||current_custom_place||current_custom_room",
			"position_tag": "",
			"position_tag_helper": "judy01||playerhouse01||playerhouse_bed||",
			"position_way": "normal",
			"position_way_helper": "normal||behind||forward",
			"position_poi_district": "",
			"position_poi_subdistrict": "",
			"position_poi_is_for_car": false,
			"position_poi_from_position": true,
			"position_poi_use_location_tag": false,
			"position_poi_range": 40,
			"position_poi_type": 77,
			"position_distance": 20,
			"position_house_way": "default||enter||exit",
			"position_house_tag": "playerhouse01",
			"position_node_current_detection_range": 70,
			"position_node_usegameplay": false,
			"x": 0,
			"y": 0,
			"z": 0,
			"amount": 1,
			"help": "This action will summon a custom npc with several custom parameter ",
			"helper": "This action will summon a custom npc with several custom parameter ",
			"helperTitle": "Entity : Spawn NPC",
			"position_range": 30
		},
		{
			"name": "wait_second",
			"value": 2
		},
		{
			"name": "move",
			"tag": "fried",
			"group": false,
			"move": "Walk",
			"position": "relative_to_entity",
			"position_helper": "at||relative_to_entity||node||player_look_at||poi||mappin||fasttravel||custom_place||custom_room",
			"position_change_helper": "Write 'current' in position_tag for get current node,mappin, fasttravel, custom_place or custom_room. \n For poi if you write 'current' in position_poi_district you will get the current district, \n if you write 'current in position_poi_subdistrict you will get the current subdistrict. \n also if you write 'random' in position_poi_subdistrict or position_poi_district, you will get an 'random' value",
			"position_range": 50,
			"position_lookatdistance": 0,
			"position_tag": "player",
			"position_tag_helper": "judy01||playerhouse01||playerhouse_bed||",
			"position_way": "behind",
			"position_way_helper": "normal||behind||forward",
			"position_poi_district": "",
			"position_poi_subdistrict": "",
			"position_poi_is_for_car": false,
			"position_poi_from_position": false,
			"position_poi_use_location_tag": false,
			"position_poi_type": 1,
			"position_distance": 5,
			"position_house_way": "default",
			"position_house_way_helper": "default||enter||exit",
			"position_house_tag": "playerhouse01",
			"position_node_usegameplay": false,
			"x": 2,
			"y": -2,
			"z": 0,
			"moveV2": true,
			"roll": 0,
			"pitch": 0,
			"yaw": 0,
			"distance": 10,
			"distancetolerance": 80,
			"ignorenavigation": true,
			"stoponobstacle": false,
			"outofway": false
		},
		{
			"name": "wait_second",
			"value": 2
		},
		{
			"name": "look_at_entity_entity",
			"tag": "fried",
			"entity": "player"
		},
		{
			"name": "wait_second",
			"value": 10
		},
		{
			"name": "apply_effect",
		"tag": "fried",
		"value": "BaseStatusEffect.Madness"
	}, {
		"name": "wait_second",
		"value": 10
	}, {
		"name": "stop_effect",
		"tag": "fried",
		"value": "BaseStatusEffect.Madness"
	}, {
			"name": "kill_entity",
		"tag": "fried"
	}, {
		"name": "wait_second",
		"value": 4
	}, {
			"name": "despawn_entity",
			"tag": "fried"
		}
	]
}