{
	"name": "Public_suicide",
	"tag": "Public_suicide",
	"action": [{
			"name": "spawn_npc",
			"tag": "sui",
			"spawnlevel": 45,
			"use_police_prevention_system": true,
			"group": "",
			"appeareance": "none",
			"create_group_if_not_exist": false,
			"source": "faction",
			"source_helper": "npc||current_star||faction||current_district_leader||current_subdistrict_leader||district_leader||subdistrict_leader||random||from_list",
			"source_tag": "faction_delamain",
			"source_tag_helper": "Character.Judy||faction_mox||district_westbrook||NorthOaks",
			"source_list": [
				"Character.Judy"
			],
			"source_use_vip": false,
			"source_use_rival": false,
			"position": "poi",
			"position_helper": "at||relative_to_entity||node||current_node||poi||mappin||fasttravel||current_fasttravel||custom_place||custom_room||current_custom_place||current_custom_room",
			"position_tag": "",
			"position_tag_helper": "judy01||playerhouse01||playerhouse_bed||",
			"position_way": "normal",
			"position_way_helper": "normal||behind||forward",
			"position_poi_district": "",
			"position_poi_subdistrict": "",
			"position_poi_is_for_car": false,
			"position_poi_from_position": true,
			"position_poi_use_location_tag": false,
			"position_poi_range": 40,
			"position_poi_type": 77,
			"position_distance": 20,
			"position_house_way": "default||enter||exit",
			"position_house_tag": "playerhouse01",
			"position_node_current_detection_range": 70,
			"position_node_usegameplay": false,
			"x": 0,
			"y": 0,
			"z": 0,
			"amount": 1,
			"help": "This action will summon a custom npc with several custom parameter ",
			"helper": "This action will summon a custom npc with several custom parameter ",
			"helperTitle": "Entity : Spawn NPC",
			"position_range": 30
		},
		{
			"name": "wait_second",
			"value": 2
		},
		{
			"name": "wait_second",
			"value": 2
		},
		{
			"name": "look_at_entity_entity",
			"tag": "sui",
			"entity": "player"
		},
		{
			"name": "wait_second",
			"value": 10
		},
		{
			"name": "apply_effect",
		"tag": "sui",
		"value": "BaseStatusEffect.SuicideWithWeapon"
	}, {
		"name": "wait_second",
		"value": 10
	}, {
		"name": "stop_effect",
		"tag": "sui",
		"value": "BaseStatusEffect.SuicideWithWeapon"
	}, {
		"name": "wait_second",
		"value": 1
	}, {
			"name": "despawn_entity",
			"tag": "sui"
		}
	]
}