{
	"name": "Roamer npc",
	"tag": "Roamernpc",
	"action": [{
			"name": "spawn_npc",
			"tag": "walker",
			"spawnlevel": 45,
			"use_police_prevention_system": true,
			"group": "",
			"appeareance": "none",
			"create_group_if_not_exist": false,
			"source": "current_subdistrict_leader",
			"source_helper": "npc||current_star||faction||current_district_leader||current_subdistrict_leader||district_leader||subdistrict_leader||random||from_list",
			"source_tag": "",
			"source_tag_helper": "Character.Judy||faction_mox||district_westbrook||NorthOaks",
			"source_list": [
				"Character.Judy"
			],
			"source_use_vip": false,
			"source_use_rival": false,
			"position": "poi",
			"position_helper": "at||relative_to_entity||node||current_node||poi||mappin||fasttravel||current_fasttravel||custom_place||custom_room||current_custom_place||current_custom_room",
			"position_tag": "",
			"position_tag_helper": "judy01||playerhouse01||playerhouse_bed||",
			"position_way": "normal",
			"position_way_helper": "normal||behind||forward",
			"position_poi_district": "",
			"position_poi_subdistrict": "",
			"position_poi_is_for_car": false,
			"position_poi_from_position": true,
			"position_poi_use_location_tag": false,
			"position_poi_range": 40,
			"position_poi_type": 77,
			"position_distance": 0,
			"position_house_way": "default||enter||exit",
			"position_house_tag": "playerhouse01",
			"position_node_current_detection_range": 70,
			"position_node_usegameplay": false,
			"x": 0,
			"y": 0,
			"z": 0.2,
			"amount": 1,
			"help": "This action will summon a custom npc with several custom parameter ",
			"helper": "This action will summon a custom npc with several custom parameter ",
			"helperTitle": "Entity : Spawn NPC",
			"position_range": 10
		},
		{
			"name": "wait_second",
			"value": 2
		},
		{
			"name": "move",
			"tag": "walker",
			"group": false,
			"move": "Walk",
			"position": "relative_to_entity",
			"position_helper": "at||relative_to_entity||node||player_look_at||poi||mappin||fasttravel||custom_place||custom_room",
			"position_change_helper": "Write 'current' in position_tag for get current node,mappin, fasttravel, custom_place or custom_room. \n For poi if you write 'current' in position_poi_district you will get the current district, \n if you write 'current in position_poi_subdistrict you will get the current subdistrict. \n also if you write 'random' in position_poi_subdistrict or position_poi_district, you will get an 'random' value",
			"position_range": 50,
			"position_lookatdistance": 0,
			"position_tag": "player",
			"position_tag_helper": "judy01||playerhouse01||playerhouse_bed||",
			"position_way": "behind",
			"position_way_helper": "normal||behind||forward",
			"position_poi_district": "",
			"position_poi_subdistrict": "",
			"position_poi_is_for_car": false,
			"position_poi_from_position": false,
			"position_poi_use_location_tag": false,
			"position_poi_type": 1,
			"position_distance": 5,
			"position_house_way": "default",
			"position_house_way_helper": "default||enter||exit",
			"position_house_tag": "playerhouse01",
			"position_node_usegameplay": false,
			"x": 2,
			"y": -2,
			"z": 0,
			"moveV2": true,
			"roll": 0,
			"pitch": 0,
			"yaw": 0,
			"distance": 10,
			"distancetolerance": 80,
			"ignorenavigation": true,
			"stoponobstacle": false,
			"outofway": false
		},
		{
			"name": "wait_second",
			"value": 10
		},
		{
			"name": "look_at_entity_entity",
			"tag": "walker",
			"entity": "player"
		},
		{
			"name": "wait_for_trigger",
			"trigger": {
				"name": "entity_looked_is_gangfriendly"
			}
		},
		{
			"name": "random_subtitle",
			"title": [
				"Yo, What's up V?",
				"Hey, V! good to see you around.",
				"Oh it's V! Find any 'friends' nearby?",
				"Good to see your Face around here.",
				"Ah it's V, Nice seein' you around here.",
				"Fancy Seeing You over Here.",
				"Stay Strapped and Safe out Here, V."
			],
			"type": 2,
			"target": "player",
			"speaker": "Gang Member",
			"duration": 3
		},
		{
			"name": "random_subtitle",
			"title": [
				"Glad to see You, too.",
				"Stay safe out here.",
				"Now I'll know who to run to when I get jumped, Hey!",
				"Nice to see you, as well.",
				"Oh hey! Hope there isn't trouble nearby.",
				"You must've scared your enemies off if you're here.",
				" Ah, What's up, How's it goin'?",
				"Fancy seeing you here, too.",
				"Hey! What's happenin'.",
				"Catch ya later, Gotta get somewhere.",
				"Hope to see you around again, Take care."
			],
			"type": 2,
			"target": "walker",
			"speaker": "V",
			"duration": 4
		},
		{
			"name": "move",
			"tag": "walker",
			"group": false,
			"move": "Walk",
			"position": "poi",
			"position_helper": "at||relative_to_entity||node||player_look_at||poi||mappin||fasttravel||custom_place||custom_room",
			"position_change_helper": "Write 'current' in position_tag for get current node,mappin, fasttravel, custom_place or custom_room. \n For poi if you write 'current' in position_poi_district you will get the current district, \n if you write 'current in position_poi_subdistrict you will get the current subdistrict. \n also if you write 'random' in position_poi_subdistrict or position_poi_district, you will get an 'random' value",
			"position_range": 50,
			"position_lookatdistance": 0,
			"position_tag": "player",
			"position_tag_helper": "judy01||playerhouse01||playerhouse_bed||",
			"position_way": "normal",
			"position_way_helper": "normal||behind||forward",
			"position_poi_district": "",
			"position_poi_subdistrict": "",
			"position_poi_is_for_car": false,
			"position_poi_from_position": false,
			"position_poi_use_location_tag": false,
			"position_poi_type": 77,
			"position_distance": 5,
			"position_house_way": "default",
			"position_house_way_helper": "default||enter||exit",
			"position_house_tag": "playerhouse01",
			"position_node_usegameplay": false,
			"x": 0,
			"y": 0,
			"z": 0
		},
		{
			"name": "wait_second",
			"value": 10
		},
		{
			"name": "despawn_entity",
			"tag": "walker"
		}
	]
}