{
	"name": "Ambush Spawner",
	"tag": "SantoDomingo_dnc",
	"action": [{
		"name": "wait_for_trigger",
		"trigger": {
			"name": "testFor",
			"triggers": [{
				"name": "compare",
				"trigger": {
					"name": "time",
					"min": 1000,
					"max": 2400
				},
				"expected": true
			}, {
				"name": "compare",
				"trigger": {
					"name": "time",
					"min": 100,
					"max": 600
				},
				"expected": true
			}],
			"logic": "or"
		}
	}, {
		"name": "if",
		"trigger": {
			"name": "testFor",
			"triggers": [{
				"name": "time",
				"min": 100,
				"max": 1800
			}, {
				"name": "player_in_poi",
				"tag": "",
				"district": "",
				"subdistrict": "",
				"iscar": false,
				"type": 77,
				"uselocationtag": false,
				"range": 50
			}],
			"logic": "and"
		},
		"if_action": [{
			"name": "do_random_function",
			"funcs": ["GangWar", "GangFight", "Roamernpc", "ambush", "maxtac010"],
			"parallele": false,
			"applyto": ""
		}],
		"else_action": [{
			"name": "do_random_function",
			"funcs": ["GangWar", "GangFight", "Roamernpc", "ambush", "maxtac010"],
			"parallele": false,
			"applyto": ""
		}]
	}]
}