{
    "name": "func_dial_leah_choice_04",
    "tag": "func_dial_leah_choice_04",
    "action": [{
            "name": "subtitle",
            "title": 
				"Let's get fucking Naughty! I wanna get up all in that ass, Baby",
			"type": 1,
            "target": "player",
            "speaker": "Client",
            "duration": 6,
            "helper": "This action will fire an subtitle, it act live wait for seconds",
            "helperTitle": "Dialog : run an subtitle"
        },

         {
            "name": "dialog",
            "dialog":"dial_leah_choice_04"

        }
        ]
}