{
    "name": "func_dial_leah_choice_01_m",
    "tag": "func_dial_leah_choice_01_m",
    "action": [{
            "name": "subtitle",
            "title": 
				"Trying to Fuck me, or Fuck, let Me Fuck You, in all the ways you can think of? I want you to feel all of me!",
			"type": 1,
            "target": "player",
            "speaker": "Client",
            "duration": 6,
            "helper": "This action will fire an subtitle, it act live wait for seconds",
            "helperTitle": "Dialog : run an subtitle"
        },

         {
            "name": "dialog",
            "dialog":"dial_leah_choice_01_m"

        }
        ]
}