{
    "name": "func_dial_leah_choice_02",
    "tag": "func_dial_leah_choice_02",
    "action": [{
            "name": "subtitle",
            "title": 
				"I hope you have some BDSM stuff around, I'm tryin to be a Sub for you, Cute ass.",
			"type": 1,
            "target": "player",
            "speaker": "Client",
            "duration": 6,
            "helper": "This action will fire an subtitle, it act live wait for seconds",
            "helperTitle": "Dialog : run an subtitle"
        },

         {
            "name": "dialog",
            "dialog":"dial_leah_choice_02"

        }
        ]
}