{
    "name": "func_dial_leah_choice_01_f",
    "tag": "func_dial_leah_choice_01_f",
    "action": [{
            "name": "subtitle",
            "title": 
				"I wanna Fuck your Hot plastic Body and get all my fluids crossed in those wires of yours",
			"type": 1,
            "target": "player",
            "speaker": "Client",
            "duration": 6,
            "helper": "This action will fire an subtitle, it act live wait for seconds",
            "helperTitle": "Dialog : run an subtitle"
        },

         {
            "name": "dialog",
            "dialog":"dial_leah_choice_01_f"

        }
        ]
}