{
    "name": "func_dial_leah_choice_01",
    "tag": "func_dial_leah_choice_01",
    "action": [{
          "name": "random_subtitle",
		"title": [
				"Love a bit of anal maybe? Are you tight ? Would you be up for that?",
				"Damn I really wanna eat that nice ass of yours out! I'm trying to be a freak for you!",
				"I gotta get me some of that ass of yours. All of it. Please?",
				"Tryin' to let me break some boundaries of yours?",
				"Let me get all up inside you, every hole."
				],
			"type": 1,
            "target": "player",
            "speaker": "Client",
            "duration": 4,
            "helper": "This action will fire an subtitle, it act live wait for seconds",
            "helperTitle": "Dialog : run an subtitle"
        },
         {
            "name": "dialog",
            "dialog":"dial_leah_choice_01"
        }
        ]
}