{
    "name": "joytoy_endpoint_06_mid",
    "tag": "joytoy_endpoint_06_mid",
    "action": [
			{
				"name": "set_mappin",
	"x": -1868,
					"y": -1149,
					"z": 22,
					"tag": "joytoy_endpoint",
		"typemap": "ExclamationMarkVariant",
		"wall": true,
		"active": true,
		"mapgroup": "joypinend",
		"position": "at",
		"position_helper": "at||relative_to_entity||node||player_look_at||poi||mappin||fasttravel||custom_place||custom_room",
		"position_change_helper": "Write 'current' in position_tag for get current node,mappin, fasttravel, custom_place or custom_room. \n For poi if you write 'current' in position_poi_district you will get the current district, \n if you write 'current in position_poi_subdistrict you will get the current subdistrict. \n also if you write 'random' in position_poi_subdistrict or position_poi_district, you will get an 'random' value",
		"position_range": 50,
		"position_lookatdistance": 0,
		"position_tag": "",
		"position_tag_helper": "judy01||playerhouse01||playerhouse_bed||",
		"position_way": "normal",
		"position_way_helper": "normal||behind||forward",
		"position_poi_district": "",
		"position_poi_subdistrict": "",
		"position_poi_is_for_car": false,
		"position_poi_from_position": false,
		"position_poi_use_location_tag": false,
		"position_poi_type": 1,
		"position_distance": 5,
		"position_house_way": "default",
		"position_house_way_helper": "default||enter||exit",
		"position_house_tag": "playerhouse01",
		"position_node_usegameplay": false
			}
        ]
}
   
   