[{
		"Desc": "V",
		"speaker": {
			"value": "V",
			"way": "quest"
		},
		"Tag": "dial_leah_choice_01",
		"trigger": {
			"auto": {
				"name": "auto"
			}
		},
		"requirement": [
			["auto"]
		],
		"options": [{
			"Description": "I'm down for that *wink* ",
			"action": [{
					"name": "add_to_custom_score",
					"value": "joytoy_dirtiness_reput",
					"score": 1,
					"helper": "This action will change the value of an custom score",
					"helperTitle": "Score :  change the value of an custom score"
				},
				{
					"name": "add_to_custom_score",
					"value": "joytoy_reput",
					"score": -1,
					"helper": "This action will change the value of an custom score",
					"helperTitle": "Score :  change the value of an custom score"
				},
				{
					"name": "add_to_custom_score",
					"value": "joytoy_action",
					"score": 1,
					"helper": "This action will change the value of an custom score",
					"helperTitle": "Score :  change the value of an custom score"
				},
				{
					"name": "do_function",
					"value": "joytoy_dialog_manager"
				}

			],
			"trigger": {
				"auto": {
					"name": "auto"
				}
			},
			"requirement": [
				["auto"]
			]
		}, {
			"Description": "How about something else instead? Not real experienced with that one",
			"action": [{
					"name": "add_to_custom_score",
					"value": "joytoy_dirtiness_reput",
					"score": -1,
					"helper": "This action will change the value of an custom score",
					"helperTitle": "Score :  change the value of an custom score"
				},
				{
					"name": "add_to_custom_score",
					"value": "joytoy_reput",
					"score": 1,
					"helper": "This action will change the value of an custom score",
					"helperTitle": "Score :  change the value of an custom score"
				},
				{
					"name": "add_to_custom_score",
					"value": "joytoy_action",
					"score": 1,
					"helper": "This action will change the value of an custom score",
					"helperTitle": "Score :  change the value of an custom score"
				},
				{
					"name": "do_function",
					"value": "joytoy_dialog_manager"
				}

			],
			"trigger": {
				"auto": {
					"name": "auto"
				}
			},
			"requirement": [
				["auto"]
			]
		}]
	},

























	{
		"Desc": "V",
		"speaker": {
			"value": "V",
			"way": "quest"
		},
		"Tag": "dial_leah_choice_02",
		"trigger": {
			"auto": {
				"name": "auto"
			}
		},
		"requirement": [
			["auto"]
		],
		"options": [{
			"Description": "Yes, Lets Use what I have... and Dom/Sub Eachother all night long.",
			"action": [{
					"name": "add_to_custom_score",
					"value": "joytoy_dirtiness_reput",
					"score": 1,
					"helper": "This action will change the value of an custom score",
					"helperTitle": "Score :  change the value of an custom score"
				},
				{
					"name": "add_to_custom_score",
					"value": "joytoy_reput",
					"score": -1,
					"helper": "This action will change the value of an custom score",
					"helperTitle": "Score :  change the value of an custom score"
				},
				{
					"name": "add_to_custom_score",
					"value": "joytoy_action",
					"score": 1,
					"helper": "This action will change the value of an custom score",
					"helperTitle": "Score :  change the value of an custom score"
				},
				{
					"name": "do_function",
					"value": "joytoy_dialog_manager"
				}

			],
			"trigger": {
				"auto": {
					"name": "custom_condition",
					"value": "joytoy_dirtiness_reput",
					"score": 1,
					"helper": "This trigger will be triggered when the custom score (value) have reach the score",
					"helperTitle": "Score : Custom Score"
				}
			},
			"requirement": [
				["auto"]
			]
		}, {
			"Description": "No, Maybe something else hun?",
			"action": [

				{
					"name": "add_to_custom_score",
					"value": "joytoy_action",
					"score": 1,
					"helper": "This action will change the value of an custom score",
					"helperTitle": "Score :  change the value of an custom score"
				}, {
					"name": "add_to_custom_score",
					"value": "joytoy_dirtiness_reput",
					"score": -1,
					"helper": "This action will change the value of an custom score",
					"helperTitle": "Score :  change the value of an custom score"
				},
				{
					"name": "add_to_custom_score",
					"value": "joytoy_reput",
					"score": 1,
					"helper": "This action will change the value of an custom score",
					"helperTitle": "Score :  change the value of an custom score"
				},
				{
					"name": "do_function",
					"value": "joytoy_dialog_manager"
				}

			],
			"trigger": {
				"auto": {
					"name": "auto"
				}
			},
			"requirement": [
				["auto"]
			]
		}]
	},











	{
		"Desc": "V",
		"speaker": {
			"value": "V",
			"way": "quest"
		},

		"Tag": "dial_leah_choice_03",
		"trigger": {
			"auto": {
				"name": "auto"
			}
		},
		"requirement": [
			["auto"]
		],
		"options": [{
			"Description": "I always love To fuck my clients my way",
			"action": [{
					"name": "add_to_custom_score",
					"value": "joytoy_action",
					"score": 1,
					"helper": "This action will change the value of an custom score",
					"helperTitle": "Score :  change the value of an custom score"
				}, {
					"name": "add_to_custom_score",
					"value": "joytoy_dirtiness_reput",
					"score": 1,
					"helper": "This action will change the value of an custom score",
					"helperTitle": "Score :  change the value of an custom score"
				},
				{
					"name": "add_to_custom_score",
					"value": "joytoy_reput",
					"score": -1,
					"helper": "This action will change the value of an custom score",
					"helperTitle": "Score :  change the value of an custom score"
				},
				{
					"name": "do_function",
					"value": "joytoy_dialog_manager"
				}

			],
			"trigger": {
				"auto": {
					"name": "auto"
				}
			},
			"requirement": [
				["auto"]
			]
		}, {
			"Description": "No, How about a different pose?",
			"action": [{
					"name": "add_to_custom_score",
					"value": "joytoy_action",
					"score": 1,
					"helper": "This action will change the value of an custom score",
					"helperTitle": "Score :  change the value of an custom score"
				}, {
					"name": "add_to_custom_score",
					"value": "joytoy_dirtiness_reput",
					"score": -1,
					"helper": "This action will change the value of an custom score",
					"helperTitle": "Score :  change the value of an custom score"
				},
				{
					"name": "add_to_custom_score",
					"value": "joytoy_reput",
					"score": 1,
					"helper": "This action will change the value of an custom score",
					"helperTitle": "Score :  change the value of an custom score"
				},
				{
					"name": "do_function",
					"value": "joytoy_dialog_manager"
				}

			],
			"trigger": {
				"auto": {
					"name": "auto"
				}
			},
			"requirement": [
				["auto"]
			]
		}]
	},



	{
		"Desc": "V",
		"speaker": {
			"value": "V",
			"way": "quest"
		},

		"Tag": "dial_leah_choice_04",
		"trigger": {
			"auto": {
				"name": "auto"
			}
		},
		"requirement": [
			["auto"]
		],
		"options": [{
			"Description": "*Gets on all fours*.. I'm your bitch, make me scream please!",
			"action": [{
					"name": "add_to_custom_score",
					"value": "joytoy_action",
					"score": 1,
					"helper": "This action will change the value of an custom score",
					"helperTitle": "Score :  change the value of an custom score"
				}, {
					"name": "add_to_custom_score",
					"value": "joytoy_dirtiness_reput",
					"score": -1,
					"helper": "This action will change the value of an custom score",
					"helperTitle": "Score :  change the value of an custom score"
				},
				{
					"name": "add_to_custom_score",
					"value": "joytoy_reput",
					"score": 1,
					"helper": "This action will change the value of an custom score",
					"helperTitle": "Score :  change the value of an custom score"
				},
				{
					"name": "do_function",
					"value": "joytoy_dialog_manager"
				}

			],
			"trigger": {
				"auto": {
					"name": "auto"
				}
			},
			"requirement": [
				["auto"]
			]
		}, {
			"Description": "No, How about a different pose?",
			"action": [{
					"name": "add_to_custom_score",
					"value": "joytoy_action",
					"score": 1,
					"helper": "This action will change the value of an custom score",
					"helperTitle": "Score :  change the value of an custom score"
				}, {
					"name": "add_to_custom_score",
					"value": "joytoy_dirtiness_reput",
					"score": 1,
					"helper": "This action will change the value of an custom score",
					"helperTitle": "Score :  change the value of an custom score"
				},
				{
					"name": "add_to_custom_score",
					"value": "joytoy_reput",
					"score": -1,
					"helper": "This action will change the value of an custom score",
					"helperTitle": "Score :  change the value of an custom score"
				},
				{
					"name": "do_function",
					"value": "joytoy_dialog_manager"
				}

			],
			"trigger": {
				"auto": {
					"name": "auto"
				}
			},
			"requirement": [
				["auto"]
			]
		}]
	},


	{
		"Desc": "V",
		"speaker": {
			"value": "V",
			"way": "quest"
		},

		"Tag": "dial_leah_choice_05",
		"trigger": {
			"auto": {
				"name": "auto"
			}
		},
		"requirement": [
			["auto"]
		],
		"options": [{
			"Description": "Mhmm..I have been a little.........hungry",
			"action": [{
					"name": "add_to_custom_score",
					"value": "joytoy_action",
					"score": 1,
					"helper": "This action will change the value of an custom score",
					"helperTitle": "Score :  change the value of an custom score"
				}, {
					"name": "add_to_custom_score",
					"value": "joytoy_dirtiness_reput",
					"score": -1,
					"helper": "This action will change the value of an custom score",
					"helperTitle": "Score :  change the value of an custom score"
				},
				{
					"name": "add_to_custom_score",
					"value": "joytoy_reput",
					"score": 1,
					"helper": "This action will change the value of an custom score",
					"helperTitle": "Score :  change the value of an custom score"
				},
				{
					"name": "do_function",
					"value": "joytoy_dialog_manager"
				}

			],
			"trigger": {
				"auto": {
					"name": "auto"
				}
			},
			"requirement": [
				["auto"]
			]
		}, {
			"Description": "No, How about a different pose?",
			"action": [{
					"name": "add_to_custom_score",
					"value": "joytoy_action",
					"score": 1,
					"helper": "This action will change the value of an custom score",
					"helperTitle": "Score :  change the value of an custom score"
				}, {
					"name": "add_to_custom_score",
					"value": "joytoy_dirtiness_reput",
					"score": 1,
					"helper": "This action will change the value of an custom score",
					"helperTitle": "Score :  change the value of an custom score"
				},
				{
					"name": "add_to_custom_score",
					"value": "joytoy_reput",
					"score": -1,
					"helper": "This action will change the value of an custom score",
					"helperTitle": "Score :  change the value of an custom score"
				},
				{
					"name": "do_function",
					"value": "joytoy_dialog_manager"
				}

			],
			"trigger": {
				"auto": {
					"name": "auto"
				}
			},
			"requirement": [
				["auto"]
			]
		}]
	},








	{
		"Desc": "V",
		"speaker": {
			"value": "V",
			"way": "quest"
		},

		"Tag": "dial_leah_choice_06",
		"trigger": {
			"auto": {
				"name": "auto"
			}
		},
		"requirement": [
			["auto"]
		],
		"options": [{
			"Description": "I'm all about getting hot and wet in those right places",
			"action": [{
					"name": "add_to_custom_score",
					"value": "joytoy_action",
					"score": 1,
					"helper": "This action will change the value of an custom score",
					"helperTitle": "Score :  change the value of an custom score"
				}, {
					"name": "add_to_custom_score",
					"value": "joytoy_dirtiness_reput",
					"score": -1,
					"helper": "This action will change the value of an custom score",
					"helperTitle": "Score :  change the value of an custom score"
				},
				{
					"name": "add_to_custom_score",
					"value": "joytoy_reput",
					"score": 1,
					"helper": "This action will change the value of an custom score",
					"helperTitle": "Score :  change the value of an custom score"
				},
				{
					"name": "do_function",
					"value": "joytoy_dialog_manager"

				}

			],
			"trigger": {
				"auto": {
					"name": "auto"
				}
			},
			"requirement": [
				["auto"]
			]
		}, {
			"Description": "No, How about a different pose?",
			"action": [{
					"name": "add_to_custom_score",
					"value": "joytoy_action",
					"score": 1,
					"helper": "This action will change the value of an custom score",
					"helperTitle": "Score :  change the value of an custom score"
				}, {
					"name": "add_to_custom_score",
					"value": "joytoy_dirtiness_reput",
					"score": 1,
					"helper": "This action will change the value of an custom score",
					"helperTitle": "Score :  change the value of an custom score"
				},
				{
					"name": "add_to_custom_score",
					"value": "joytoy_reput",
					"score": -1,
					"helper": "This action will change the value of an custom score",
					"helperTitle": "Score :  change the value of an custom score"
				},
				{
					"name": "do_function",
					"value": "joytoy_dialog_manager"
				}

			],
			"trigger": {
				"auto": {
					"name": "auto"
				}
			},
			"requirement": [
				["auto"]
			]
		}]
	},









	{
		"Desc": "V",
		"speaker": {
			"value": "V",
			"way": "quest"
		},
		"Tag": "dial_leah_choice_01_m",
		"trigger": {
			"auto": {
				"name": "auto"
			}
		},
		"requirement": [
			["auto"]
		],
		"options": [{
			"Description": "You're speaking my language.. Though I would like to keep by IC's intact for monetary reasons.",
			"action": [{
					"name": "add_to_custom_score",
					"value": "joytoy_action",
					"score": 1,
					"helper": "This action will change the value of an custom score",
					"helperTitle": "Score :  change the value of an custom score"
				}, {
					"name": "add_to_custom_score",
					"value": "joytoy_dirtiness_reput",
					"score": -1,
					"helper": "This action will change the value of an custom score",
					"helperTitle": "Score :  change the value of an custom score"
				},
				{
					"name": "add_to_custom_score",
					"value": "joytoy_reput",
					"score": 1,
					"helper": "This action will change the value of an custom score",
					"helperTitle": "Score :  change the value of an custom score"
				},
				{
					"name": "do_function",
					"value": "joytoy_dialog_manager"

				}

			],
			"trigger": {
				"auto": {
					"name": "auto"
				}
			},
			"requirement": [
				["auto"]
			]
		}, {
			"Description": "No, Maybe something else hun?",
			"action": [{
					"name": "add_to_custom_score",
					"value": "joytoy_action",
					"score": 1,
					"helper": "This action will change the value of an custom score",
					"helperTitle": "Score :  change the value of an custom score"
				}, {
					"name": "add_to_custom_score",
					"value": "joytoy_dirtiness_reput",
					"score": 1,
					"helper": "This action will change the value of an custom score",
					"helperTitle": "Score :  change the value of an custom score"
				},
				{
					"name": "add_to_custom_score",
					"value": "joytoy_reput",
					"score": -1,
					"helper": "This action will change the value of an custom score",
					"helperTitle": "Score :  change the value of an custom score"
				},
				{
					"name": "do_function",
					"value": "joytoy_dialog_manager"
				}

			],
			"trigger": {
				"auto": {
					"name": "auto"
				}
			},
			"requirement": [
				["auto"]
			]
		}]
	},






	{
		"Desc": "V",
		"speaker": {
			"value": "V",
			"way": "quest"
		},
		"Tag": "dial_leah_choice_02_m",
		"trigger": {
			"auto": {
				"name": "auto"
			}
		},
		"requirement": [
			["auto"]
		],
		"options": [{
			"Description": "My Dick is all yours to be toyed with!",
			"action": [{
					"name": "add_to_custom_score",
					"value": "joytoy_action",
					"score": 1,
					"helper": "This action will change the value of an custom score",
					"helperTitle": "Score :  change the value of an custom score"
				}, {
					"name": "add_to_custom_score",
					"value": "joytoy_dirtiness_reput",
					"score": -1,
					"helper": "This action will change the value of an custom score",
					"helperTitle": "Score :  change the value of an custom score"
				},
				{
					"name": "add_to_custom_score",
					"value": "joytoy_reput",
					"score": 1,
					"helper": "This action will change the value of an custom score",
					"helperTitle": "Score :  change the value of an custom score"
				},
				{
					"name": "do_function",
					"value": "joytoy_dialog_manager"

				}

			],
			"trigger": {
				"auto": {
					"name": "auto"
				}
			},
			"requirement": [
				["auto"]
			]
		}, {
			"Description": "No, Maybe something else hun?",
			"action": [{
					"name": "add_to_custom_score",
					"value": "joytoy_action",
					"score": 1,
					"helper": "This action will change the value of an custom score",
					"helperTitle": "Score :  change the value of an custom score"
				}, {
					"name": "add_to_custom_score",
					"value": "joytoy_dirtiness_reput",
					"score": 1,
					"helper": "This action will change the value of an custom score",
					"helperTitle": "Score :  change the value of an custom score"
				},
				{
					"name": "add_to_custom_score",
					"value": "joytoy_reput",
					"score": -1,
					"helper": "This action will change the value of an custom score",
					"helperTitle": "Score :  change the value of an custom score"
				},
				{
					"name": "do_function",
					"value": "joytoy_dialog_manager"
				}

			],
			"trigger": {
				"auto": {
					"name": "auto"
				}
			},
			"requirement": [
				["auto"]
			]
		}]
	},



	{
		"Desc": "V",
		"speaker": {
			"value": "V",
			"way": "quest"
		},
		"Tag": "dial_leah_choice_03_m",
		"trigger": {
			"auto": {
				"name": "auto"
			}
		},
		"requirement": [
			["auto"]
		],
		"options": [{
			"Description": "Come get a handful of My Ass then and see what we can do with it!",
			"action": [{
					"name": "add_to_custom_score",
					"value": "joytoy_action",
					"score": 1,
					"helper": "This action will change the value of an custom score",
					"helperTitle": "Score :  change the value of an custom score"
				}, {
					"name": "add_to_custom_score",
					"value": "joytoy_dirtiness_reput",
					"score": -1,
					"helper": "This action will change the value of an custom score",
					"helperTitle": "Score :  change the value of an custom score"
				},
				{
					"name": "add_to_custom_score",
					"value": "joytoy_reput",
					"score": 1,
					"helper": "This action will change the value of an custom score",
					"helperTitle": "Score :  change the value of an custom score"
				},
				{
					"name": "do_function",
					"value": "joytoy_dialog_manager"

				}

			],
			"trigger": {
				"auto": {
					"name": "auto"
				}
			},
			"requirement": [
				["auto"]
			]
		}, {
			"Description": "No, Maybe something else hun?",
			"action": [{
					"name": "add_to_custom_score",
					"value": "joytoy_action",
					"score": 1,
					"helper": "This action will change the value of an custom score",
					"helperTitle": "Score :  change the value of an custom score"
				}, {
					"name": "add_to_custom_score",
					"value": "joytoy_dirtiness_reput",
					"score": 1,
					"helper": "This action will change the value of an custom score",
					"helperTitle": "Score :  change the value of an custom score"
				},
				{
					"name": "add_to_custom_score",
					"value": "joytoy_reput",
					"score": -1,
					"helper": "This action will change the value of an custom score",
					"helperTitle": "Score :  change the value of an custom score"
				},
				{
					"name": "do_function",
					"value": "joytoy_dialog_manager"
				}

			],
			"trigger": {
				"auto": {
					"name": "auto"
				}
			},
			"requirement": [
				["auto"]
			]
		}]
	},




	{
		"Desc": "V",
		"speaker": {
			"value": "V",
			"way": "quest"
		},
		"Tag": "dial_leah_choice_01_f",
		"trigger": {
			"auto": {
				"name": "auto"
			}
		},
		"requirement": [
			["auto"]
		],
		"options": [{
			"Description": " Ohh, Yes please! But you gotta pay for the cybernetics too..",
			"action": [{
					"name": "add_to_custom_score",
					"value": "joytoy_action",
					"score": 1,
					"helper": "This action will change the value of an custom score",
					"helperTitle": "Score :  change the value of an custom score"
				}, {
					"name": "add_to_custom_score",
					"value": "joytoy_dirtiness_reput",
					"score": -1,
					"helper": "This action will change the value of an custom score",
					"helperTitle": "Score :  change the value of an custom score"
				},
				{
					"name": "add_to_custom_score",
					"value": "joytoy_reput",
					"score": 1,
					"helper": "This action will change the value of an custom score",
					"helperTitle": "Score :  change the value of an custom score"
				},
				{
					"name": "do_function",
					"value": "joytoy_dialog_manager"

				}

			],
			"trigger": {
				"auto": {
					"name": "auto"
				}
			},
			"requirement": [
				["auto"]
			]
		}, {
			"Description": "No, Maybe something else hun?",
			"action": [{
					"name": "add_to_custom_score",
					"value": "joytoy_action",
					"score": 1,
					"helper": "This action will change the value of an custom score",
					"helperTitle": "Score :  change the value of an custom score"
				}, {
					"name": "add_to_custom_score",
					"value": "joytoy_dirtiness_reput",
					"score": 1,
					"helper": "This action will change the value of an custom score",
					"helperTitle": "Score :  change the value of an custom score"
				},
				{
					"name": "add_to_custom_score",
					"value": "joytoy_reput",
					"score": -1,
					"helper": "This action will change the value of an custom score",
					"helperTitle": "Score :  change the value of an custom score"
				},
				{
					"name": "do_function",
					"value": "joytoy_dialog_manager"
				}

			],
			"trigger": {
				"auto": {
					"name": "auto"
				}
			},
			"requirement": [
				["auto"]
			]
		}]
	},












	{
		"Desc": "V",
		"speaker": {
			"value": "V",
			"way": "quest"
		},
		"Tag": "dial_leah_choice_02_f",
		"trigger": {
			"auto": {
				"name": "auto"
			}
		},
		"requirement": [
			["auto"]
		],
		"options": [{
			"Description": " Mmm..Yes [Strip clothes down]",
			"action": [{
					"name": "add_to_custom_score",
					"value": "joytoy_action",
					"score": 1,
					"helper": "This action will change the value of an custom score",
					"helperTitle": "Score :  change the value of an custom score"
				}, {
					"name": "add_to_custom_score",
					"value": "joytoy_dirtiness_reput",
					"score": -1,
					"helper": "This action will change the value of an custom score",
					"helperTitle": "Score :  change the value of an custom score"
				},
				{
					"name": "add_to_custom_score",
					"value": "joytoy_reput",
					"score": 1,
					"helper": "This action will change the value of an custom score",
					"helperTitle": "Score :  change the value of an custom score"
				},
				{
					"name": "do_function",
					"value": "joytoy_dialog_manager"

				}

			],
			"trigger": {
				"auto": {
					"name": "auto"
				}
			},
			"requirement": [
				["auto"]
			]
		}, {
			"Description": "No, Maybe something else hun?",
			"action": [{
					"name": "add_to_custom_score",
					"value": "joytoy_action",
					"score": 1,
					"helper": "This action will change the value of an custom score",
					"helperTitle": "Score :  change the value of an custom score"
				}, {
					"name": "add_to_custom_score",
					"value": "joytoy_dirtiness_reput",
					"score": 1,
					"helper": "This action will change the value of an custom score",
					"helperTitle": "Score :  change the value of an custom score"
				},
				{
					"name": "add_to_custom_score",
					"value": "joytoy_reput",
					"score": -1,
					"helper": "This action will change the value of an custom score",
					"helperTitle": "Score :  change the value of an custom score"
				},
				{
					"name": "do_function",
					"value": "joytoy_dialog_manager"
				}

			],
			"trigger": {
				"auto": {
					"name": "auto"
				}
			},
			"requirement": [
				["auto"]
			]
		}]
	},












	{
		"Desc": "V",
		"speaker": {
			"value": "V",
			"way": "quest"
		},
		"Tag": "dial_leah_choice_03_f",
		"trigger": {
			"auto": {
				"name": "auto"
			}
		},
		"requirement": [
			["auto"]
		],
		"options": [{
			"Description": "Well Whatever you do, Play nice with it",
			"action": [{
					"name": "add_to_custom_score",
					"value": "joytoy_action",
					"score": 1,
					"helper": "This action will change the value of an custom score",
					"helperTitle": "Score :  change the value of an custom score"
				}, {
					"name": "add_to_custom_score",
					"value": "joytoy_dirtiness_reput",
					"score": -1,
					"helper": "This action will change the value of an custom score",
					"helperTitle": "Score :  change the value of an custom score"
				},
				{
					"name": "add_to_custom_score",
					"value": "joytoy_reput",
					"score": 1,
					"helper": "This action will change the value of an custom score",
					"helperTitle": "Score :  change the value of an custom score"
				},
				{
					"name": "do_function",
					"value": "joytoy_dialog_manager"

				}

			],
			"trigger": {
				"auto": {
					"name": "auto"
				}
			},
			"requirement": [
				["auto"]
			]
		}, {
			"Description": "No, Maybe something else hun?",
			"action": [{
					"name": "add_to_custom_score",
					"value": "joytoy_action",
					"score": 1,
					"helper": "This action will change the value of an custom score",
					"helperTitle": "Score :  change the value of an custom score"
				}, {
					"name": "add_to_custom_score",
					"value": "joytoy_dirtiness_reput",
					"score": 1,
					"helper": "This action will change the value of an custom score",
					"helperTitle": "Score :  change the value of an custom score"
				},
				{
					"name": "add_to_custom_score",
					"value": "joytoy_reput",
					"score": -1,
					"helper": "This action will change the value of an custom score",
					"helperTitle": "Score :  change the value of an custom score"
				},
				{
					"name": "do_function",
					"value": "joytoy_dialog_manager"
				}

			],
			"trigger": {
				"auto": {
					"name": "auto"
				}
			},
			"requirement": [
				["auto"]
			]
		}]
	}

]