{
	"title": "Escort",
	"content": "Escort",
	"tag": "Escort",
	"recommandedlevel": 10,
	"questtype": 1,
	"district": 62,
	"recurrent": true,
	"trigger_condition": {
		"myfixer": {
			"name": "auto"
		}
	},
	"trigger_condition_requirement": [
		[
			"myfixer"
		]
	],
	"unlock_action": [],
	"trigger_action": [{
			"name": "set_score",
			"score": "Choice",
			"key": "option",
			"value": 0
		}, {
			"name": "spawn_npc",
			"tag": "Escort_Radiant_VIP",
			"alias": "NCPDNPC_fix",
			"spawnlevel": 45,
			"use_police_prevention_system": true,
			"group": "",
			"scriptlevel": 0,
			"appearance": "none",
			"create_group_if_not_exist": false,
			"source": "faction",
			"source_helper": "npc||current_star||faction||current_district_leader||current_subdistrict_leader||district_leader||subdistrict_leader||random||from_list||district_rival||subdistrict_rival||current_district_rival||current_subdistrict_rival",
			"source_gang": "faction_mox",
			"source_tag": "faction_delamain",
			"source_tag_helper": "Character.Judy||faction_mox||district_westbrook||NorthOaks",
			"source_list": [],
			"source_use_vip": false,
			"source_use_rival": false,
			"position": "relative_to_entity",
			"position_helper": "at||relative_to_entity||node||player_look_at||poi||mappin||fasttravel||custom_place||custom_room",
			"position_change_helper": "Write 'current' in position_tag for get current node,mappin, fasttravel, custom_place or custom_room. \n For poi if you write 'current' in position_poi_district you will get the current district, \n if you write 'current in position_poi_subdistrict you will get the current subdistrict. \n also if you write 'random' in position_poi_subdistrict or position_poi_district, you will get an 'random' value",
			"position_range": 60,
			"position_lookatdistance": 0,
			"position_tag": "player",
			"position_tag_helper": "judy01||playerhouse01||playerhouse_bed||",
			"position_way": "behind",
			"position_way_helper": "normal||behind||forward",
			"position_poi_district": "",
			"position_poi_subdistrict": "",
			"position_poi_is_for_car": false,
			"position_poi_from_position": false,
			"position_poi_use_location_tag": false,
			"position_poi_type": 77,
			"position_distance": 5,
			"position_house_way": "default",
			"position_house_way_helper": "default||enter||exit",
			"position_house_tag": "playerhouse01",
			"position_node_usegameplay": false,
			"x": 0,
			"y": 0,
			"z": 0,
			"amount": 1,
			"help": "This action will summon a custom npc with several custom parameter ",
			"helper": "This action will summon a custom npc with several custom parameter ",
			"helperTitle": "Entity : Spawn NPC"
		},
		{
			"name": "wait_second",
			"value": 2
		},
		{
				"name": "move",
				"tag": "Escort_Radiant_VIP",
				"group": false,
				"move": "Sprint",
				"position": "relative_to_entity",
				"position_helper": "at||relative_to_entity||node||player_look_at||poi||mappin||fasttravel||custom_place||custom_room",
				"position_change_helper": "Write 'current' in position_tag for get current node,mappin, fasttravel, custom_place or custom_room. \n For poi if you write 'current' in position_poi_district you will get the current district, \n if you write 'current in position_poi_subdistrict you will get the current subdistrict. \n also if you write 'random' in position_poi_subdistrict or position_poi_district, you will get an 'random' value",
				"position_range": 50,
				"position_lookatdistance": 0,
				"position_tag": "player",
				"position_tag_helper": "judy01||playerhouse01||playerhouse_bed||",
				"position_way": "forward",
				"position_way_helper": "normal||behind||forward",
				"position_poi_district": "",
				"position_poi_subdistrict": "",
				"position_poi_is_for_car": false,
				"position_poi_from_position": false,
				"position_poi_use_location_tag": false,
				"position_poi_type": 1,
				"position_distance": 5,
				"position_house_way": "default",
				"position_house_way_helper": "default||enter||exit",
				"position_house_tag": "playerhouse01",
				"position_node_usegameplay": false,
				"x": 0,
				"y": -1,
				"z": 0,
				"moveV2": true,
				"roll": 0,
				"pitch": 0,
				"yaw": 0,
				"distance": 0,
				"distancetolerance": 0,
				"ignorenavigation": true,
				"stoponobstacle": false,
				"outofway": false
			}, {
				"name": "wait_second",
				"value": 3
		},
		{
			"name": "set_scannerdata",
			"tag": "Escort_Radiant_VIP",
			"primaryname": "Placeholder",
			"secondaryname": "Placeholder",
			"level": 0,
			"rarity": 0,
			"faction": "",
			"text": "",
			"bounty": {
				"transgressions": [
					""
				],
				"customtransgressions": [
					""
				],
				"reward": 0,
				"streetreward": 0,
				"issuedby": "NCPD",
				"danger": 0
			},
			"context": [{
					"trigger": {
						"auto3": {
							"name": "entity_gender",
							"value": "male",
							"tag": "Escort_Radiant_VIP",
							"helper": "This trigger will be triggered when entity has expected gender (male||female)",
							"helperTitle": "Entity : Gender"
						}
					},
					"requirement": [
						["auto3"]
					],
					"prop": {
						"primaryname": {
							"text": "##name",
							"values": {
								"name": {
									"type": "random_text",
									"list": ["Keegan", "Juan", "Austin", "Matteo", "Caleb", "Melvin", "Roberto", "Ryland", "Zachariah", "Jerome", "Landyn", "Damion", "Harold", "Erik", "Nicholas", "Reilly", "Miles", "Adrien", "Davin", "Peyton", "Jairo", "Giovani", "Greyson", "Zachary", "Kendrick", "Jadon", "Aidyn", "Scott", "Enzo", "Jamison", "Ethan", "Esteban", "Wayne", "Frankie", "Deon", "Felipe", "Avery", "Emery", "Marcel", "Rey", "Matthew", "Lee", "Glenn", "Cale", "Kaiden", "Finley", "Francisco", "Jovanni", "Layton", "Silas", "Markus", "Aaden", "Edgar", "Eduardo", "Kristian", "Wade", "Giovanni", "Abdullah", "Makhi", "Hugo", "Atticus", "Michael", "Ibrahim", "Mekhi", "Steven", "Patrick", "Tyrese", "Marquis", "Shane", "German", "Porter", "Brandon", "Parker", "Peter", "Tristan", "Amare", "Cortez", "Kenny", "Kendall", "Levi", "Micah", "Timothy", "Isaac", "Malachi", "Bryan", "Richard", "Soren", "Kael", "Mason", "Beckett", "Dante", "Joe", "Mauricio", "Cole", "Harper", "Demarcus", "Everett", "Santos", "Phoenix", "Zander", "Ariel", "Rohan", "Skyler", "Luke", "Jaiden", "Ramiro", "Brady", "Kyan", "Sawyer", "Aldo", "Nigel", "Todd", "Jayvon", "Xzavier", "Dorian", "Kolten", "Rayan", "Kellen", "Will", "Rigoberto", "Elisha", "Alden", "Trevon", "Myles", "Zane", "Brock", "Frank", "Desmond", "Jordan", "Mohammad", "Alexis", "Jadiel", "Terrell", "Remington", "Gaven", "Elijah", "Santino", "Clay", "Omari", "Brennan", "Gavyn", "Zachery", "Jason", "Heath", "Braedon", "Leonidas", "Broderick", "Sergio", "Alijah", "Charlie", "Jerry", "Reynaldo", "Ahmad", "Guillermo", "Samson", "Isai", "Toby", "Jonah", "Jett", "Emiliano", "Zackery", "Emerson", "Lane", "Ezekiel", "Rex", "Jacoby", "Jeramiah", "Mathew", "Nico", "Nathen", "Yosef", "Camden", "Dangelo", "Fernando", "Andreas", "Ezequiel", "Kyler", "Jonathon", "Demarion", "Jaylen", "Gilbert", "Jamir", "Elias", "Efrain", "Branson", "Deshawn", "Jaydan", "Semaj", "Chandler", "Nolan", "Kyson", "Taylor", "Zaire", "Armando", "Jaylon", "Braxton", "Alonso", "Quintin", "Sincere", "Darian", "Gaige", "Lance", "Fisher", "Ean", "Joel", "Izaiah", "Gael", "Alec", "Colby", "Seth", "Agustin", "Alvaro", "Alexander", "Demetrius", "Andres", "Roger", "Jalen", "Angel", "Reese", "Sean", "Bruce", "Marlon", "Winston", "Dustin", "Cody", "Marcos", "Garrett", "Ty", "Bo", "Max", "Ruben", "Allen", "Chace", "Jaeden", "Kane", "Beau", "Devon", "Raiden", "Niko", "Jair", "Jarrett", "Jabari", "Adriel", "Nelson", "Reid", "Colin", "Josiah", "Wyatt", "Conrad", "Ricardo", "Devyn", "Cameron", "Daniel", "Deegan", "Jefferson", "Angelo", "Bailey", "Xavier", "Rodrigo", "Walter", "Josh", "Kymani", "Aarav", "Jayvion", "Tyree", "Marvin", "Jorden", "Armani", "Willie", "Antonio", "Dominick", "Cassius", "Tyshawn", "Hamza", "Issac", "Devan", "Kadyn", "Johnathon", "Rudy", "Davis", "Julio", "Chance", "Carson", "Jovani", "Johnny", "Ray", "Duncan", "Adonis", "Alberto", "River", "Lamar", "Marco", "Ronnie", "Ronin", "Uriah", "Benjamin", "Jaxon", "Gavin", "Roland", "Ross", "Blaine", "Nathanael", "Liam", "Kameron", "Trace", "Korbin", "Kenyon", "Denzel", "Gideon", "Gilberto", "Maximilian", "Clayton", "Reed", "George", "Evan", "Adrian", "Joaquin", "James", "Kash", "Gunnar", "Ellis", "Jamar", "Oscar", "Russell", "Cayden", "Baron", "Samuel", "Rylan", "Franco", "Andrew", "Darien", "Kenneth", "Ayden", "Moises", "Leonel", "Alan", "Frederick", "Bryant", "Paul", "Leo", "Jamari", "Mateo", "Brent", "Zack", "Trystan", "Anderson", "Fletcher", "Javon", "Isaias", "Cristopher", "Gordon", "Draven", "Bryson", "Hector", "Gage", "Ignacio", "Steve", "Jerimiah", "Nathaniel", "Ethen", "Nikhil", "Edwin", "Marcus", "Keshawn", "Yair", "Marley", "Alonzo", "Zaiden", "Lewis", "Aidan", "Pranav", "Reuben", "Jakobe", "Rene", "Damarion", "Caden", "Brendan", "Tristin", "Craig", "Javier", "Gianni", "Charles", "Brogan", "Micheal", "Nathan", "Dakota", "Davion", "Zayne", "Darnell", "Jaden", "Rhett", "Isiah", "Enrique", "Leandro", "Zayden", "Dashawn", "Byron", "Prince", "Uriel", "Ernest", "Jessie", "Finn", "Hudson", "Gustavo", "Bentley", "Braden", "Arturo", "Abdiel", "Irvin", "Jovan", "Chad", "Brenden", "Reece", "Conor", "Ronan", "Cory", "Keenan", "Braylon", "Kamren", "Bryce", "Jaydon", "Quinton", "Julian", "Hayden", "Amir", "Coleman", "Braydon", "Adam", "Rashad", "Sammy", "Justus", "Cason", "Mathias", "Maverick", "Jameson", "Moses", "Jaquan", "Philip", "Darryl", "Pierre", "Nash", "Octavio", "Carlo", "Leonardo", "Sheldon", "Jasper", "Eliezer", "Milo", "Jared", "Neil", "Hugh", "Danny", "Donavan", "Dominic", "Kasey", "Vincent", "Haiden", "Milton", "Geovanni", "Chase", "Mohamed", "Braiden", "Yusuf", "Christian", "Dominique", "Brendon", "Ryder", "Tristian", "Roman", "Deven", "Royce", "Jaylan", "Alex", "Yael", "Marques", "Pierce", "Bridger", "Shamar", "Kolby", "Humberto", "Tyler", "Madden", "Davian", "Jordon", "Antony", "Douglas", "Oswaldo", "Case", "Dario", "Jaron", "Dawson", "Rodney", "Justin", "Manuel", "Dereon", "Roderick", "Paxton", "Donald", "Van", "Maximus", "Jeremy", "Giancarlo", "Ronald", "Beckham", "Matthias", "Orion", "Aryan", "Brody", "Braeden", "Alejandro", "Ali", "Raymond", "Ryker", "Jasiah", "Tyrell", "Talan", "Cyrus", "Anthony", "Miguel", "Allan", "Lorenzo", "Trevor", "Ryan", "Vance", "Caiden", "Shaun", "Carl", "Dalton", "Camryn", "Ayaan", "Darwin", "Weston", "Jackson", "Turner", "Elliot", "Tyson", "Dean", "Santiago", "Cullen", "Yadiel", "Clarence", "Carlos", "Thaddeus", "Krish", "Rylee", "Malakai", "Grady", "Kody", "Jaidyn", "Salvatore", "Bruno", "Cristofer", "Raphael", "Jordyn", "Xander", "Casey", "Brayan", "Marc", "Tyrone", "Henry", "Vicente", "Davon", "Ricky", "Saul", "Marcelo", "Kaleb", "Jermaine", "Abel", "Ari", "Johan", "Antoine", "Jake", "Oliver", "Terrance", "Rishi", "Dominik", "Walker", "Zaid", "Brenton", "Kyle", "Giovanny", "Freddy", "Jamarion", "Drew", "Aedan", "Axel", "Colt", "Eugene", "Ralph", "Jimmy", "William", "Josue", "Kaden", "Zechariah", "Martin", "Leonard", "Salvador", "Trent", "Preston", "Collin", "Rory", "Darrell", "Ashton", "Louis", "Nickolas", "Derek", "Maxwell", "Eli", "Griffin", "Tobias", "Cordell", "Ivan", "Camren", "Jamie", "Damian", "Leon", "Asher", "Wesley", "Jaydin", "Logan", "Isaiah", "Joey", "Lukas", "Matias", "Rocco", "Devin", "Cruz", "Noe", "Sam", "Jay", "Dillan", "Simon", "Cash", "Terry", "King", "Omar", "Cornelius", "Sidney", "Marshall", "Keagan", "Kelton", "Javion", "Theodore", "Malcolm", "Jakob", "Brice", "Gauge", "Jacob", "Ismael", "Randy", "Harry", "Jesus", "Franklin", "Khalil", "Israel", "Randall", "Jovanny", "Braylen", "Corey", "Jaxson", "Nikolas", "Luciano", "Maurice", "Dallas", "Adolfo", "Tomas", "Damien", "Aditya", "Judah", "Larry", "Cedric", "Kade", "Tanner", "Muhammad", "Sterling", "Antwan", "Ezra", "Cristian", "Kareem", "Roy", "Alvin", "Cannon", "Camron", "Cohen", "Kevin", "Alfred", "Derrick", "Kole", "Lawson", "Donte", "Alfonso", "Maximo", "Tate", "Quinten", "Rowan", "Kayden", "Yandel", "Travis", "Jagger", "Bernard", "Kale", "Derick", "Hunter", "Lincoln", "Jack", "Riley", "Thomas", "Triston", "August", "Emanuel", "Tony", "Anton", "Callum", "Bennett", "Emilio", "Stephen", "Luka", "Killian", "Karson", "Alexzander", "Julien", "Kelvin", "Dale", "Jamarcus", "Felix", "Noel", "Zion", "Keaton", "Bobby", "Jax", "Kian", "Conner", "Lyric", "Konner", "Landon", "Maddox", "Carter", "Moshe", "Teagan", "Kason", "Titus", "Bronson", "Julius", "Harley", "Jan", "Ramon", "Rolando", "Lucian", "Asa", "Gerardo", "Quincy", "Jensen", "Keith", "Jean", "Pablo", "Jayden", "Corbin", "Alfredo", "Andre", "Nathanial", "Grant", "Aiden", "Ulises", "Jesse", "Mitchell", "Raul", "Stanley", "Jadyn", "Boston", "Connor", "Kaeden", "Elvis", "Justice", "Trenton", "Blake", "Kamden", "Aydin", "Sonny", "Savion", "Nicolas", "Mohammed", "Houston", "Brayden", "Harrison", "Solomon", "Francis", "Gabriel", "Kingston", "Zavier", "Bradley", "Darius", "Morgan", "Augustus", "Bradyn", "Gerald", "Maxim", "Ahmed", "Trey", "Blaze", "Emmett", "Zain", "Seamus", "Keyon", "Cesar", "London", "Vaughn", "Erick", "Izayah", "Dane", "Elian", "Tripp", "Luis", "Osvaldo", "Owen", "Sebastian", "Graham", "Dillon", "Pedro", "Grayson", "Cade", "Reagan", "Waylon", "Quinn", "Gunner", "Johnathan", "Hezekiah", "Aydan", "Kamari", "Ace", "Calvin", "Tristen", "David", "Barrett", "Rogelio", "Jon", "Ernesto", "Dennis", "Eddie", "Eden", "Rafael", "Jorge", "Jeffrey", "Jayson", "Gregory", "Jaylin", "Maximillian", "Joshua", "Orlando", "Jude", "Wilson", "Makai", "Dylan", "Cooper", "Carsen", "Leland", "Elliott", "Joseph", "Aden", "Trevin", "Terrence", "Leroy", "Chaz", "Damari", "Coby", "Tucker", "Yurem", "Urijah", "Holden", "Jace", "Memphis", "Kai", "Darion", "Arjun", "Spencer", "Valentino", "Tommy", "Rhys", "Sullivan", "Misael", "Edward", "Junior", "Immanuel", "Arnav", "Ishaan", "Jase", "Mario", "Robert", "Messiah", "Amari", "Jonas", "Layne", "Diego", "Mark", "Phillip", "Alessandro", "Jeffery", "Donovan", "Konnor", "Clinton", "Deandre", "Jaime", "Jeremiah", "Colton", "Cael", "Lawrence", "Howard", "Nasir", "Jonathan", "Zackary", "Fabian", "Reginald", "Luca", "Payton", "Samir", "Darren", "Kieran", "Victor", "Andy", "John", "Ben", "Finnegan", "Lamont", "Aron", "Kamron", "Eric", "Addison", "Malaki", "Ian", "Malik", "Arthur", "Dayton", "Jose", "Nikolai", "Kobe", "Sage", "Curtis", "Koen", "Kristopher", "Emmanuel", "Mike", "Yahir", "Troy", "Skylar", "Abram", "Chris", "Adan", "Keon", "Albert", "Nick", "Nehemiah", "Karter", "Landin", "Warren", "Abraham", "Carmelo", "Hassan", "Dax", "Brodie", "Kasen", "Colten", "Kylan", "Kadin", "Quentin", "Dwayne", "Aaron", "Marquise", "Declan", "Chaim", "Landen", "Clark", "Brooks", "Brennen", "Jovany", "Deacon", "Kolton", "Jayce", "Gary", "Dexter", "Rodolfo", "Brycen", "Brett", "Brian", "Christopher", "Romeo", "Lucas", "Slade", "Damon", "Easton", "Simeon", "Odin", "Deangelo", "Branden", "Drake", "Lennon", "Jamal", "Billy", "Noah", "Shawn", "Talon"]
								}
							}

						},
						"secondaryname": {
							"text": "##name",
							"values": {
								"name": {
									"type": "random_text",
									"list": ["Esparza", "Winters", "Fleming", "Arellano", "Barajas", "Ponce", "Herrera", "Nielsen", "Graham", "Kaufman", "Castaneda", "Robles", "Bell", "Vazquez", "Holt", "Waller", "Harrington", "Aguilar", "Klein", "Duke", "Rhodes", "Hayden", "Brock", "Shah", "Young", "Schultz", "Murillo", "Bowen", "Kemp", "Mendoza", "Mccormick", "Taylor", "Sloan", "Heath", "Ellison", "Zavala", "Gilmore", "Zuniga", "Choi", "Bass", "Madden", "Salazar", "Gay", "Nixon", "Sexton", "Best", "Dominguez", "Arroyo", "Zhang", "Blackburn", "Kramer", "Yates", "Golden", "Barnes", "Hutchinson", "Gomez", "Blair", "Sanford", "Avila", "Roach", "Alvarez", "Braun", "Ryan", "Estes", "Andrade", "Mcmahon", "Mcintyre", "Olsen", "Hooper", "Armstrong", "Livingston", "Hull", "Escobar", "Bradley", "Hernandez", "Moody", "Mccann", "Jones", "Stevens", "Dougherty", "Washington", "Fritz", "Fletcher", "Perry", "Bullock", "Hines", "Cherry", "Watts", "Norris", "Ritter", "Moyer", "Moon", "Burgess", "Zimmerman", "Long", "Oneal", "Lang", "Garrison", "Maddox", "Eaton", "Ayala", "Morse", "Ho", "Macias", "Mckinney", "Wang", "Porter", "Meza", "Miles", "Church", "Abbott", "Dunn", "Trujillo", "Mcguire", "Callahan", "Dalton", "Bright", "May", "Rowland", "Patel", "Clements", "Lowery", "Snyder", "Harris", "Stevenson", "Olson", "Henson", "Parsons", "Townsend", "Edwards", "Moss", "Phillips", "Calderon", "Lambert", "Carey", "Wells", "Hester", "Crawford", "Morrison", "Stuart", "Oliver", "Murphy", "Lowe", "Strickland", "Woods", "Robinson", "Cordova", "Sampson", "Powell", "Elliott", "Suarez", "Walsh", "Bryan", "Meyers", "Kent", "Moses", "Warner", "Tate", "Hogan", "Jensen", "Schaefer", "Shea", "Mcintosh", "Mejia", "Duncan", "Gill", "Crosby", "Yu", "Garcia", "Barry", "Collins", "Adams", "Weeks", "Reed", "Mays", "Fitzgerald", "Mora", "Wall", "Massey", "Potts", "Howard", "Keller", "Ashley", "Mullen", "Mcfarland", "Davis", "Wiley", "Macdonald", "Weaver", "Francis", "Jarvis", "Barnett", "Lopez", "Barber", "House", "Marshall", "Hall", "Lamb", "Conway", "Chandler", "Vaughn", "Rodriguez", "Orr", "Cabrera", "Ross", "Norton", "Harding", "Meyer", "Duran", "Patterson", "Mcdonald", "Byrd", "Mendez", "Henry", "Sparks", "Friedman", "Glenn", "Keith", "Burch", "Peterson", "Liu", "Pennington", "Chambers", "Daniels", "Rocha", "Valencia", "Johns", "Murray", "Rose", "Cummings", "Ramsey", "King", "Pierce", "Delacruz", "Lozano", "Roth", "Cobb", "Little", "Velez", "Randolph", "Beasley", "Odonnell", "Chavez", "Mathis", "Andersen", "Chang", "Hawkins", "West", "Sellers", "Mcmillan", "Hart", "Nicholson", "Larsen", "Costa", "Mayo", "Deleon", "Cooley", "Villarreal", "Serrano", "Li", "Herring", "Bruce", "Hood", "Cole", "Allen", "Kerr", "Waters", "Montoya", "Bernard", "Frank", "Willis", "Parrish", "Burns", "Mckenzie", "Buck", "Shepherd", "Conner", "Schmidt", "Cohen", "George", "Harrell", "Manning", "Hinton", "Bryant", "Short", "Ortega", "Summers", "Gonzalez", "Brooks", "Rodgers", "Espinoza", "Gregory", "Mooney", "Mercado", "Arnold", "Pineda", "Solis", "Grant", "Curry", "Bartlett", "Cox", "Hahn", "Chase", "Barrera", "Berger", "Huang", "Kelly", "Huff", "Bonilla", "Price", "Vega", "Scott", "Pittman", "Vaughan", "Case", "Farrell", "Levy", "Rush", "Stein", "Welch", "Hebert", "Mcclure", "Christensen", "Fernandez", "Craig", "Richard", "Cisneros", "Lucas", "Stafford", "Werner", "Watson", "Cross", "Sweeney", "Holden", "Arias", "Aguirre", "Sosa", "Walter", "Forbes", "Carson", "Rollins", "Lucero", "Mosley", "Gibbs", "Soto", "Bender", "Frost", "Baird", "Lara", "Mcbride", "Singleton", "Montgomery", "Gilbert", "Joseph", "Thornton", "Wolf", "Gray", "Douglas", "Michael", "Lewis", "David", "Ibarra", "Cowan", "Faulkner", "Jefferson", "Petty", "Gaines", "Glover", "Drake", "Navarro", "Bishop", "Mccarthy", "Odom", "Brewer", "Bray", "Glass", "Riddle", "Atkinson", "Stokes", "Erickson", "Cameron", "Burke", "Velazquez", "York", "Mcgrath", "Cortez", "Robertson", "Cervantes", "Haley", "Gibson", "Mayer", "Paul", "Jackson", "Warren", "Dunlap", "Sanders", "Mitchell", "Fox", "Castro", "Mason", "Hamilton", "Nelson", "Le", "Gutierrez", "Pratt", "Holland", "Neal", "Russo", "Brady", "Koch", "Frazier", "Hardin", "Oneill", "Hayes", "Cooke", "Osborn", "Cook", "Wilkerson", "Knight", "Poole", "Haynes", "Terry", "Luna", "Delgado", "Marks", "Vang", "Wilcox", "Kim", "Leonard", "Fisher", "Hoover", "Browning", "Walters", "Russell", "Baldwin", "Garrett", "Freeman", "Horne", "Spencer", "Osborne", "Huffman", "Mueller", "Davidson", "Becker", "Campos", "Farley", "Hodges", "Roman", "Norman", "Fry", "Benton", "Martinez", "Gallegos", "Carlson", "Webb", "Fuentes", "Solomon", "Johnston", "Salas", "Ruiz", "Todd", "Rivas", "Williams", "Jacobs", "Mata", "Hill", "Pham", "Barton", "Petersen", "Rogers", "Santos", "Huynh", "Wallace", "Donaldson", "Nash", "Matthews", "Ford", "Boyle", "Vincent", "Hughes", "Steele", "Martin", "Santana", "Miranda", "Jacobson", "Atkins", "Morrow", "Horton", "Ochoa", "Shannon", "Lin", "Cantu", "Blackwell", "Ballard", "Ball", "Duarte", "Green", "Swanson", "Shelton", "Galloway", "Baker", "Wood", "Dudley", "Reese", "Patrick", "Mcclain", "Richmond", "Humphrey", "Goodman", "Hendrix", "Hale", "Ware", "Hurley", "Dorsey", "Combs", "Riley", "Stark", "Wise", "Khan", "Guerra", "Hartman", "Oconnell", "Hanson", "Sanchez", "Brown", "Spears", "Hunt", "Ramos", "Good", "Blanchard", "Ewing", "Munoz", "Blankenship", "Valentine", "Turner", "Dennis", "Mcdaniel", "Barron", "Booker", "Spence", "Mcdowell", "Chaney", "Boone", "Fischer", "Bridges", "Ortiz", "Trevino", "Mills", "Watkins", "Lester", "Peck", "Greene", "Sheppard", "Rangel", "Frye", "Ramirez", "Ferrell", "Hampton", "Logan", "Lam", "Stout", "Shepard", "Boyer", "Marsh", "Durham", "English", "Banks", "Clark", "Rios", "Underwood", "Frey", "Maxwell", "Rice", "Frederick", "Mccullough", "Morales", "Allison", "Walton", "Williamson", "Franco", "Lawson", "Charles", "Wilkins", "Schroeder", "Mann", "Decker", "Huber", "Holloway", "Riggs", "Mclaughlin", "Villa", "Silva", "Nichols", "Pollard", "Reyes", "Bentley", "Lynch", "Tucker", "Day", "Ward", "Larson", "French", "Roberts", "Schmitt", "Whitaker", "Cardenas", "Carr", "Simon", "Hardy", "Myers", "Foster", "Miller", "Coleman", "Rasmussen", "Branch", "Mcneil", "Donovan", "Curtis", "Sharp", "Benson", "Camacho", "Leblanc", "Montes", "Stanley", "Palmer", "Mcgee", "Saunders", "Christian", "Smith", "Melendez", "Franklin", "Woodward", "Phelps", "Alexander", "Bowers", "Flowers", "Wiggins", "Howe", "Carroll", "Chung", "Morton", "Pace", "Merritt", "Nunez", "Weiss", "Rosales", "Bradshaw", "Raymond", "Bauer", "Proctor", "Bird", "Holmes", "Bailey", "Berry", "Colon", "Harmon", "Bates", "Kane", "Guzman", "Wilson", "Mcpherson", "Booth", "Payne", "Knox", "Crane", "Thompson", "Robbins", "Alvarado", "Higgins", "Hensley", "Henderson", "Hansen", "Pope", "Meadows", "Preston", "Griffin", "Avery", "Obrien", "Castillo", "Bean", "Wheeler", "Bautista", "Jenkins", "Villanueva", "Moreno", "Hatfield", "Baxter", "Walker", "Butler", "Walls", "Austin", "Key", "Pearson", "Ellis", "Tran", "Hubbard", "Sutton", "Landry", "Chen", "Molina", "Dyer", "Noble", "Owens", "Conrad", "Benitez", "Yang", "Singh", "Gentry", "Flores", "Blevins", "Beck", "Guerrero", "Hoffman", "Kirk", "Ayers", "Richardson", "Briggs", "Grimes", "Sims", "Figueroa", "Travis", "Reilly", "Chapman", "White", "Johnson", "Fowler", "Roberson", "Hanna", "Shaffer", "Sullivan", "Owen", "Pitts", "Mahoney", "Lindsey", "Gallagher", "Santiago", "Downs", "Bradford", "Richards", "Wade", "Wagner", "Sandoval", "Reid", "Mcconnell", "Lyons", "Hendricks", "Haas", "Holder", "Rosario", "Lynn", "Burton", "Mccoy", "Jennings", "Fuller", "Hodge", "Finley", "Parker", "Calhoun", "Peters", "Lutz", "Vargas", "Haney", "Mcknight", "Powers", "Gordon", "Giles", "Compton", "Beard", "Cuevas", "Dillon", "Lawrence", "Copeland", "Cunningham", "Mathews", "Page", "Huerta", "Moore", "Gates", "Cain", "Anthony", "Gillespie", "Rivera", "Carpenter", "Ray", "Mccarty", "Cantrell", "Prince", "Casey", "Bolton", "Caldwell", "Gonzales", "Ferguson", "Blake", "Schwartz", "Hays", "Mclean", "Dickerson", "Davies", "Buchanan", "Padilla", "Moran", "Quinn", "Houston", "Orozco", "Floyd", "Tyler", "Berg", "Fields", "Levine", "Daugherty", "James", "Chan", "Davenport", "Carney", "Cooper", "Wright", "Newton", "Strong", "Savage", "Mullins", "Graves", "Skinner", "Mckay", "Pruitt", "Anderson", "Leon", "Schneider", "Bush", "Cannon", "Brandt", "Krause", "Rojas", "Joyce", "Valdez", "Hudson", "Sawyer", "Harper", "Barker", "Rivers", "Small", "Dodson", "Tanner", "Ali", "Torres", "Buckley", "Perez", "Patton", "Acosta", "Nolan", "Doyle", "Snow", "Stephenson", "Leach", "Mckee", "Hicks", "Monroe", "Kirby", "Knapp", "Nguyen", "Black", "Diaz", "Irwin", "Galvan", "Burnett", "Conley", "Yoder", "Farmer", "Romero", "Wyatt", "Ingram", "Beltran", "Lee", "Mack", "Coffey", "Estrada", "Perkins", "Davila", "Foley", "Cochran", "Tapia", "Marquez", "Lane", "Harvey", "Zamora", "Herman", "Archer", "Reynolds", "Hurst", "Barrett", "Bond", "Oconnor", "Rowe", "Carrillo", "Shields", "Howell", "Malone", "Cruz", "Rubio", "Evans", "Roy", "Wolfe", "Velasquez", "Adkins", "Lloyd", "Reeves", "Sherman", "Krueger", "Weber", "Hancock", "Jordan", "Hopkins", "Simpson", "Gamble", "Carter", "Stewart", "Mccall", "Hobbs", "Griffith", "Wong", "Terrell", "Kaiser", "Newman", "Harrison", "Duffy", "Acevedo", "Novak", "Salinas", "Fitzpatrick", "Pugh", "Rich", "Pacheco", "Collier", "Gardner", "Clay", "Daniel", "Whitney", "Barr", "Kennedy", "Maldonado", "Gross", "Valenzuela", "Stone", "Kidd", "Benjamin", "Vasquez", "Contreras", "Flynn", "Middleton", "Webster", "Potter", "Greer", "Simmons", "Jimenez", "Dixon", "Medina", "Vance", "Dickson", "Boyd", "Morris", "Cline", "Mercer", "Wilkinson", "Whitehead", "Campbell", "Thomas", "Garner", "Park", "Goodwin", "Parks", "Everett", "Woodard", "Juarez", "Dawson", "Stephens", "Morgan", "Bennett", "Hickman", "Kline", "Randall", "Stanton", "Dean", "Bowman", "Villegas", "Andrews", "Hunter", "Pena", "Love", "Hess", "Hammond", "Kelley", "Brennan", "Melton", "Shaw", "Horn", "Wu", "Clayton", "Clarke", "Gould", "Maynard", "Garza"]
								}
							}
						}
					}
				},
				{
					"trigger": {
						"auto": {
							"name": "entity_gender",
							"value": "female",
							"tag": "Escort_Radiant_VIP",
							"helper": "This trigger will be triggered when entity has expected gender (male||female)",
							"helperTitle": "Entity : Gender"
						}
					},
					"requirement": [
						["auto"]
					],
					"prop": {
						"primaryname": {
							"text": "##name",
							"values": {
								"name": {
									"type": "random_text",
									"list": ["Maylyn", "Madelyn", "Diya", "Clarissa", "Hailie", "Kendal", "Camila", "Melany", "Nola", "Elaina", "Gracie", "Ryleigh", "Diana", "Iris", "Sanai", "Sonia", "Addisyn", "Shyanne", "Shyla", "Mikaela", "Ellie", "Genevieve", "Rebecca", "Keyla", "Naima", "Abigail", "Esperanza", "Anahi", "Jayla", "Fernanda", "Julissa", "Emmalee", "Izabella", "Juliana", "Callie", "Bella", "Alice", "Lana", "India", "Clare", "Sienna", "Aliza", "Angelina", "Celeste", "Kaelyn", "Stacy", "Alannah", "Madilynn", "America", "Jamie", "Judith", "Yesenia", "Brenda", "Adrianna", "Mariela", "Caylee", "Kayden", "Kaitlin", "Ruby", "Valeria", "Karen", "Liliana", "Casey", "Londyn", "Amaris", "Lucille", "Cameron", "Aubree", "Harmony", "Jaylene", "Janae", "Penelope", "Mollie", "Patricia", "Jade", "Olive", "Margaret", "Shayla", "Kenna", "Kasey", "Aleah", "Amanda", "Madeleine", "Gracelyn", "Jakayla", "Journey", "Alanna", "Eliza", "Justice", "Ashlee", "Kamryn", "Jazlene", "Skyla", "Imani", "Ivy", "Rubi", "Luz", "Heidy", "Isis", "Ashley", "Abigayle", "Jolie", "Simone", "Brenna", "Dakota", "Emery", "Ryan", "Tiffany", "Joselyn", "Emily", "Briley", "Ruth", "Allyson", "Stephany", "Karsyn", "Amy", "Selena", "Kaia", "Josie", "Maribel", "Kristin", "Kayley", "Evangeline", "Alexus", "Eve", "Jocelynn", "Litzy", "Lily", "Myah", "Marie", "Lainey", "Adison", "Kaitlyn", "Miracle", "Aniya", "Josephine", "Brooke", "Paloma", "Nicole", "Liberty", "Keira", "Lexi", "Raegan", "Mara", "Tatiana", "Alissa", "Carlie", "Jaiden", "Tess", "Ariella", "Giana", "Dayanara", "Danielle", "Jocelyn", "Zion", "Ingrid", "Rebekah", "Selah", "Lara", "Katrina", "Allisson", "Andrea", "Hadassah", "Estrella", "Regina", "Aria", "Maddison", "Kyla", "Kylie", "Asia", "Dania", "Iyana", "Jazlynn", "Autumn", "Scarlet", "Yaritza", "Averi", "Hanna", "Johanna", "Stella", "Evelin", "Lilly", "Angelique", "Marisa", "Alma", "Lyric", "Daniela", "Arielle", "Siena", "Melanie", "Jenny", "Tianna", "Akira", "Dixie", "Isabel", "Avah", "Naomi", "Lilyana", "Frances", "Shaniya", "Xiomara", "Kinsley", "Rosa", "Adyson", "Michaela", "Jennifer", "Jamya", "Mercedes", "Ellen", "Emmy", "Krystal", "Cherish", "Maya", "Melissa", "Lyla", "Evelyn", "Chana", "Haven", "Carolyn", "Shea", "Harper", "Neveah", "Juliet", "Alyson", "Anne", "Azul", "Addison", "Molly", "Brylee", "Savannah", "Trinity", "Raina", "Roselyn", "Zoe", "Magdalena", "Monique", "Karina", "Viviana", "Samantha", "Anaya", "Abbigail", "Bria", "Micah", "Dayami", "Aliya", "Shayna", "Carissa", "Jayleen", "Aurora", "Mila", "Catherine", "Annika", "Aniyah", "Liana", "Perla", "Meghan", "Priscilla", "Hailey", "Jaylah", "Meredith", "London", "Lailah", "Christina", "Natalee", "Nathalie", "Esmeralda", "Karli", "Tara", "Lorelei", "Phoenix", "Annie", "Janessa", "Halle", "Karlie", "Tiana", "Mylee", "Mikayla", "Kinley", "Reese", "Presley", "Amari", "Mina", "Tanya", "Mckinley", "Mira", "Elise", "Aaliyah", "Taniyah", "Kirsten", "Kennedy", "Greta", "Peyton", "Aylin", "Ariel", "Audrina", "Allie", "Sandra", "Ashleigh", "Addyson", "Riya", "Emerson", "Sydney", "Clara", "Iliana", "Amara", "Mattie", "Camilla", "Lisa", "Madison", "Jadyn", "Rowan", "Alejandra", "Allison", "Dalia", "Micaela", "Taliyah", "Madilyn", "Daisy", "Isabella", "Carley", "Laney", "Ally", "Yamilet", "Chanel", "Daniella", "Leticia", "Bridget", "Adalynn", "Sadie", "Valentina", "Norah", "Sasha", "Arianna", "Monserrat", "Ana", "Rosemary", "Chaya", "Kiana", "Elisabeth", "Leslie", "Cristina", "Abbie", "Desirae", "Macey", "Kylee", "Camryn", "Jenna", "Ireland", "Fiona", "Adrienne", "Virginia", "Natalia", "Cierra", "Emilie", "Lea", "Alexandria", "Shaylee", "Parker", "Lillianna", "Jaslyn", "Kaley", "Ashlynn", "Aisha", "Joy", "Serena", "Patience", "Isabelle", "Marlee", "Emilia", "Arely", "Denisse", "Jaycee", "Aubrie", "Lauren", "Sariah", "Alexa", "Athena", "Kaylee", "Malia", "Selina", "Karla", "Elaine", "Maggie", "Kyra", "Lilliana", "Amiah", "Layla", "Giuliana", "Joslyn", "Isla", "Saniya", "Kamila", "Danika", "Charlize", "Aimee", "Hazel", "Eileen", "Janiya", "Sierra", "Reina", "Laci", "Diamond", "Myla", "Marianna", "Charlie", "Marisol", "Nataly", "Kiara", "Genesis", "Lorelai", "Yazmin", "Lizbeth", "Jaylin", "Madisyn", "Rory", "Bethany", "Kailey", "Nyasia", "Makayla", "Carmen", "Cali", "Yaretzi", "Valery", "Mariana", "Alaina", "Kallie", "Heaven", "Aryanna", "Emely", "Mireya", "Hannah", "Elizabeth", "Evie", "Tamara", "Shannon", "Rhianna", "Keely", "Georgia", "Aspen", "Dayana", "Shania", "Shyann", "Maeve", "Jaidyn", "Caitlin", "Ayla", "Kaitlynn", "Ryann", "Jacey", "Cailyn", "Helena", "Areli", "Angela", "Izabelle", "Helen", "Gwendolyn", "Ashtyn", "Elsa", "Sara", "Lexie", "Esther", "Mya", "Haylee", "Marely", "Gianna", "Marin", "Maliyah", "Guadalupe", "Itzel", "Alexis", "Mayra", "Dominique", "Yoselin", "Veronica", "Nevaeh", "Ava", "Saige", "Marlie", "Alyssa", "Destiny", "Alessandra", "Sarah", "Kelly", "Karlee", "Emma", "Bailee", "Belen", "Teresa", "Destinee", "Jacqueline", "Laura", "Hana", "Elyse", "Christine", "Faith", "Abagail", "Larissa", "Mariam", "Violet", "Hadley", "Kaya", "Angie", "Cadence", "Shelby", "Kyleigh", "Macy", "Rylie", "Michelle", "Gabriela", "Braelyn", "Nylah", "Stephanie", "Abby", "Summer", "Haley", "Theresa", "Melina", "Justine", "Brynn", "Mckenna", "Yareli", "Nora", "Eliana", "Sophia", "Carina", "Kaleigh", "Deanna", "Yadira", "Kaliyah", "Anabelle", "Taryn", "Jazmine", "Alicia", "Ashlyn", "Desiree", "Ali", "Livia", "Mariah", "Lilah", "Harley", "Kenley", "Cassidy", "Mallory", "Cloe", "Laylah", "Julie", "Leah", "Janiah", "Gina", "Hope", "Shirley", "Rihanna", "Quinn", "Natalya", "Reagan", "Lola", "Macie", "Mackenzie", "Noemi", "Isabela", "Carleigh", "Alexia", "Carlee", "Karma", "Mary", "Abbey", "Rayna", "Angeline", "Barbara", "Araceli", "Jillian", "Giselle", "Tessa", "Sofia", "Dylan", "Melody", "Kathleen", "Kianna", "Gabriella", "Anabel", "Angelica", "Brooklyn", "Paityn", "Matilda", "Heather", "Alena", "Laurel", "Makenna", "Zara", "Aiyana", "Sharon", "Savanah", "Madalynn", "Wendy", "Jazlyn", "Giovanna", "Madelynn", "Tatum", "Anastasia", "Kendall", "Kiera", "Kaiya", "Katherine", "Aryana", "Yuliana", "Noelle", "Payton", "Brittany", "Elena", "Madyson", "Kali", "Martha", "Amiyah", "Whitney", "Mckayla", "Jaylynn", "Libby", "Ashly", "Nancy", "Lina", "Claudia", "Azaria", "Amani", "Nadia", "Olivia", "Gabrielle", "Isabell", "Brynlee", "Annabelle", "Katelynn", "Gretchen", "Jessie", "Irene", "Serenity", "Joanna", "April", "Danna", "Abril", "Fatima", "Kelsey", "Sage", "Nathalia", "Charlotte", "Katelyn", "Amelia", "Payten", "Lillian", "Gillian", "Leila", "Erica", "Avery", "Elsie", "Sherlyn", "Victoria", "Belinda", "Brooklynn", "Aubrey", "Cora", "Alina", "Jimena", "Lucy", "Scarlett", "Daphne", "Natalie", "Morgan", "Kiley", "Kaylin", "Alison", "Elianna", "Ann", "Celia", "Marina", "Sloane", "Skye", "Ashanti", "Salma", "Yasmin", "Cynthia", "Kadence", "Gloria", "Cassie", "Tia", "Skyler", "Angel", "Leanna", "Brianna", "Paisley", "Ansley", "Raelynn", "Paige", "Lindsay", "Juliette", "June", "Gia", "Zaniyah", "Edith", "Thalia", "Anika", "Donna", "Jaqueline", "Megan", "Giada", "Sylvia", "Jordan", "Valerie", "Charlee", "Kenya", "Kaydence", "Meadow", "Alisha", "Damaris", "Kristina", "Talia", "Amira", "Briana", "Crystal", "Mariyah", "Carla", "Piper", "Lila", "Caitlyn", "Leilani", "Deja", "Alia", "Bryanna", "Susan", "Armani", "Amaya", "Dulce", "Karley", "Sidney", "Hayley", "Felicity", "Mareli", "Averie", "Regan", "Jordin", "Elle", "Alivia", "Alayna", "Jacquelyn", "Kayleigh", "Logan", "Sophie", "Chasity", "Essence", "Saniyah", "Amirah", "Makaila", "Delaney", "Khloe", "Kate", "Linda", "Tania", "Skylar", "Paulina", "Haleigh", "Kamari", "Cecilia", "Jessica", "Hayden", "Milagros", "Madeline", "Luna", "Vanessa", "Carolina", "Jaylen", "Zoie", "Phoebe", "Katie", "Princess", "Anna", "Kailee", "Monica", "Haylie", "Maia", "Kaylen", "Arabella", "Beatrice", "Alexandra", "Jada", "Lydia", "Adalyn", "Kristen", "Julianna", "Charity", "Ada", "Kennedi", "Lilianna", "Rachael", "Maren", "Taniya", "Maryjane", "Amber", "Jamiya", "Lindsey", "Aracely", "Amina", "Nathaly", "Miah", "Audrey", "Adriana", "Kathy", "Zariah", "Jazmin", "Riley", "Kimberly", "Kierra", "Shiloh", "Laila", "Lorena", "Zaria", "Mia", "Reyna", "Alani", "Julia", "Tabitha", "Caroline", "Brielle", "Catalina", "Adelyn", "Nia", "Lacey", "Miriam", "Jazmyn", "Erin", "Hallie", "Ella", "Eleanor", "Kenzie", "Moriah", "Jasmine", "Julianne", "Renee", "Jaelyn", "Paola", "Emelia", "Bailey", "Miley", "Rylee", "Ayanna", "Lilia", "Courtney", "Gemma", "Janelle", "Dana", "Bianca", "Jordyn", "Chelsea", "Kiersten", "Karissa", "Lauryn", "Brisa", "Kayla", "Nina", "Willow", "Britney", "Annabel", "Madalyn", "Lucia", "Tiara", "Yasmine", "Tori", "Rayne", "Delilah", "Lizeth", "Sarahi", "Carly", "Jane", "Aliyah", "Vivian", "Campbell", "Adelaide", "Makenzie", "Jaslene", "Sydnee", "Maria", "Joyce", "Paula", "Jaden", "Cecelia", "Makena", "Baylee", "Elliana", "Tamia", "Aliana", "Finley", "Anabella", "Breanna", "Savanna", "Kathryn", "Eden", "Adeline", "Amiya", "Kara", "Miya", "Aleena", "Emilee", "Kassidy", "Marlene", "Leia", "Ariana", "Precious", "Lena", "Jayda", "Kendra", "Luciana", "Francesca", "Natasha", "Heidi", "Danica", "Kaylynn", "Erika", "Alondra", "Camille", "Gisselle", "Cheyanne", "Annalise", "Maci", "Leyla", "Krista", "Kaila", "Amelie", "Kimora", "Lilian", "Hailee", "Anya", "Sarai", "Marissa", "Marilyn", "Jasmin", "Rachel", "Raven", "Kaylyn", "Amya", "Mylie", "Jewel", "Dahlia", "Samara", "Lesly", "Annabella", "Rose", "Kira", "Cindy", "Maritza", "Kamora", "Chloe", "Holly", "Ayana", "Destiney", "Ciara", "Claire", "Alisson", "Kelsie", "Grace", "Cara", "Raquel", "Cassandra", "Alyvia", "Jayden", "Aileen", "Sabrina", "Alana", "Nyla", "Kaylah", "Karly", "Janet", "Janiyah", "Jaelynn", "Paris", "Alisa", "Cheyenne", "Pamela", "Hillary", "Lia", "Sanaa", "Ainsley", "Ximena", "Kassandra", "Maleah", "Kailyn", "Elisa", "Taylor", "Frida", "Jaliyah", "Teagan", "Miranda", "Kaylie", "Deborah", "Nayeli", "Corinne", "Lillie", "Jaylee", "Cristal", "Eva", "Marley", "Zoey", "Jaida", "Denise"]
								}
							}
						},
						"secondaryname": {
							"text": "##name",
							"values": {
								"name": {
									"type": "random_text",
									"list": ["Andersen", "Copeland", "Kane", "Singleton", "Dougherty", "Thompson", "Nunez", "Berger", "Randolph", "Webb", "Gibson", "Frey", "Howell", "French", "Gomez", "Dickson", "Ray", "Anderson", "Huff", "Mcfarland", "Sellers", "Fields", "Acevedo", "Contreras", "Norris", "Braun", "Meza", "Shannon", "Golden", "Watkins", "Ortega", "Flowers", "Cochran", "Larsen", "Compton", "Cisneros", "Giles", "Lynch", "Sexton", "Walter", "Evans", "Haynes", "Reynolds", "Hobbs", "Mendoza", "Kim", "Hale", "Roberts", "Mcgee", "Riggs", "Holmes", "Petersen", "Cline", "Burch", "Shah", "Key", "Ware", "Ibarra", "Boyd", "Schmitt", "Stanley", "Estes", "Hendrix", "Weaver", "Riley", "Goodwin", "Mcdonald", "Frost", "Norton", "Noble", "Bautista", "Reeves", "Madden", "Walls", "Stark", "Li", "Nielsen", "Roth", "Hines", "Huber", "Moore", "Morris", "Johns", "Benson", "Levy", "Villarreal", "Wood", "Stuart", "Galvan", "Avery", "Shelton", "Ingram", "Good", "Knox", "Henderson", "Rosales", "Raymond", "Mcdowell", "Zamora", "Yoder", "Daniel", "Glass", "Lane", "Silva", "Cooke", "Chang", "Kelly", "Odom", "Blevins", "Leach", "Kidd", "Burnett", "Crane", "Proctor", "Wilkins", "Bradshaw", "Sheppard", "Hickman", "Duarte", "Delacruz", "Holt", "Campos", "Page", "Leblanc", "Gay", "Prince", "Velazquez", "Conley", "Turner", "Bartlett", "Harrell", "Horton", "Gould", "Maldonado", "Gamble", "Ruiz", "Kaufman", "Perry", "Green", "Schultz", "Dawson", "Fischer", "Murray", "Lin", "Jacobs", "Bright", "Greene", "Whitney", "Krause", "Kerr", "Dalton", "Franklin", "Spencer", "Rosario", "Willis", "Maynard", "Stanton", "Mathis", "Vaughan", "Mcclure", "Reyes", "Gentry", "Hoffman", "Herring", "Henry", "Guerrero", "Glover", "Mullins", "Whitaker", "Valencia", "Gilmore", "Knapp", "Flynn", "Carson", "Snow", "Frank", "Martin", "Valdez", "Hebert", "Hurst", "Andrade", "Moyer", "Mayo", "Mccann", "Mcintyre", "Neal", "Shaw", "Pittman", "Mills", "Cortez", "Matthews", "Bolton", "Bush", "Murillo", "Booker", "Cook", "Ayers", "Fitzpatrick", "Riddle", "Skinner", "Dennis", "Macias", "Perkins", "Watts", "Mcclain", "Ramirez", "Cooley", "Schmidt", "Shepherd", "Barker", "Oneill", "Sanford", "Lloyd", "Sampson", "Vincent", "Hahn", "Burke", "Hopkins", "Benjamin", "Moody", "Moreno", "Mclaughlin", "Mack", "Malone", "Mckenzie", "Hawkins", "Richards", "Lozano", "Vance", "Chapman", "Jimenez", "Owen", "Roy", "Walsh", "Townsend", "Farley", "Lamb", "Bean", "Moss", "Garcia", "Carr", "Webster", "Chan", "Mooney", "Heath", "Drake", "Guzman", "Fitzgerald", "Bailey", "Powell", "Waller", "Barrera", "Waters", "Rivera", "Solis", "Quinn", "Todd", "Vasquez", "Wade", "Zhang", "Casey", "Suarez", "Wolf", "Tucker", "Rios", "Juarez", "Travis", "Humphrey", "Mann", "Garrison", "Friedman", "Singh", "Hensley", "Macdonald", "Goodman", "Jordan", "Rowland", "Savage", "Griffin", "Coffey", "Ferguson", "Robertson", "Jensen", "Bradford", "Curry", "Arias", "Salas", "Poole", "Hamilton", "Banks", "Bridges", "Sharp", "Collins", "Strickland", "Conway", "Edwards", "Bowen", "Parker", "Porter", "Jennings", "Irwin", "Walters", "Weeks", "Holden", "Garner", "Ball", "Beltran", "Escobar", "Parsons", "Gardner", "Yu", "Scott", "Herman", "Haas", "Hanson", "Randall", "Gallagher", "Bird", "Barr", "Valentine", "Hartman", "Mendez", "Francis", "Weber", "Choi", "Calderon", "Atkinson", "David", "Cobb", "Wu", "Costa", "Pierce", "Bennett", "Duncan", "Novak", "Winters", "Clayton", "Manning", "Keller", "Morrison", "Mcneil", "Peck", "Chung", "Mcintosh", "Mueller", "Carrillo", "Boone", "Lutz", "Miles", "Nichols", "Curtis", "Jones", "Mcconnell", "Simmons", "Baird", "Clay", "Graves", "Carlson", "Hubbard", "Cantrell", "Walton", "Foster", "Oconnell", "Arellano", "Howard", "Wyatt", "Torres", "Harmon", "Villegas", "Flores", "Donovan", "Oliver", "Davenport", "Avila", "Blankenship", "Santana", "Hooper", "Wilkinson", "Carney", "Gates", "Cameron", "White", "Hammond", "Beck", "Newton", "Fry", "Hughes", "Charles", "Durham", "Crawford", "Norman", "Woods", "Lambert", "Jacobson", "Shea", "Spence", "Clark", "Saunders", "Rich", "Paul", "Blackwell", "Vazquez", "Little", "Bentley", "Daugherty", "Pope", "Bullock", "Kaiser", "Adams", "Bradley", "Frye", "Rubio", "Peters", "Gill", "Beard", "Pace", "Ramsey", "Mayer", "Miranda", "Lowery", "Benitez", "House", "Haney", "Munoz", "Schwartz", "Dean", "Kirk", "Foley", "Frederick", "Finley", "Moran", "Horn", "Farrell", "Patterson", "Downs", "Wise", "Fernandez", "Garza", "Powers", "Washington", "Galloway", "Ritter", "Cummings", "Hester", "Cardenas", "Cervantes", "Montgomery", "Small", "Diaz", "Lester", "Chen", "Tanner", "Barnett", "Stevenson", "Santiago", "May", "Wagner", "Brady", "Nguyen", "Chaney", "Rivas", "Shields", "Andrews", "Trujillo", "Mitchell", "Hardy", "Mckinney", "Glenn", "Brooks", "Jackson", "Taylor", "Lee", "Marks", "Le", "Ochoa", "Marquez", "Burgess", "Hill", "Mcguire", "Harrington", "Lopez", "Navarro", "Esparza", "Joyce", "Garrett", "Mata", "Steele", "Hunt", "Hunter", "Lucas", "Maddox", "Padilla", "Clarke", "Griffith", "Gonzales", "Gregory", "Thornton", "Hinton", "Logan", "Vaughn", "Maxwell", "Ponce", "Kirby", "Cooper", "Estrada", "Hendricks", "Ford", "Ballard", "Lam", "Sutton", "Ellis", "Phillips", "Hoover", "Berg", "Leonard", "Barnes", "Cunningham", "Stevens", "Dorsey", "Black", "Gallegos", "Callahan", "Strong", "Olson", "Lucero", "Love", "Woodward", "Campbell", "Murphy", "Payne", "Velasquez", "Calhoun", "Mahoney", "Fox", "Mckee", "George", "Larson", "Howe", "Lara", "Stafford", "Bass", "Hanna", "Duke", "Roman", "Blackburn", "Collier", "Obrien", "Odonnell", "Clements", "King", "Barry", "Mccarthy", "Church", "Craig", "Gillespie", "Cole", "English", "Huynh", "Berry", "Jenkins", "Russell", "Owens", "Schneider", "Ellison", "Martinez", "Delgado", "Morse", "Pena", "Short", "Santos", "Summers", "Patel", "Chavez", "Gilbert", "Pearson", "Yang", "Osborne", "Blair", "Merritt", "Davila", "Mercado", "Koch", "Lindsey", "Cross", "Lawson", "Watson", "Aguirre", "Melendez", "Sandoval", "Mosley", "Aguilar", "Cuevas", "Fisher", "Harris", "Potter", "Wong", "Sloan", "Pugh", "Velez", "Wilkerson", "Dickerson", "Wall", "Conrad", "Blake", "Cohen", "Byrd", "Deleon", "Everett", "Branch", "Stephenson", "Valenzuela", "Boyer", "Meyer", "Butler", "Franco", "Holland", "Abbott", "Myers", "Huang", "Lynn", "Combs", "Villa", "Alexander", "Weiss", "Greer", "Reilly", "Richmond", "Mcmahon", "Jarvis", "Graham", "Dyer", "Swanson", "Guerra", "Becker", "Huerta", "Moses", "Shaffer", "Mullen", "Baldwin", "Lawrence", "Pruitt", "Middleton", "Romero", "Haley", "Kent", "Olsen", "Sweeney", "Monroe", "Chandler", "Dudley", "Potts", "Blanchard", "Whitehead", "Hampton", "Ayala", "Lang", "Hall", "Hodge", "Allen", "Gonzalez", "Ho", "Hudson", "Oneal", "Sanders", "Adkins", "Buckley", "Holloway", "Luna", "Reese", "Keith", "Burns", "Rodgers", "Davies", "Morgan", "Serrano", "Hayes", "Salinas", "Dillon", "Wilson", "Mccoy", "Decker", "Pollard", "Mcpherson", "Cain", "Dodson", "Tyler", "Chambers", "Chase", "Lyons", "Harvey", "Forbes", "Grant", "Lowe", "Briggs", "Austin", "York", "Bowers", "Mcmillan", "Cannon", "Parrish", "Stephens", "Alvarado", "Warren", "Stone", "Massey", "Pham", "Daniels", "Allison", "Faulkner", "Hancock", "Terrell", "Wheeler", "Nolan", "Oconnor", "Orr", "Welch", "Carey", "Bates", "Rose", "Hodges", "Pennington", "Dominguez", "Best", "Nixon", "Zuniga", "Bryant", "Kennedy", "Rodriguez", "Mays", "Brock", "Tate", "Warner", "Duffy", "Zavala", "Levine", "Sawyer", "Pineda", "Hood", "Cowan", "Preston", "Bowman", "Bond", "Vargas", "Barajas", "Reid", "Rush", "Carroll", "Caldwell", "Barton", "Fowler", "Figueroa", "Villanueva", "Gutierrez", "Henson", "Stewart", "James", "Cordova", "Colon", "Morton", "Robles", "Hardin", "Hutchinson", "Lewis", "Kline", "Brown", "Burton", "Cabrera", "Mathews", "Sanchez", "Kramer", "Wolfe", "Richard", "Mccall", "Jefferson", "Mccullough", "Petty", "Pitts", "Williams", "Ward", "Hull", "Miller", "Mercer", "Wiggins", "Douglas", "Williamson", "Roach", "Solomon", "Underwood", "Simon", "Fritz", "Booth", "Mcdaniel", "Pacheco", "Tran", "Bender", "Montoya", "Marshall", "Molina", "Hatfield", "Spears", "Vang", "Osborn", "Long", "Simpson", "Elliott", "Ashley", "Liu", "Livingston", "Farmer", "Orozco", "Higgins", "Trevino", "Eaton", "Wright", "Newman", "Brewer", "Mejia", "Browning", "Wang", "Frazier", "Castillo", "Landry", "Reed", "Melton", "Hess", "Donaldson", "Pratt", "Horne", "Yates", "Cantu", "Hansen", "Anthony", "Davidson", "Schroeder", "Boyle", "Rocha", "Huffman", "Ewing", "Wells", "Carter", "Krueger", "Patton", "Bonilla", "Day", "Rasmussen", "Price", "Woodard", "Klein", "Morales", "Doyle", "Brandt", "Johnson", "Khan", "Ortiz", "Barron", "Terry", "Hurley", "Bray", "Salazar", "Nelson", "Palmer", "Bryan", "Benton", "Bell", "Duran", "Schaefer", "Case", "Robbins", "West", "Arnold", "Christensen", "Soto", "Rojas", "Bruce", "Herrera", "Harding", "Christian", "Snyder", "Espinoza", "Kemp", "Mcbride", "Medina", "Morrow", "Cruz", "Gross", "Hayden", "Baxter", "Mccormick", "Mason", "Phelps", "Gaines", "Mcgrath", "Walker", "Harrison", "Sims", "Sosa", "Armstrong", "Roberson", "Rangel", "Werner", "Acosta", "Rogers", "Gibbs", "Bauer", "Gordon", "Sullivan", "Houston", "Rollins", "Buchanan", "Alvarez", "Richardson", "Freeman", "Ryan", "Ali", "Castro", "Barber", "Hart", "Parks", "Johnston", "Peterson", "Coleman", "Crosby", "Davis", "Wilcox", "Rowe", "Ferrell", "Erickson", "Zimmerman", "Hays", "Rhodes", "Montes", "Ross", "Stein", "Dixon", "Ramos", "Patrick", "Fuentes", "Shepard", "Russo", "Mcknight", "Young", "Mclean", "Barrett", "Robinson", "Harper", "Hicks", "Fuller", "Bishop", "Bernard", "Archer", "Tapia", "Floyd", "Kelley", "Castaneda", "Dunn", "Cherry", "Marsh", "Rice", "Moon", "Vega", "Camacho", "Wiley", "Mckay", "Mccarty", "Hogan", "Rivers", "Dunlap", "Hernandez", "Perez", "Fleming", "Nash", "Cox", "Sherman", "Sparks", "Park", "Meadows", "Arroyo", "Wallace", "Fletcher", "Buck", "Joseph", "Gray", "Baker", "Atkins", "Stokes", "Grimes", "Thomas", "Leon", "Mora", "Stout", "Carpenter", "Brennan", "Nicholson", "Michael", "Knight", "Conner", "Smith", "Beasley", "Meyers", "Holder"]
								}
							}
						}
					}
				},
				{
					"trigger": {
						"auto": {
							"name": "auto"
						}
					},
					"requirement": [
						["auto"]
					],
					"prop": {
						"faction": {
							"text": "##name",
							"values": {
								"name": {
									"type": "faction",
									"tag": "faction_ncpd",
									"prop": "Tag"
								}
							}
						},
						"level": {
							"text": "##name",
							"type": "number",
							"values": {
								"name": {
									"type": "random_math",
									"min": 1,
									"max": 5
								}
							}
						},
						"rarity": {
							"text": "##name",
							"type": "number",
							"values": {
								"name": {
									"type": "random_math",
									"min": 0,
									"max": 6
								}
							}
						}
					}
				}
			]
		}
	],
	"objectives": [{
			"title": "Consult with VIp",
			"tag": "EscortMission_01",
			"state": 2,
			"isoptionnal": false,
			"extra": {
				"data": [{},
					{}
				],
				"custom": [{},
					{}
				],
				"mappin": ""
			},
			"unlock": [],
			"trigger": {
				"playeratposition": {
					"name": "entity_at_relative_player_position",
					"x": 0,
					"y": 3,
					"z": 0,
					"range": 20,
					"tag": "Escort_Radiant_VIP"
				}
			},
			"requirement": [
				[
					"playeratposition"
				]
			],
			"action": [{
					"name": "rotate_entity_to_entity",
					"entity": "player",
					"tag": "Escort_Radiant_VIP"
				}, {
					"name": "random_subtitle",
					"title": [
						"Can you help me get somewhere?",
						"I need a ride, Stat, Quick . Anything",
						"Please help me out here, I need to get to a Place.",
						"My Daughter needs me somewhere, Please help? can I trust you?!",
						"Can you help me out? I need to be somewhere",
						"Can you Please SPARE me and help me get a ride to a spot",
						"Hey Choom, I Reeeaally Need your help. Can you help get me somewhere? I'll compensate you.",
						"Hey Choom, I need Help, Can you Get me somewhere?!",
						"Aye yo! I need to be somewhere but I ain't got no ride, Can you spare?",
						"Got a good deal of minutes to spare on an unlucky Choom?",
						"Help me out, will ya?? I can't miss this event",
						"Help me out Please! I Feel like I have people watching me.\n I need to get away!",
						"Help me out, Choom! I need a ride somewhere and quick! You look like you know your way around",
						"Please tell me you can help me out getting to where I need to be?"
					],
					"type": 1,
					"target": "player",
					"speaker": "NPC",
					"duration": 4,
					"helper": "This action will fire an random subtitle, it act live wait for second",
					"helperTitle": "Dialog : run random subtitle"
				}, {
					"name": "dialog",
					"dialog": "Escort_Choice"
				}, {
					"name": "unlock_objective",
					"value": "EscortMission_02"
				},
				{
					"name": "track_objective",
					"value": "EscortMission_02"
				}
			],
			"failaction": [],
			"resume_action": []
		},
		{
			"title": "Help VIP to their Destination",
			"state": 1,
			"tag": "EscortMission_02",
			"isoptionnal": false,
			"extra": {
				"data": [{},
					{}
				],
				"custom": [{},
					{}
				],
				"mappin": ""
			},
			"unlock": [],
			"trigger": {
				"trigger": {
					"name": "check_score",
					"value": "Choice",
					"key": "option",
					"score": 1,
					"operator": "="
				}
			},
			"requirement": [
				[
					"trigger"
				]
			],
			"action": [{
					"name": "set_mappin",
					"tag": "Escort_ren",
					"typemap": "ExclamationMarkVariant",
					"wall": true,
					"active": true,
					"mapgroup": "Escort_ren",
					"title": "Escort Civilian here",
					"desc": "This is a Description",
					"position": "poi",
					"position_helper": "at||relative_to_entity||node||player_look_at||poi||mappin||fasttravel||custom_place||custom_room",
					"position_change_helper": "Write 'current' in position_tag for get current node,mappin, fasttravel, custom_place or custom_room. \n For poi if you write 'current' in position_poi_district you will get the current district, \n if you write 'current in position_poi_subdistrict you will get the current subdistrict. \n also if you write 'random' in position_poi_subdistrict or position_poi_district, you will get an 'random' value",
					"position_range": 1000,
					"position_lookatdistance": 0,
					"position_tag": "",
					"position_tag_helper": "judy01||playerhouse01||playerhouse_bed||",
					"position_way": "normal",
					"position_way_helper": "normal||behind||forward",
					"position_poi_district": "",
					"position_poi_subdistrict": "",
					"position_poi_is_for_car": false,
					"position_poi_from_position": false,
					"position_poi_use_location_tag": false,
					"position_poi_type": 77,
					"position_distance": 500,
					"position_house_way": "default",
					"position_house_way_helper": "default||enter||exit",
					"position_house_tag": "playerhouse01",
					"position_node_usegameplay": false,
					"x": 0,
					"y": 0,
					"z": 0
				},
				{
					"name": "wait_second",
					"value": 2
				}, {
					"name": "open_map_menu_to_position",
					"x": 0,
					"y": 0,
					"z": 0,
					"context": [{
						"trigger": {
							"condition01": {
								"name": "auto"

							}
						},
						"requirement": [
							["condition01"]
						],
						"prop": {
							"x": {
								"type": "number",
								"text": "##xv",
								"values": {
									"xv": {
										"type": "mappin",
										"tag": "Escort_ren",
										"prop": "x"
									}
								}
							},
							"y": {
								"type": "number",
								"text": "##yv",
								"values": {
									"yv": {
										"type": "mappin",
										"tag": "Escort_ren",
										"prop": "y"
									}
								}
							},
							"z": {
								"type": "number",
								"text": "##zv",
								"values": {
									"zv": {
										"type": "mappin",
										"tag": "Escort_ren",
										"prop": "z"
									}
								}
							}
						}
					}]
				},
				{
					"name": "attitude_entity_against_entity",
					"tag": "Escort_Radiant_VIP",
					"entity": "player",
					"attitude": "companion"
				}, {
					"name": "wait_second",
					"value": 2
				},
				{
					"name": "track_objective",
					"value": "EscortMission_03"
				},
				{
					"name": "win_objective",
					"value": "EscortMission_02"
				}
			],
			"failaction": [],
			"resume_action": []
		},
		{
			"title": "Reach VIPs Destination",
			"state": 1,
			"tag": "EscortMission_03",
			"isoptionnal": false,
			"extra": {
				"data": [{},
					{}
				],
				"custom": [{},
					{}
				],
				"mappin": "Escort_ren"
			},
			"unlock": [],
			"trigger": {
				"trigger": {
					"name": "entity_is_at_mappin_position",
					"tag": "Escort_ren",
					"entity": "Escort_Radiant_VIP",
					"range": 20
				}
			},
			"requirement": [
				[
					"trigger"
				]
			],
			"action": [{
				"name": "random_subtitle",
				"title": [
					"You're the best!",
					"You're Amazing, Thank you!",
					"You're awsome!",
					"I wish you the best, Choom!",
					"You're Awsome, Thank you!",
					"You're a Rockstar!",
					"You're A Legend!",
					"You're just the greatest Choom!",
					"You're Such a great person!",
					"Thank you for this, seriously, Here's your pay!"
				],
				"type": 1,
				"target": "player",
				"speaker": "NPC",
				"duration": 4,
				"helper": "This action will fire an random subtitle, it act live wait for second",
				"helperTitle": "Dialog : run random subtitle"
			}, {
				"name": "win_objective",
				"value": "EscortMission_03"
			}],
			"failaction": [],
			"resume_action": []
		}
	],
	"end_action": [{
			"name": "delete_map_group",
			"mapgroup": "Escort_ren"
		},
		{
			"name": "delete_map_point",
			"tag": "Escort_ren"
		}, {
			"name": "wait_second",
			"value": 4
		},
		{
			"name": "despawn_entity",
			"tag": "Escort_Radiant_VIP"
		},
		{
			"name": "give_random_money",
			"min": 15000,
			"max": 55000
		}
	],
	"failure_action": []
}