{
	"name": "reaction checkinit",
	"tag": "reactioncheckinit",
	"way": "init",
	"trigger": {
		"npc": {
			"name": "auto"
		},
		"location": {
			"name": "testFor",
			"triggers": [{
					"name": "compare",
					"trigger": {
						"name": "entity_in_faction",
						"tag": "NPCPuppet",
						"faction": "faction_maelstrom"
					},
					"expected": false
				},
				{
					"name": "compare",
					"trigger": {
						"name": "entity_in_faction",
						"tag": "NPCPuppet",
						"faction": "faction_tygerclaws"
					},
					"expected": false
				},
				{
					"name": "compare",
					"trigger": {
						"name": "entity_in_faction",
						"tag": "NPCPuppet",
						"faction": "faction_valentinos"
					},
					"expected": false
				},
				{
					"name": "compare",
					"trigger": {
						"name": "entity_in_faction",
						"tag": "NPCPuppet",
						"faction": "faction_sixthstreet"
					},
					"expected": false
				},
				{
					"name": "compare",
					"trigger": {
						"name": "entity_in_faction",
						"tag": "NPCPuppet",
						"faction": "faction_mox"
					},
					"expected": false
				},
				{
					"name": "compare",
					"trigger": {
						"name": "entity_in_faction",
						"tag": "NPCPuppet",
						"faction": "faction_scavengers"
					},
					"expected": false
				}
			],
			"logic": "and",
			"helper": "This trigger will be triggered when the trigger that you set have the same statut that you put in (expected)",
			"helperTitle": "Logic : Compare"
		},
		"isnotregistred": {

			"name": "compare",
			"trigger": {
				"name": "entity_looked_is_registered"
			},
			"expected": false,
			"helper": "This trigger will be triggered when the trigger that you set have the same statut that you put in (expected)",
			"helperTitle": "Logic : Compare"
		},
		"isregistred": {
			"name": "compare",
			"trigger": {
				"name": "entity_looked_is_registered"
			},
			"expected": true,
			"helper": "This trigger will be triggered when the trigger that you set have the same statut that you put in (expected)",
			"helperTitle": "Logic : Compare"
		},
		"setting": {
			"name": "check_setting",
			"value": "ScriptedEntityAffinity",
			"score": 1,
			"helper": "This trigger will be triggered when the custom score (value) have reach the score",
			"helperTitle": "Score : Custom Score"
		},
		"script_level": {
			"name": "entity_script_level",
			"tag": "lookat",
			"operator": "=",
			"scriptlevel": 0,
			"helper": "This action will check the script level of an entity. \n Available Operator : < || <= || > || >= || != || = ",
			"helperTitle": "Entity : Check Script Level"
		}


	},
	"requirement": [
		[
			"location"
		]
	],


	"action": [


		{



			"name": "do_function",
			"value": "reactioncheck",
			"parallele": false,
			"applyto": ""



		}
	]
}