{
	"tag": "DOJOY",
	"unlock": true,
	"conversation": [{
		"parent": "conversation",
		"unlock": true,
		"tag": "JoytoyInit",
		"name": "Toy-a-Toy Chat room.",
		"message": [{
			"parent": "message",
			"readed": true,
			"unlocknext": "mission_accept",
			"text": "Wanna get a good time goin'!?",
			"sender": 0,
			"index": 1,
			"tag": "mission_offer",
			"unlock": true,
			"choices": [{
					"parent": "choices",
					"requirement": [
						[
							"auto"
						]
					],
					"text": "Accept (Client is behind you)",
					"tag": "choices",
					"action": [{
						"name": "unlock_mission",
						"value": "Joytoy_radiant"
					}, {
						"name": "close_interface"
						}, {
						"value": "Joytoy_radiant",
						"name": "mission"
					}],
					"trigger": {
						"auto": {
							"name": "auto",
							"helper": "This trigger will be triggered without need anything (default)",
							"helperTitle": "Auto"
						}
					},
					"tagprefix": "mission_offer_",
					"unlocknext": "accept_message",
					"action_bypassmenu_execution": false
				},
				{
					"parent": "choices",
					"requirement": [
						[
							"aaa"
						]
					],
					"text": "Reject",
					"index": 2,
					"tag": "reject_offer",
					"action": [{
						"name": "close_interface"
					}],
					"trigger": {
						"aaa": {
							"name": "auto",
							"helper": "This trigger will be triggered without need anything (default)",
							"helperTitle": "Auto"
						}
					},
					"tagprefix": "mission_offer_",
					"unlocknext": "reject_result",
					"action_bypassmenu_execution": false
				}
			],
			"tagprefix": "JoytoyInit_"
		}],
		"tagprefix": "Night City Netdrop_"
	}],
	"speaker": "Night City Netdrop"
}