{
	"title":"Joytoy Reputation",
	"tag":"joytoy_ui",
	"width":500,
	"heigh":500,
	"x":200,
	"y":200,
	"controls":
	[	
		{	
			"type":"label",
			"tag":"myscoreNo_label",
			"margin":{
				"left":640
			},
			"style":{
				"fontsize":50
			},
			"trigger":
			{
				"auto":
				{
					"name": "auto"
				}
				
			},
			"requirement":[["auto"]],
			"value":
			{
				"type":"text",
				"value":"Your reputation : "
			}
		},
		
		{	
			"type":"label"
		},
		
		{	
			"type":"label",
			"tag":"myscoreNo_label1",
			"margin":{
				"left":1000
			},
			"style":{
				"fontsize":50
			},
			"trigger":
			{
				"auto":
				{
					"name": "auto"
				}
				
				
			},
			"requirement":[["auto"]],
			"value":
			{
				"type":"score",
				"tag":"joytoy_reput",
				"key":"Score"
			}
		},
		{	
			"type":"label",
			"tag":"myscoreNo_label2",
			"margin":{
				"left":640,
				"top":50
			},
			"style":{
				"fontsize":50
			},
			"trigger":
			{
				"auto":
				{
					"name": "auto"
				}
				
			},
			"requirement":[["auto"]],
			"value":
			{
				"type":"text",
				"value":"Your dirtiness : "
			}
		},
		
		{	
			"type":"label"
		},
		
		{	
			"type":"label",
			"tag":"myscoreNo_label3",
			"margin":{
				"left":1000,
				"top":50
			},
			"style":{
				"fontsize":50
			},
			"trigger":
			{
				"auto":
				{
					"name": "auto"
				}
				
			},
			"requirement":[["auto"]],
			"value":
			{
				"type":"score",
				"tag":"joytoy_dirtiness_reput",
				"key":"Score"
			}
		},
		{	
			"type":"label",
			"tag":"myscoreNo_label5",
			"margin":{
				"left":0,
				"top":200
			},
			"style":{
				"fontsize":35
			},
			"trigger":
			{
				"auto":
				{
					"name": "auto"
				}
				
			},
			"requirement":[["auto"]],
			"value":
			{
				"type":"text",
				"value":"Your dirtiness and reputation changes according to the Client's choices that you accept or not. "
			}
		},
		{	
			"type":"label",
			"tag":"myscoreNo_label4",
			"margin":{
				"left":0,
				"top":235
			},
			"style":{
				"fontsize":35
			},
			"trigger":
			{
				"auto":
				{
					"name": "auto"
				}
				
			},
			"requirement":[["auto"]],
			"value":
			{
				"type":"text",
				"value":"More your Reputation is High, more you will have important Client, prestigious place and Benefit. "
			}
		},
		{	
			"type":"label",
			"tag":"myscoreNo_label5",
			"margin":{
				"left":0,
				"top":270
			},
			"style":{
				
				"fontsize":35
			},
			"trigger":
			{
				"auto":
				{
					"name": "auto"
				}
				
			},
			"requirement":[["auto"]],
			"value":
			{
				"type":"text",
				"value":"More your dirtiness is High, more you will have important money, but it decrease your reputation. "
			}
		},
		{	
			"type":"label",
			"tag":"myscoreNo_label6",
			"margin":{
				"left":640,
				"top":100
			},
			"style":{
				"fontsize":35
			},
			"trigger":
			{
				"auto":
				{
					"name": "auto"
				}
				
			},
			"requirement":[["auto"]],
			"value":
			{
				"type":"text",
				"value":"Sexual Orientation :"
			}
		},
		{	
			"type":"label",
			"tag":"myscoreNo_label7",
			"margin":{
				"left":1000,
				"top":100
			},
			"style":{
				"fontsize":35
			},
			"trigger":
			{
				"nomember":
				{
					"name": "custom_condition",
					"value": "joytoy_orientation",
					"score": 0,
					"helper": "This trigger will be triggered when the custom score (value) have reach the score",
					"helperTitle": "Score : Custom Score"
				}
				
			},
			"requirement":[["nomember"]],
			"value":
			{
				"type":"text",
				"value":"Male"
			}
		},
		{	
			"type":"label",
			"tag":"myscoreNo_label8",
			"margin":{
				"left":1000,
				"top":100
			},
			"style":{
				"fontsize":35
			},
			"trigger":
			{
				"nomember":
				{
					"name": "custom_condition",
					"value": "joytoy_orientation",
					"score": 1,
					"helper": "This trigger will be triggered when the custom score (value) have reach the score",
					"helperTitle": "Score : Custom Score"
				}
				
			},
			"requirement":[["nomember"]],
			"value":
			{
				"type":"text",
				"value":"Female"
			}
		},
		{	
			"type":"label",
			"tag":"myscoreNo_label9",
			"margin":{
				"left":1000,
				"top":100
			},
			"style":{
				"fontsize":35
			},
			"trigger":
			{
				"nomember":
				{
					"name": "custom_condition",
					"value": "joytoy_orientation",
					"score": 2,
					"helper": "This trigger will be triggered when the custom score (value) have reach the score",
					"helperTitle": "Score : Custom Score"
				}
				
			},
			"requirement":[["nomember"]],
			"value":
			{
				"type":"text",
				"value":"Bisexual"
			}
		},
		
		
		{	
			"type":"button",
			"title":"Change Orientation",
			"tag":"btn_001",
			"width":800,
			"margin":{
				"top":400,
				"left":750
			},
			"style":{
				"fontsize":35,
				"width":600,
				"height":100
			},
			"trigger":
			{
				
				"auto":
				{
					"name": "auto"
				}
				
				
			},
			"requirement":[["auto"]],
			"action":
			[	
				{
					"helperTitle": "Male to Female",
					"name": "if",
					"trigger": 	
							{
								"name": "custom_condition",
								"value": "joytoy_orientation",
								"score": 0,
								"helper": "This trigger will be triggered when the custom score (value) have reach the score",
								"helperTitle": "Score : Custom Score"
							},
						
					
					
					"if_action": [
						{
							"name": "change_custom_condition",
							"value": "joytoy_orientation",
							"score": 1
						}
					],
					"else_action": [
						{
							"helperTitle": "Male Poor",
							"name": "if",
							"trigger": 	{
										"name": "custom_condition",
										"value": "joytoy_orientation",
										"score": 1,
										"helper": "This trigger will be triggered when the custom score (value) have reach the score",
										"helperTitle": "Score : Custom Score"
									},
							
							"if_action": [
								{
									"name": "change_custom_condition",
									"value": "joytoy_orientation",
									"score": 2
								}
							],
							"else_action": [
								{
									"helperTitle": "Male Poor",
									"name": "if",
									"trigger": 	{
										"name": "custom_condition",
										"value": "joytoy_orientation",
										"score": 2,
										"helper": "This trigger will be triggered when the custom score (value) have reach the score",
										"helperTitle": "Score : Custom Score"
									},
									
									"if_action": [
										{
											"name": "change_custom_condition",
											"value": "joytoy_orientation",
											"score": 0
										}
									],
									"else_action": [
										{
											"name": "change_custom_condition",
											"value": "joytoy_orientation",
											"score": 0
										}
									]
									
								}
							]
							
						}
					]
					
				},
				{
					"name":"close_interface"
					
				},
				{
					"name":"open_interface",
					"tag":"joytoy_ui"
					
				}
			]
		}
		
	]
}
	
