[{
		"Desc": "V",
		"speaker": {
			"value": "V",
			"way": "interact"
		},
		"Tag": "Escort_Choice",
		"trigger": {
			"auto": {
				"name": "auto"
			}
		},
		"requirement": [
			["auto"]
		],
		"options": [{
				"Description": "Accept?",
				"action": [{
					"name": "operate_score",
					"score": "Choice",
					"key": "option",
					"value": 1,
					"operator": "+",
					"min": 0,
					"max": 5
				}, {
					"name": "win_objective",
					"value": "EscortMission_01"
				}],
				"trigger": {
					"auto": {
						"name": "auto"
					}
				},
				"requirement": [
					["auto"]
				]
			},
			{
				"Description": "Deny?",
				"action": [{
					"name": "operate_score",
					"score": "Choice",
					"key": "option",
					"value": 2,
					"operator": "+",
					"min": 0,
					"max": 5
				}, {
					"name": "fail_objective",
					"value": "EscortMission_01"
				}, {
					"name": "fail_mission"
				}, {
					"name": "despawn_entity",
					"tag": "Escort_Radiant_VIP"
				}],
				"trigger": {
					"auto": {
						"name": "auto"
					}
				},
				"requirement": [
					["auto"]
				]
			}
		]
	}

]