{
	"LOC_X": -2395.2976074219,
	"Tag": "fixer_jean",
	"LOC_Z": 17.934,
	"despawn_action": [],
	"Name": "Jean Rochelin",
	"spawn_action": [

		{



		}
	],
	"Faction": "faction_voodooboys",
	"trigger": {
		"auto": {
			"helperTitle": "Default",
			"name": "auto",
			"helper": "This trigger will be triggered without need anything (default)"
		}
	},
	"LOC_Y": -1960.1765136719,
	"requirement": [
		[]
	],
	"npcexist": false,
	"exist": false,
	"NPCId": "Character.mq006_jean",
	"range": 10
}