{
	"tag":"timerwidget",
	"type":"widget",
	"container":"",
	"fontfamily":"base\\gameplay\\gui\\fonts\\raj\\raj.inkfontfamily",
	"fontstyle":"Medium",
	"fontsize":75,
	"color":{
		"red":255,
		"green":170,
		"blue":0
		
	},
	"visible":true,
	"margin":{
		"top":250,
		"left":1500
	},
	
	"text":"TIKTOK",
	"context": [
	{

			"trigger": {
				"auto": {
					"name": "check_variable",
					"variable": "current_timer",
					"key": "text",
					"value": "",
					"operator": "empty"

				}
			},
			"requirement": [
				["auto"]
			],
			"prop": {

				"visible": {
					"text": "",
					"values": {
						"visible": {
							"type": "object",
							"value": false
						}

					}

				}
			}
	},
		{

			"trigger": {
				"room": {
					"name": "check_variable",
					"variable": "current_timer",
					"key": "text",
					"value": "",
					"operator": "notempty"

				}
				
			},
			"requirement": [
				["room"]
			],
			"prop": {
				"visible": {
					"text": "",
					"values": {
						"visible": {
							"type": "object",
							"value": true
						}

					}

				},
				"text": {
					"text": "##timertext",
					"values": {
						
						"timertext": {
							"type": "variable",
							"variable": "current_timer",
							"key": "text"
						}

					}

				}
			}
		}
		
	]




}