{
	"name": "Framework_start",
	"tag": "Framework_start",
	"way": "init",
	"trigger": {
		"npc": {
			"name": "auto"
		}
	},
	"requirement": [
		[
			"npc"
		]
	],
	"action": [{
		"name": "setup_gang_player_affinity",
		"helper": "This action will Setup player affinity toward NPC and gang based on player fact. Based on the file 'data/gameaffinity.json' ",
		"helperTitle": "Gang : Setup Player Affinity"
	},
	{
		"name": "setup_gang_rival_affinity",
		"helper": "This action will  Setup Gang affinity toward their default Rival.",
		"helperTitle": "Gang : Setup Rival Affinity"
	},
	{
		"name": "setup_gang_district_affinity",
		"helper": "This action will  Setup Gang affinity toward their default district.",
		"helperTitle": "Gang : Setup District Affinity"
	}, {
		"name": "set_variable",
		"variable": "Crowd",
		"key": "Count",
		"value": 50
	}, {
		"name": "set_variable",
		"variable": "Datapack",
		"key": "Difficulty",
		"value": 2
		}, {
		"name": "set_variable",
		"variable": "Gangwars",
		"key": "attitude",
		"value": 0
		}, {
		"name": "set_variable",
		"variable": "Crowd",
		"key": "Hostile",
		"value": 0
		}, {
		"name": "set_variable",
		"variable": "Help",
		"key": "interacts",
		"value": 0
	}, {
		"name": "create_group",
		"tag": "faction_mox"
	}, {
		"name": "wait_second",
		"value": 0.1
	}, {
		"name": "create_group",
		"tag": "faction_tygerclaws"
		}, {
		"name": "create_group",
		"tag": "faction_afterlife"
	}, {
		"name": "wait_second",
		"value": 0.1
	}, {
		"name": "create_group",
		"tag": "faction_voodooboys"
	}, {
		"name": "wait_second",
		"value": 0.1
	}, {
		"name": "create_group",
		"tag": "faction_animals"
	}, {
		"name": "wait_second",
		"value": 0.1
	}, {
		"name": "create_group",
		"tag": "faction_scavengers"
	}, {
		"name": "wait_second",
		"value": 0.1
	}, {
		"name": "create_group",
		"tag": "faction_maelstrom"
	}, {
		"name": "wait_second",
		"value": 0.1
	}, {
		"name": "create_group",
		"tag": "faction_valentinos"
	}, {
		"name": "wait_second",
		"value": 0.1
	}, {
		"name": "create_group",
		"tag": "faction_sixthstreet"
	}, {
		"name": "create_group",
		"tag": "faction_delamain"
	}, {
		"name": "wait_second",
		"value": 0.1
	}, {
		"name": "create_group",
		"tag": "faction_wraiths"
	}, {
		"name": "wait_second",
		"value": 0.1
	}, {
		"name": "create_group",
		"tag": "faction_aldecaldos"
	}, {
		"name": "wait_second",
		"value": 0.1
	}, {
		"name": "create_group",
		"tag": "faction_ncpd"
	}, {
		"name": "wait_second",
		"value": 0.1
	}, {
		"name": "create_group",
		"tag": "faction_arasaka"
	}, {
		"name": "wait_second",
		"value": 0.1
	}, {
		"name": "create_group",
		"tag": "faction_militech"
	}, {
		"name": "wait_second",
		"value": 0.1
	}, {
		"name": "create_group",
		"tag": "faction_kangtao"
	}, {
		"name": "wait_second",
		"value": 0.1
	}, {
		"name": "create_group",
		"tag": "faction_trauma"
	}, {
		"name": "wait_second",
		"value": 0.1
	}, {
		"name": "wait_second",	
		"value": 0.1
	}, {
		"name": "simple_message",
		"value": "Initialized"
	}, {
		"name": "do_function",
		"value": "crowd",
		"parallele": false,
		"applyto": ""
	}]
}