{
	"name": "Open Gangs Help",
	"tag": "GNChelp",
	"display": "event_interact",
	"timer": 0,
	"sorttag": "0",
	"trigger": {
		"condition01": {
			"name": "check_variable",
		"variable": "Help",
		"key": "interacts",
		"value": 1,
		"operator": "="
		}
	},
	"requirement": [
		[
			"condition01"
		]
	],
	"action": [{
			"name": "open_help",
		"tag": "GNC_help",
		"ismodal": true,
		"closeatinput": true,
		"pausegame": true,
		"isblocking": true,
		"popupposition": 4
	}]
}