{
	"name": "interacttest",
	"tag": "interacttest",
	"display": "event_interact",
	"timer": 0,
	"sorttag": "",
	"trigger": {
		"condition01": {
			"name": "auto"
		}
	},
	"requirement": [
		[
			"condition01"
		]
	],
	"action": [{
		"name": "spawn_npc",
		"tag": "blue01",
		"spawnlevel": 36,
		"use_police_prevention_system": true,
		"group": "",
		"scriptlevel": 0,
		"appearance": "none",
		"create_group_if_not_exist": false,
		"source": "faction",
		"source_helper": "npc||current_star||faction||current_district_leader||current_subdistrict_leader||district_leader||subdistrict_leader||random||from_list||district_rival||subdistrict_rival||current_district_rival||current_subdistrict_rival",
		"source_gang": "faction_mox",
		"source_tag": "faction_ncpd",
		"source_tag_helper": "Character.Judy||faction_mox||district_westbrook||NorthOaks",
		"source_list": ["Character.Judy"],
		"source_use_vip": false,
		"source_use_rival": false,
		"position": "relative_to_entity",
		"position_helper": "at||relative_to_entity||node||player_look_at||poi||mappin||fasttravel||custom_place||custom_room",
		"position_change_helper": "Write 'current' in position_tag for get current node,mappin, fasttravel, custom_place or custom_room. \n For poi if you write 'current' in position_poi_district you will get the current district, \n if you write 'current in position_poi_subdistrict you will get the current subdistrict. \n also if you write 'random' in position_poi_subdistrict or position_poi_district, you will get an 'random' value",
		"position_range": 50,
		"position_lookatdistance": 0,
		"position_tag": "player",
		"position_tag_helper": "judy01||playerhouse01||playerhouse_bed||",
		"position_way": "forward",
		"position_way_helper": "normal||behind||forward",
		"position_poi_district": "",
		"position_poi_subdistrict": "",
		"position_poi_is_for_car": false,
		"position_poi_from_position": false,
		"position_poi_from_position_x":0,
		"position_poi_from_position_y":0,
		"position_poi_from_position_z":0,
		"position_poi_use_location_tag": false,
		"position_poi_type": 1,
		"position_distance": 2,
		"position_house_way": "default",
		"position_house_way_helper": "default||enter||exit",
		"position_house_tag": "playerhouse01",
		"position_node_usegameplay": false,
		"x": 0,
		"y": 0,
		"z": 0,
		"amount": 1
	}, {
		"name": "wait_second",
		"value": 3
	}, {
		"name": "spawn_npc",
		"tag": "blue02",
		"spawnlevel": 36,
		"use_police_prevention_system": true,
		"group": "",
		"scriptlevel": 0,
		"appearance": "none",
		"create_group_if_not_exist": false,
		"source": "faction",
		"source_helper": "npc||current_star||faction||current_district_leader||current_subdistrict_leader||district_leader||subdistrict_leader||random||from_list||district_rival||subdistrict_rival||current_district_rival||current_subdistrict_rival",
		"source_gang": "faction_mox",
		"source_tag": "faction_tygerclaws",
		"source_tag_helper": "Character.Judy||faction_mox||district_westbrook||NorthOaks",
		"source_list": ["Character.Judy"],
		"source_use_vip": false,
		"source_use_rival": false,
		"position": "relative_to_entity",
		"position_helper": "at||relative_to_entity||node||player_look_at||poi||mappin||fasttravel||custom_place||custom_room",
		"position_change_helper": "Write 'current' in position_tag for get current node,mappin, fasttravel, custom_place or custom_room. \n For poi if you write 'current' in position_poi_district you will get the current district, \n if you write 'current in position_poi_subdistrict you will get the current subdistrict. \n also if you write 'random' in position_poi_subdistrict or position_poi_district, you will get an 'random' value",
		"position_range": 50,
		"position_lookatdistance": 0,
		"position_tag": "player",
		"position_tag_helper": "judy01||playerhouse01||playerhouse_bed||",
		"position_way": "forward",
		"position_way_helper": "normal||behind||forward",
		"position_poi_district": "",
		"position_poi_subdistrict": "",
		"position_poi_is_for_car": false,
		"position_poi_from_position": false,
		"position_poi_from_position_x":0,
		"position_poi_from_position_y":0,
		"position_poi_from_position_z":0,
		"position_poi_use_location_tag": false,
		"position_poi_type": 1,
		"position_distance": 2,
		"position_house_way": "default",
		"position_house_way_helper": "default||enter||exit",
		"position_house_tag": "playerhouse01",
		"position_node_usegameplay": false,
		"x": 1,
		"y": 0,
		"z": 0,
		"amount": 1
	}, {
		"name": "look_at_entity_entity",
		"tag": "blue01",
		"entity": "blue02"
	}, {
		"name": "wait_second",
		"value": 1
	}, {
		"name": "look_at_entity_entity",
		"tag": "blue02",
		"entity": "blue01"
	}]
}