{
	"title": "Cyberscript Difficulty Setting",
	"tag": "Difficulty_help",
	"section": [{
		"message": "Normal:\n Always sets score to Normal when loading a save.\n\nHard:\n Enemy spawn count from LNC and DNC get's a bit more chaotic,\nReccommend to be using at least a 1080p-Performance exceeding PC for this.\n\nChaotic:\n Even more than Hard mode spawn counts.\nHIGHLY Reccomend to be using at least a 1440p-ready PC for this.\n\nWhy?:\nJust. Why?\nJumped the spawn counts pretty high.\nPLEASE be using at least a 1440p- Performance exceeding PC for this.\n\nMaximum Overdrive!:\nYou're a Masochist for using this setting. Absurd spawn Counts and frequencies\nWILL Crash systems that can't go passed 1080p, Potentially.\nFor the love of god, have a Beefy PC on this setting. \n\n This setting increases Spawn Count and Variety on Events related to the player needing to defend themselves in.",
		"action": [{
			"name": "nothing"
		}]
	}]

}