{
	"title": "The Gangs",
	"tag": "GNC_help",
	"section": [{
			"message": "Rival Behavior: \n\n Direct rivals from your newly joined gang will immediately be hostile to you, once spawned in and sighted.\n\n Gang Spawn Behavior: \n\n The more district points a gang holds, the more of them you see spawn in the city.\n\n Additionally, Gangs that both control spots, at the same point triggers, can potentially spawn a fight between two rival members anywhere in the city. \n\nAffinity loss on kill: \n The more you kill a certain faction member, the more affinity you lose for that faction.\n Get to the -99 threshold and bounty hunters from that gang will be sent after you.\n\nSpawns: \n THe way the GNC Spawns work is: \n\n Spawn \n\n check your affiliation with their gang \n\n React to you either passive, or aggressive. \n\n Big brawl spawns are strictly at night between 10PM and 12am.",
			"action": [{
				"name": "nothing"
			}]
		}
	]
}