{
	"title": "The Life",
	"tag": "LNC_help",
	"section": [{
			"message": "Crowds:\n On the Ambush timer, and depending on your Custom setting 'spawn cap' setting, a variety of new spawns are placed. \n These spots are typically near any type of service area. \n As the the day goes into night, more gang members walk amongst the crowds. \n\n Activities: \n\n -Find a Cop, help them with their quota by looking at one and using  your 'Cycle Custom Interact' binding and select 'quota?' \n\n -Want to bring justice on Corpo Creeps? Head to City Center, find a  Female worker, Do as before described above but it's 'Need a hit?' \n\n -Hotdog and Asian Food Vendors have interact triggers to them as well. Same as the others, look at one, use your binding, select prompt.",
			"action": [{
			}]
		}
	]
}