{
	"desc": "CAR_PATROLLINGLCH_13",
	"locations": [
		{
			"x": -1666.1179199219,
			"subdistrict": "LittleChina",
			"inVehicule": true,
			"y": 1264.2939453125,
			"district": "Watson",
			"z": 18.000068664551,
			"Tag": "CAR_PATROLLINGLCH_13"
		},
		{
			"x": -1495.6356201172,
			"Tag": "CAR_PATROLLINGLCH_13",
			"inVehicule": true,
			"y": 1585.8819580078,
			"subdistrict": "LittleChina",
			"z": 18,
			"district": "Watson"
		},
		{
			"x": -1483.0451660156,
			"Tag": "CAR_PATROLLINGLCH_13",
			"inVehicule": true,
			"y": 1743.7298583984,
			"subdistrict": "LittleChina",
			"z": 18,
			"district": "Watson"
		}
	],
	"isFor": 30,
	"tag": "CAR_PATROLLINGLCH_13"
}