{
	"name": "hunt_scav",
	"tag": "hunt_scav",
	"action": [{
		"name": "spawn_npc",
		"tag": "Hunterscav",
		"spawnlevel": 45,
		"use_police_prevention_system": true,
		"group": "",
		"scriptlevel": 0,
		"appearance": "none",
		"create_group_if_not_exist": false,
		"source": "npc",
		"source_helper": "npc||current_star||faction||current_district_leader||current_subdistrict_leader||district_leader||subdistrict_leader||random||from_list||district_rival||subdistrict_rival||current_district_rival||current_subdistrict_rival",
		"source_gang": "",
		"source_tag": "Character.nid_scavenger_strong3_gunner2_defender_mb_rare",
		"source_tag_helper": "Character.Judy||faction_mox||district_westbrook||NorthOaks",
		"source_list": ["Character.Judy"],
		"source_use_vip": false,
		"source_use_rival": false,
		"position": "poi",
		"position_helper": "at||relative_to_entity||node||current_node||poi||mappin||fasttravel||current_fasttravel||custom_place||custom_room||current_custom_place||current_custom_room||current_custom_mappin",
		"position_tag": "",
		"position_tag_helper": "judy01||playerhouse01||playerhouse_bed||",
		"position_way": "behind",
		"position_way_helper": "normal||behind||forward",
		"position_poi_district": "",
		"position_poi_subdistrict": "",
		"position_poi_is_for_car": false,
		"position_poi_from_position": true,
		"position_poi_use_location_tag": false,
		"position_poi_range": 60,
		"position_poi_type": 77,
		"position_distance": 10,
		"position_house_way": "default||enter||exit",
		"position_house_tag": "playerhouse01",
		"position_node_current_detection_range": 70,
		"position_node_usegameplay": false,
		"x": 0,
		"y": 0,
		"z": 0,
		"amount": 1,
		"help": "This action will summon a custom npc with several custom parameter ",
		"helper": "This action will summon a custom npc with several custom parameter ",
		"helperTitle": "Entity : Spawn NPC"
	}, {
		"name": "wait_second",
		"value": 2

	}, {
		"name": "attitude_entity_against_entity",
		"tag": "Hunterscav",
		"entity": "player",
		"attitude": "hostile"
	}, {
		"name": "move_entity_at_entity_relative",
		"entity": "player",
		"x": 2,
		"y": -1,
		"z": 0,
		"move": "Sprint",
		"tag": "Hunterscav"
	}]
}