{
	"name": "sweeper",
	"tag": "sweeper",
	"action": [{
		"name": "unlock_conversation",
		"tag": "DONCPD"
	}, {
		"name": "unlock_message",
		"tag": "mission_offer"
	}, {
		"name": "set_variable",
		"variable": "choices",
		"key": "unlocked",
		"value": 0
	}, {
		"name": "set_variable",
		"variable": "reject_offer",
		"key": "unlocked",
		"value": 0
	}, {
		"name": "if",
		"trigger": {
			"name": "testFor",
			"triggers": [{
					"name": "check_scannerdata_for_entity",
					"tag": "judy01",
					"prop": "customtransgressions",
					"operator": "=",
					"value": "Bounty",
					"context": [{
						"trigger": {
							"auto": {
								"name": "auto"
							}
						},
						"requirement": [
							["auto"]
						],
						"prop": {
							"tag": {
								"text": "Crowd##shit",
								"type": "text",
								"values": {
									"shit": {
										"key": "Crowd_score",
										"type": "variable",
										"variable": "Crowd_score"
									}
								}
							}
						}
					}]
				},
				{
					"name": "check_value",
					"value": "placehold",
					"target": -1,
					"operator": "=",
					"context": [{
						"trigger": {
							"auto": {
								"name": "auto"
							}
						},
						"requirement": [
							["auto"]
						],
						"prop": {
							"value": {
								"text": "##number",
								"type": "number",
								"values": {
									"number": {
										"key": "Score",
										"type": "variable",
										"variable": "Bounty_radiant"
									}
								}
							}
						}
					}]
				}
			],
			"logic": "and"
		},
		"if_action": [{
			"name": "phone_notification",
			"title": "NCPD: Bounty",
			"desc": "READ TO ACCEPT",
			"duration": 4,
			"conversation": "Initial"
		}],
		"else_action": [{}]
	}, {
		"name": "if",
		"trigger": {
			"name": "check_scannerdata_for_entity",
			"tag": "judy01",
			"prop": "customtransgressions",
			"operator": "=",
			"value": "Escort",
			"context": [{
				"trigger": {
					"auto": {
						"name": "auto"
					}
				},
				"requirement": [
					["auto"]
				],
				"prop": {
					"tag": {
						"text": "Crowd##shit",
						"type": "text",
						"values": {
							"shit": {
								"key": "Crowd_score",
								"type": "variable",
								"variable": "Crowd_score"
							}
						}
					}
				}
			}]
		},
		"if_action": [{
			"name": "phone_notification",
			"title": "NC Airdrop",
			"desc": "",
			"duration": 5,
			"conversation": "Airdrop",
			"context": [{
				"trigger": {
					"condition01": {
						"name": "auto"
					}
				},
				"requirement": [
					["condition01"]
				],
				"prop": {
					"desc": {
						"type": "text",
						"text": "Starting Mission: ##text",
						"values": {
							"text": {
								"type": "random_text",
								"list": ["help", "help?! Anyone? I need to get somewhere", "help! I need a ride!", "Anyone get me a ride?!", "I Need a ride! Quick?! anyone?!", "I need to be somewhere! Help! anyone!?", "Anyone?! My car broke down! Need to get somewhere!"]
							}
						}
					}
				}
			}]
		}],
		"else_action": [{}]
	}, {
		"name": "if",
		"trigger": {
			"name": "testFor",
			"triggers": [{
					"name": "check_scannerdata_for_entity",
					"tag": "judy01",
					"prop": "customtransgressions",
					"operator": "=",
					"value": "Looking for a Joytoy",
					"context": [{
						"trigger": {
							"auto": {
								"name": "auto"
							}
						},
						"requirement": [
							["auto"]
						],
						"prop": {
							"tag": {
								"text": "Crowd##shit",
								"type": "text",
								"values": {
									"shit": {
										"key": "Crowd_score",
										"type": "variable",
										"variable": "Crowd_score"
									}
								}
							}
						}
					}]

				},
				{
					"name": "datapack_is_enabled",
					"tag": "JoyToy of Night City"
				}
			],
			"logic": "and"
		},
		"if_action": [{
			"name": "phone_notification",
			"title": "Night City Hotline ID: Beow",
			"desc": "Lookin' for a good time. Any toys out there?",
			"duration": 7,
			"conversation": "JoytoyInit",
			"context": [{
				"trigger": {
					"auto": {
						"name": "auto"
					}
				},
				"requirement": [
					["auto"]
				],
				"prop": {
					"title": {
						"text": "Night City Hotline ID:##shit",
						"type": "text",
						"values": {
							"shit": {
								"type": "random_text",
								"list": ["DiamondSchlongoBongo", "RoseLipsxoxo", "DSLDom69", "Daddys69r", "MrStudMuf", "UsernameWasTaken69", "PocketRiderxxx", "RidesAlot69", "SuckerPucker", "Wacket310", "Bone420", "Licks91", "Loxxver77", "Dickdownnow99", "PocketXPlower", "LoverLostTime77", "TongueGuru", "WindowspyX", "titsMclover1", "CumDum77", "Hotbby3000", "HottoOtto", "FucksRMe69", "FuckXmehrd", "Dicko77", "RancidROids", "DumpsterDiverxxx", "Caresser99", "CoomerDoomer", "ImYourDumpster", "TalosLover"]
							}
						}
					}
				}
			}]
		}],
		"else_action": [{}]
	}]

}