{
	"name": "War_pointallocation",
	"tag": "War_pointallocation",
	"action": [{
		"name": "if",
		"trigger": {
			"name": "check_value",
			"value": "killed",
			"target": "mox",
			"operator": "contains",
			"context": [{
				"trigger": {
					"auto": {
						"name": "auto"
					}
				},
				"requirement": [
					["auto"]
				],
				"prop": {
					"value": {
						"type": "text",
						"text": "##test",
						"values": {
							"test": {
								"type": "entity",
								"key": "appearance",
								"tag": "last_killed"
							}
						}
					}
				}
			}]
		},
		"if_action": [{
				"name": "add_gang_currentdistrict_score",
				"faction": "faction_tygerclaws",
				"value": 0.5,
				"helper": "This action will add a value to the Gang District Score ",
				"helperTitle": "Gang : Add Current District Score"
			},
			{
				"name": "remove_gang_currentdistrict_score",
				"faction": "faction_mox",
				"value": -0.5,
				"helper": "This action will add a value to the Gang District Score ",
				"helperTitle": "Gang : Remove Current District Score"
			},
			{
				"name": "add_gang_currentsubdistrict_score",
				"faction": "faction_tygerclaws",
				"value": 0.5,
				"helper": "This action will add a value to the Gang District Score ",
				"helperTitle": "Gang : Remove Current Sub District Score"
			},
			{
				"name": "remove_gang_currentsubdistrict_score",
				"faction": "faction_mox",
				"value": 0.5,
				"helper": "This action will add a value to the Gang District Score ",
				"helperTitle": "Gang : Remove Current Sub District Score"

			}
		],
		"else_action": [{}]
	}, {
		"name": "if",
		"trigger": {
			"name": "check_value",
			"value": "killed",
			"target": "tyger",
			"operator": "contains",
			"context": [{
				"trigger": {
					"auto": {
						"name": "auto"
					}
				},
				"requirement": [
					["auto"]
				],
				"prop": {
					"value": {
						"type": "text",
						"text": "##test",
						"values": {
							"test": {
								"type": "entity",
								"key": "appearance",
								"tag": "last_killed"
							}
						}
					}
				}
			}]
		},
		"if_action": [{
				"name": "add_gang_currentdistrict_score",
				"faction": "faction_mox",
				"value": 0.5,
				"helper": "This action will add a value to the Gang District Score ",
				"helperTitle": "Gang : Add Current District Score"
			},
			{
				"name": "remove_gang_currentdistrict_score",
				"faction": "faction_tygerclaws",
				"value": -0.5,
				"helper": "This action will add a value to the Gang District Score ",
				"helperTitle": "Gang : Remove Current District Score"
			},
			{
				"name": "add_gang_currentsubdistrict_score",
				"faction": "faction_mox",
				"value": 0.5,
				"helper": "This action will add a value to the Gang District Score ",
				"helperTitle": "Gang : Remove Current Sub District Score"
			},
			{
				"name": "remove_gang_currentsubdistrict_score",
				"faction": "faction_tygerclaws",
				"value": 0.5,
				"helper": "This action will add a value to the Gang District Score ",
				"helperTitle": "Gang : Remove Current Sub District Score"
			}
		],
		"else_action": [{}]
	}, {
		"name": "if",
		"trigger": {
			"name": "check_value",
			"value": "killed",
			"target": "valentinos",
			"operator": "contains",
			"context": [{
				"trigger": {
					"auto": {
						"name": "auto"
					}
				},
				"requirement": [
					["auto"]
				],
				"prop": {
					"value": {
						"type": "text",
						"text": "##test",
						"values": {
							"test": {
								"type": "entity",
								"key": "appearance",
								"tag": "last_killed"
							}
						}
					}
				}
			}]
		},
		"if_action": [{
				"name": "add_gang_currentdistrict_score",
				"faction": "faction_sixthstreet",
				"value": 0.5,
				"helper": "This action will add a value to the Gang District Score ",
				"helperTitle": "Gang : Add Current District Score"
			},
			{
				"name": "remove_gang_currentdistrict_score",
				"faction": "faction_valentinos",
				"value": -0.5,
				"helper": "This action will add a value to the Gang District Score ",
				"helperTitle": "Gang : Remove Current District Score"
			},
			{
				"name": "add_gang_currentsubdistrict_score",
				"faction": "faction_sixthstreet",
				"value": 0.5,
				"helper": "This action will add a value to the Gang District Score ",
				"helperTitle": "Gang : Remove Current Sub District Score"
			},
			{
				"name": "remove_gang_currentsubdistrict_score",
				"faction": "faction_valentinos",
				"value": 0.5,
				"helper": "This action will add a value to the Gang District Score ",
				"helperTitle": "Gang : Remove Current Sub District Score"
			}
		],
		"else_action": [{
			"name": "nothing"
		}]
	}, {
		"name": "if",
		"trigger": {
			"name": "check_value",
			"value": "killed",
			"target": "6thstreet",
			"operator": "contains",
			"context": [{
				"trigger": {
					"auto": {
						"name": "auto"
					}
				},
				"requirement": [
					["auto"]
				],
				"prop": {
					"value": {
						"type": "text",
						"text": "##test",
						"values": {
							"test": {
								"type": "entity",
								"key": "appearance",
								"tag": "last_killed"
							}
						}
					}
				}
			}]
		},
		"if_action": [{
				"name": "add_gang_currentdistrict_score",
				"faction": "faction_valentinos",
				"value": 0.5,
				"helper": "This action will add a value to the Gang District Score ",
				"helperTitle": "Gang : Add Current District Score"
			},
			{
				"name": "remove_gang_currentdistrict_score",
				"faction": "faction_sixthstreet",
				"value": -0.5,
				"helper": "This action will add a value to the Gang District Score ",
				"helperTitle": "Gang : Remove Current District Score"
			},
			{
				"name": "add_gang_currentsubdistrict_score",
				"faction": "faction_valentinos",
				"value": 0.5,
				"helper": "This action will add a value to the Gang District Score ",
				"helperTitle": "Gang : Remove Current Sub District Score"
			},
			{
				"name": "remove_gang_currentsubdistrict_score",
				"faction": "faction_sixthstreet",
				"value": 0.5,
				"helper": "This action will add a value to the Gang District Score ",
				"helperTitle": "Gang : Remove Current Sub District Score"
			}
		],
		"else_action": [{}]
	}, {

		"name": "if",
		"trigger": {
			"name": "check_value",
			"value": "killed",
			"target": "maelstrom",
			"operator": "contains",
			"context": [{
				"trigger": {
					"auto": {
						"name": "auto"
					}
				},
				"requirement": [
					["auto"]
				],
				"prop": {
					"value": {
						"type": "text",
						"text": "##test",
						"values": {
							"test": {
								"type": "entity",
								"key": "appearance",
								"tag": "last_killed"
							}
						}
					}
				}
			}]
		},
		"if_action": [{
				"name": "add_gang_currentdistrict_score",
				"faction": "faction_scavengers",
				"value": 0.5,
				"helper": "This action will add a value to the Gang District Score ",
				"helperTitle": "Gang : Add Current District Score"
			},
			{
				"name": "remove_gang_currentdistrict_score",
				"faction": "faction_maelstrom",
				"value": -0.5,
				"helper": "This action will add a value to the Gang District Score ",
				"helperTitle": "Gang : Remove Current District Score"
			},
			{
				"name": "add_gang_currentsubdistrict_score",
				"faction": "faction_scavengers",
				"value": 0.5,
				"helper": "This action will add a value to the Gang District Score ",
				"helperTitle": "Gang : Remove Current Sub District Score"
			},
			{
				"name": "remove_gang_currentsubdistrict_score",
				"faction": "faction_maelstrom",
				"value": 0.5,
				"helper": "This action will add a value to the Gang District Score ",
				"helperTitle": "Gang : Remove Current Sub District Score"
			}
		],
		"else_action": [{}]
	}, {
		"name": "if",
		"trigger": {
			"name": "check_value",
			"value": "killed",
			"target": "scavenger",
			"operator": "contains",
			"context": [{
				"trigger": {
					"auto": {
						"name": "auto"
					}
				},
				"requirement": [
					["auto"]
				],
				"prop": {
					"value": {
						"type": "text",
						"text": "##test",
						"values": {
							"test": {
								"type": "entity",
								"key": "appearance",
								"tag": "last_killed"
							}
						}
					}
				}
			}]
		},
		"if_action": [{
				"name": "add_gang_currentdistrict_score",
				"faction": "faction_maelstrom",
				"value": 0.5,
				"helper": "This action will add a value to the Gang District Score ",
				"helperTitle": "Gang : Add Current District Score"
			},
			{
				"name": "remove_gang_currentdistrict_score",
				"faction": "faction_scavengers",
				"value": -0.5,
				"helper": "This action will add a value to the Gang District Score ",
				"helperTitle": "Gang : Remove Current District Score"
			},
			{
				"name": "add_gang_currentsubdistrict_score",
				"faction": "faction_maelstrom",
				"value": 0.5,
				"helper": "This action will add a value to the Gang District Score ",
				"helperTitle": "Gang : Remove Current Sub District Score"
			},
			{
				"name": "remove_gang_currentsubdistrict_score",
				"faction": "faction_scavengers",
				"value": 0.5,
				"helper": "This action will add a value to the Gang District Score ",
				"helperTitle": "Gang : Remove Current Sub District Score"
			}
		],
		"else_action": [{}]
	}, {
		"name": "if",
		"trigger": {
			"name": "check_value",
			"value": "killed",
			"target": "animals",
			"operator": "contains",
			"context": [{
				"trigger": {
					"auto": {
						"name": "auto"
					}
				},
				"requirement": [
					["auto"]
				],
				"prop": {
					"value": {
						"type": "text",
						"text": "##test",
						"values": {
							"test": {
								"type": "entity",
								"key": "appearance",
								"tag": "last_killed"
							}
						}
					}
				}
			}]
		},
		"if_action": [{
				"name": "add_gang_currentdistrict_score",
				"faction": "faction_voodooboys",
				"value": 0.5,
				"helper": "This action will add a value to the Gang District Score ",
				"helperTitle": "Gang : Add Current District Score"
			},
			{
				"name": "remove_gang_currentdistrict_score",
				"faction": "faction_animals",
				"value": -0.5,
				"helper": "This action will add a value to the Gang District Score ",
				"helperTitle": "Gang : Remove Current District Score"
			},
			{
				"name": "add_gang_currentsubdistrict_score",
				"faction": "faction_voodooboys",
				"value": 0.5,
				"helper": "This action will add a value to the Gang District Score ",
				"helperTitle": "Gang : Remove Current Sub District Score"
			},
			{
				"name": "remove_gang_currentsubdistrict_score",
				"faction": "faction_animals",
				"value": 0.5,
				"helper": "This action will add a value to the Gang District Score ",
				"helperTitle": "Gang : Remove Current Sub District Score"
			}
		],
		"else_action": [{}]
	}, {
		"name": "if",
		"trigger": {
			"name": "check_value",
			"value": "killed",
			"target": "voodoo",
			"operator": "contains",
			"context": [{
				"trigger": {
					"auto": {
						"name": "auto"
					}
				},
				"requirement": [
					["auto"]
				],
				"prop": {
					"value": {
						"type": "text",
						"text": "##test",
						"values": {
							"test": {
								"type": "entity",
								"key": "appearance",
								"tag": "last_killed"
							}
						}
					}
				}
			}]
		},
		"if_action": [{
				"name": "add_gang_currentdistrict_score",
				"faction": "faction_animals",
				"value": 0.5,
				"helper": "This action will add a value to the Gang District Score ",
				"helperTitle": "Gang : Add Current District Score"
			},
			{
				"name": "remove_gang_currentdistrict_score",
				"faction": "faction_voodooboys",
				"value": -0.5,
				"helper": "This action will add a value to the Gang District Score ",
				"helperTitle": "Gang : Remove Current District Score"
			},
			{
				"name": "add_gang_currentsubdistrict_score",
				"faction": "faction_animals",
				"value": 0.5,
				"helper": "This action will add a value to the Gang District Score ",
				"helperTitle": "Gang : Remove Current Sub District Score"
			},
			{
				"name": "remove_gang_currentsubdistrict_score",
				"faction": "faction_voodooboys",
				"value": 0.5,
				"helper": "This action will add a value to the Gang District Score ",
				"helperTitle": "Gang : Remove Current Sub District Score"
			}
		],
		"else_action": [{}]
	}, {
		"name": "if",
		"trigger": {
			"name": "check_value",
			"value": "killed",
			"target": "aldecaldos",
			"operator": "contains",
			"context": [{
				"trigger": {
					"auto": {
						"name": "auto"
					}
				},
				"requirement": [
					["auto"]
				],
				"prop": {
					"value": {
						"type": "text",
						"text": "##test",
						"values": {
							"test": {
								"type": "entity",
								"key": "appearance",
								"tag": "last_killed"
							}
						}
					}
				}
			}]
		},
		"if_action": [{
				"name": "add_gang_currentdistrict_score",
				"faction": "faction_wraiths",
				"value": 0.5,
				"helper": "This action will add a value to the Gang District Score ",
				"helperTitle": "Gang : Add Current District Score"
			},
			{
				"name": "remove_gang_currentdistrict_score",
				"faction": "faction_aldecaldos",
				"value": -0.5,
				"helper": "This action will add a value to the Gang District Score ",
				"helperTitle": "Gang : Remove Current District Score"
			},
			{
				"name": "add_gang_currentsubdistrict_score",
				"faction": "faction_wraiths",
				"value": 0.5,
				"helper": "This action will add a value to the Gang District Score ",
				"helperTitle": "Gang : Remove Current Sub District Score"
			},
			{
				"name": "remove_gang_currentsubdistrict_score",
				"faction": "faction_aldecaldos",
				"value": 0.5,
				"helper": "This action will add a value to the Gang District Score ",
				"helperTitle": "Gang : Remove Current Sub District Score"
			}
		],
		"else_action": [{

		}]
	}, {
		"name": "if",
		"trigger": {
			"name": "check_value",
			"value": "killed",
			"target": "wraiths",
			"operator": "contains",
			"context": [{
				"trigger": {
					"auto": {
						"name": "auto"
					}
				},
				"requirement": [
					["auto"]
				],
				"prop": {
					"value": {
						"type": "text",
						"text": "##test",
						"values": {
							"test": {
								"type": "entity",
								"key": "appearance",
								"tag": "last_killed"
							}
						}
					}
				}
			}]
		},
		"if_action": [{
				"name": "add_gang_currentdistrict_score",
				"faction": "faction_aldecaldos",
				"value": 0.5,
				"helper": "This action will add a value to the Gang District Score ",
				"helperTitle": "Gang : Add Current District Score"
			},
			{
				"name": "remove_gang_currentdistrict_score",
				"faction": "faction_wraiths",
				"value": -0.5,
				"helper": "This action will add a value to the Gang District Score ",
				"helperTitle": "Gang : Remove Current District Score"
			},
			{
				"name": "add_gang_currentsubdistrict_score",
				"faction": "faction_aldecaldos",
				"value": 0.5,
				"helper": "This action will add a value to the Gang District Score ",
				"helperTitle": "Gang : Remove Current Sub District Score"
			},
			{
				"name": "remove_gang_currentsubdistrict_score",
				"faction": "faction_wraiths",
				"value": 0.5,
				"helper": "This action will add a value to the Gang District Score ",
				"helperTitle": "Gang : Remove Current Sub District Score"
			}
		],
		"else_action": [{}]
	}, {
		"name": "if",
		"trigger": {
			"name": "check_value",
			"value": "killed",
			"target": "arasaka",
			"operator": "contains",
			"context": [{
				"trigger": {
					"auto": {
						"name": "auto"
					}
				},
				"requirement": [
					["auto"]
				],
				"prop": {
					"value": {
						"type": "text",
						"text": "##test",
						"values": {
							"test": {
								"type": "entity",
								"key": "appearance",
								"tag": "last_killed"
							}
						}
					}
				}
			}]
		},
		"if_action": [{
				"name": "add_gang_currentdistrict_score",
				"faction": "faction_militech",
				"value": 0.5,
				"helper": "This action will add a value to the Gang District Score ",
				"helperTitle": "Gang : Add Current District Score"
			},
			{
				"name": "remove_gang_currentdistrict_score",
				"faction": "faction_arasaka",
				"value": -0.5,
				"helper": "This action will add a value to the Gang District Score ",
				"helperTitle": "Gang : Remove Current District Score"
			},
			{
				"name": "add_gang_currentsubdistrict_score",
				"faction": "faction_militech",
				"value": 0.5,
				"helper": "This action will add a value to the Gang District Score ",
				"helperTitle": "Gang : Remove Current Sub District Score"
			},
			{
				"name": "remove_gang_currentsubdistrict_score",
				"faction": "faction_arasaka",
				"value": 0.5,
				"helper": "This action will add a value to the Gang District Score ",
				"helperTitle": "Gang : Remove Current Sub District Score"
			}
		],
		"else_action": [{}]
	}, {
		"name": "if",
		"trigger": {
			"name": "check_value",
			"value": "killed",
			"target": "militech",
			"operator": "contains",
			"context": [{
				"trigger": {
					"auto": {
						"name": "auto"
					}
				},
				"requirement": [
					["auto"]
				],
				"prop": {
					"value": {
						"type": "text",
						"text": "##test",
						"values": {
							"test": {
								"type": "entity",
								"key": "appearance",
								"tag": "last_killed"
							}
						}
					}
				}
			}]
		},
		"if_action": [{
				"name": "add_gang_currentdistrict_score",
				"faction": "faction_arasaka",
				"value": 0.5,
				"helper": "This action will add a value to the Gang District Score ",
				"helperTitle": "Gang : Add Current District Score"
			},
			{
				"name": "remove_gang_currentdistrict_score",
				"faction": "faction_militech",
				"value": -0.5,
				"helper": "This action will add a value to the Gang District Score ",
				"helperTitle": "Gang : Remove Current District Score"
			},
			{
				"name": "add_gang_currentsubdistrict_score",
				"faction": "faction_arasaka",
				"value": 0.5,
				"helper": "This action will add a value to the Gang District Score ",
				"helperTitle": "Gang : Remove Current Sub District Score"
			},
			{
				"name": "remove_gang_currentsubdistrict_score",
				"faction": "faction_militech",
				"value": 0.5,
				"helper": "This action will add a value to the Gang District Score ",
				"helperTitle": "Gang : Remove Current Sub District Score"
			}
		],
		"else_action": [{}]
	}, {
		"name": "if",
		"trigger": {
			"name": "check_value",
			"value": "killed",
			"target": "kangtao",
			"operator": "contains",
			"context": [{
				"trigger": {
					"auto": {
						"name": "auto"
					}
				},
				"requirement": [
					["auto"]
				],
				"prop": {
					"value": {
						"type": "text",
						"text": "##test",
						"values": {
							"test": {
								"type": "entity",
								"key": "appearance",
								"tag": "last_killed"
							}
						}
					}
				}
			}]
		},
		"if_action": [{
				"name": "add_gang_currentdistrict_score",
				"faction": "faction_militech",
				"value": 0.5,
				"helper": "This action will add a value to the Gang District Score ",
				"helperTitle": "Gang : Add Current District Score"
			},
			{
				"name": "remove_gang_currentdistrict_score",
				"faction": "faction_kangtao",
				"value": -0.5,
				"helper": "This action will add a value to the Gang District Score ",
				"helperTitle": "Gang : Remove Current District Score"
			},
			{
				"name": "add_gang_currentsubdistrict_score",
				"faction": "faction_militech",
				"value": 0.5,
				"helper": "This action will add a value to the Gang District Score ",
				"helperTitle": "Gang : Remove Current Sub District Score"
			},
			{
				"name": "remove_gang_currentsubdistrict_score",
				"faction": "faction_kangtao",
				"value": 0.5,
				"helper": "This action will add a value to the Gang District Score ",
				"helperTitle": "Gang : Remove Current Sub District Score"
			}
		],
		"else_action": [{}]
	}, {
		"name": "if",
		"trigger": {
			"name": "check_value",
			"value": "killed",
			"target": "ncpd",
			"operator": "contains",
			"context": [{
				"trigger": {
					"auto": {
						"name": "auto"
					}
				},
				"requirement": [
					["auto"]
				],
				"prop": {
					"value": {
						"type": "text",
						"text": "##test",
						"values": {
							"test": {
								"type": "entity",
								"key": "appearance",
								"tag": "last_killed"
							}
						}
					}
				}
			}]
		},
		"if_action": [{
				"name": "add_gang_currentdistrict_score",
				"faction": "faction_kangtao",
				"value": 0.5,
				"helper": "This action will add a value to the Gang District Score ",
				"helperTitle": "Gang : Add Current District Score"
			},
			{
				"name": "remove_gang_currentdistrict_score",
				"faction": "faction_ncpd",
				"value": -0.5,
				"helper": "This action will add a value to the Gang District Score ",
				"helperTitle": "Gang : Remove Current District Score"
			},
			{
				"name": "add_gang_currentsubdistrict_score",
				"faction": "faction_kangtao",
				"value": 0.5,
				"helper": "This action will add a value to the Gang District Score ",
				"helperTitle": "Gang : Remove Current Sub District Score"
			},
			{
				"name": "remove_gang_currentsubdistrict_score",
				"faction": "faction_ncpd",
				"value": 0.5,
				"helper": "This action will add a value to the Gang District Score ",
				"helperTitle": "Gang : Remove Current Sub District Score"
			}
		],
		"else_action": [{}]
	}, {
		"name": "wait_second",
		"value": 1
	}, {
		"name": "reset_last_killed_entity"
	}, {
		"name": "wait_second",
		"value": 0.5
	}, {
		"name": "do_event",
		"value": "War_points",
		"parallele": false
	}]
}