{
	"name": "Rally",
	"tag": "Rally",
	"display": "event_interact",
	"timer": 0,
	"sorttag": "0",
	"trigger": {
		"gang": {
			"name": "testFor",
			"triggers": [{
					"name": "compare",
					"trigger": {
						"name": "player_current_gang",
						"value": "faction_mox"
					},
					"expected": true
				},
				{
					"name": "compare",
					"trigger": {
						"name": "player_current_gang",
						"value": "faction_tygerclaws"
					},
					"expected": true
				},
				{
					"name": "compare",
					"trigger": {
						"name": "player_current_gang",
						"value": "faction_valentinos"
					},
					"expected": true
				},
				{
					"name": "compare",
					"trigger": {
						"name": "player_current_gang",
						"value": "faction_scavengers"
					},
					"expected": true
				},
				{
					"name": "compare",
					"trigger": {
						"name": "player_current_gang",
						"value": "faction_maelstrom"
					},
					"expected": true
				},
				{

					"name": "compare",
					"trigger": {
						"name": "player_current_gang",
						"value": "faction_aldecaldos"
					},
					"expected": true
				},
				{
					"name": "compare",
					"trigger": {
						"name": "player_current_gang",
						"value": "faction_maxtac"
					},
					"expected": true
				},
				{
					"name": "compare",
					"trigger": {
						"name": "player_current_gang",
						"value": "faction_arasaka"
					},
					"expected": true
				},
				{
					"name": "compare",
					"trigger": {
						"name": "player_current_gang",
						"value": "faction_militech"
					},
					"expected": true
				},
				{
					"name": "compare",
					"trigger": {
						"name": "player_current_gang",
						"value": "faction_kangtao"
					},
					"expected": true
				},
				{
					"name": "compare",
					"trigger": {
						"name": "player_current_gang",
						"value": "faction_traumateam"
					},
					"expected": true
				},
				{

					"name": "compare",
					"trigger": {
						"name": "player_current_gang",
						"value": "faction_wraiths"
					},
					"expected": true
				},
				{
					"name": "compare",
					"trigger": {
						"name": "player_current_gang",
						"value": "faction_voodooboys"
					},
					"expected": true
				},
				{
					"name": "compare",
					"trigger": {
						"name": "player_current_gang",
						"value": "faction_animals"
					},
					"expected": true
				},
				{
					"name": "compare",
					"trigger": {
						"name": "player_current_gang",
						"value": "faction_sixthstreet"
					},
					"expected": true
				}
			],
			"logic": "or"
		}
	},
	"requirement": [
		[
			"gang"
		]
	],
	"action": [{
			"name": "if",
			"trigger": {
				"name": "player_current_gang",
				"value": "faction_mox"
			},
			"if_action": [{

				"name": "for_entity_around_you",
				"filter": ["mox"],
				"range": 90,
				"group": "mox",
				"action": [{
					"name": "attitude_group_against_entity",
					"attitude": "friendly",
					"tag": "mox",
					"entity": "player",
					"context": [{
						"trigger": {
							"condition01": {
								"name": "auto"
							}
						},
						"requirement": [
							[
								"condition01"
							]
						],
						"prop": {
							"attitude": {
								"type": "text",
								"text": "##attitude3",
								"values": {
									"attitude3": {
										"type": "random_text",
										"list": ["friendly", "friendly", "friendly", "friendly", "friendly", "companion", "companion", "friendly", "friendly"]
									}
								}
							}
						}
					}]
				}]
			}],
			"else_action": [{}]
		},
		{
			"name": "if",
			"trigger": {
				"name": "player_current_gang",
				"value": "faction_maelstrom"
			},
			"if_action": [{
				"name": "for_entity_around_you",
				"filter": ["maelstrom"],
				"range": 90,
				"group": "maelstrom",
				"action": [{
					"name": "attitude_entity_against_entity",
					"tag": "this",
					"entity": "player",
					"attitude": "friendly",
					"context": [{
						"trigger": {
							"condition01": {
								"name": "auto"
							}
						},
						"requirement": [
							[
								"condition01"
							]
						],
						"prop": {
							"attitude": {
								"type": "text",
								"text": "##attitude3",
								"values": {
									"attitude3": {
										"type": "random_text",
										"list": ["friendly", "friendly", "friendly", "friendly", "friendly", "companion", "companion", "friendly", "friendly"]
									}
								}
							}
						}
					}]
				}]
			}],
			"else_action": [{}]
		},
		{
			"name": "if",
			"trigger": {
				"name": "player_current_gang",
				"value": "faction_tygerclaws"
			},
			"if_action": [{
				"name": "for_entity_around_you",
				"filter": ["tyger"],
				"range": 90,
				"group": "tygers",
				"action": [{
					"name": "attitude_group_against_entity",
					"attitude": "friendly",
					"tag": "tygers",
					"entity": "player",
					"context": [{
						"trigger": {
							"condition01": {
								"name": "auto"
							}
						},
						"requirement": [
							[
								"condition01"
							]
						],
						"prop": {
							"attitude": {
								"type": "text",
								"text": "##attitude3",
								"values": {
									"attitude3": {
										"type": "random_text",
										"list": ["friendly", "friendly", "friendly", "friendly", "friendly", "companion", "companion", "friendly", "friendly"]
									}
								}
							}
						}
					}]
				}]
			}],
			"else_action": [{}]
		},
		{
			"name": "if",
			"trigger": {
				"name": "player_current_gang",
				"value": "faction_sixthstreet"
			},
			"if_action": [{
				"name": "for_entity_around_you",
				"filter": ["6thstreet"],
				"range": 90,
				"group": "6thstreet",
				"action": [{
					"name": "attitude_group_against_entity",
					"attitude": "friendly",
					"tag": "6thstreet",
					"entity": "player",
					"context": [{
						"trigger": {
							"condition01": {
								"name": "auto"
							}
						},
						"requirement": [
							[
								"condition01"
							]
						],
						"prop": {
							"attitude": {
								"type": "text",
								"text": "##attitude3",
								"values": {
									"attitude3": {
										"type": "random_text",
										"list": ["friendly", "friendly", "friendly", "friendly", "friendly", "companion", "companion", "friendly", "friendly"]
									}
								}
							}
						}
					}]
				}]
			}],
			"else_action": [{}]
		},
		{
			"name": "if",
			"trigger": {
				"name": "player_current_gang",
				"value": "faction_animals"
			},
			"if_action": [{
				"name": "for_entity_around_you",
				"filter": ["animals"],
				"range": 90,
				"group": "animals",
				"action": [{
					"name": "attitude_group_against_entity",
					"attitude": "friendly",
					"tag": "animals",
					"entity": "player",
					"context": [{
						"trigger": {
							"condition01": {
								"name": "auto"
							}
						},
						"requirement": [
							[
								"condition01"
							]
						],
						"prop": {
							"attitude": {
								"type": "text",
								"text": "##attitude3",
								"values": {
									"attitude3": {
										"type": "random_text",
										"list": ["friendly", "friendly", "friendly", "friendly", "friendly", "companion", "companion", "friendly", "friendly"]
									}
								}
							}
						}
					}]
				}]
			}],
			"else_action": [{}]
		},
		{
			"name": "if",
			"trigger": {
				"name": "player_current_gang",
				"value": "faction_scavengers"
			},
			"if_action": [{
				"name": "for_entity_around_you",
				"filter": ["scavenger"],
				"range": 90,
				"group": "scavengers",
				"action": [{
					"name": "attitude_group_against_entity",
					"attitude": "friendly",
					"tag": "scavengers",
					"entity": "player",
					"context": [{
						"trigger": {
							"condition01": {
								"name": "auto"
							}
						},
						"requirement": [
							[
								"condition01"
							]
						],
						"prop": {
							"attitude": {
								"type": "text",
								"text": "##attitude3",
								"values": {
									"attitude3": {
										"type": "random_text",
										"list": ["friendly", "friendly", "friendly", "friendly", "friendly", "companion", "companion", "friendly", "friendly"]
									}
								}
							}
						}
					}]
				}]
			}],
			"else_action": [{}]
		},
		{
			"name": "if",
			"trigger": {
				"name": "player_current_gang",
				"value": "faction_aldecaldos"
			},
			"if_action": [{
				"name": "for_entity_around_you",
				"filter": ["aldecaldo"],
				"range": 90,
				"group": "aldecaldos",
				"action": [{
					"name": "attitude_group_against_entity",
					"attitude": "friendly",
					"tag": "aldecaldos",
					"entity": "player",
					"context": [{
						"trigger": {
							"condition01": {
								"name": "auto"
							}
						},
						"requirement": [
							[
								"condition01"
							]
						],
						"prop": {
							"attitude": {
								"type": "text",
								"text": "##attitude3",
								"values": {
									"attitude3": {
										"type": "random_text",
										"list": ["friendly", "friendly", "friendly", "friendly", "friendly", "companion", "companion", "friendly", "friendly"]
									}
								}
							}
						}
					}]
				}]
			}],
			"else_action": [{}]
		},
		{
			"name": "if",
			"trigger": {
				"name": "player_current_gang",
				"value": "faction_maxtac"
			},
			"if_action": [{
				"name": "for_entity_around_you",
				"filter": ["maxtac"],
				"range": 90,
				"group": "maxtac",
				"action": [{
					"name": "attitude_group_against_entity",
					"attitude": "friendly",
					"tag": "maxtac",
					"entity": "player",
					"context": [{
						"trigger": {
							"condition01": {
								"name": "auto"
							}
						},
						"requirement": [
							[
								"condition01"
							]
						],
						"prop": {
							"attitude": {
								"type": "text",
								"text": "##attitude3",
								"values": {
									"attitude3": {
										"type": "random_text",
										"list": ["friendly", "friendly", "friendly", "friendly", "friendly", "companion", "companion", "friendly", "friendly"]
									}
								}
							}
						}
					}]
				}]
			}],
			"else_action": [{}]
		},
		{
			"name": "if",
			"trigger": {
				"name": "player_current_gang",
				"value": "faction_kangtao"
			},
			"if_action": [{
				"name": "for_entity_around_you",
				"filter": ["kangtao"],
				"range": 90,
				"group": "kangtao",
				"action": [{
					"name": "attitude_group_against_entity",
					"attitude": "friendly",
					"tag": "kangtao",
					"entity": "player",
					"context": [{
						"trigger": {
							"condition01": {
								"name": "auto"
							}
						},
						"requirement": [
							[
								"condition01"
							]
						],
						"prop": {
							"attitude": {
								"type": "text",
								"text": "##attitude3",
								"values": {
									"attitude3": {
										"type": "random_text",
										"list": ["friendly", "friendly", "friendly", "friendly", "friendly", "companion", "companion", "friendly", "friendly"]
									}
								}
							}
						}
					}]
				}]
			}],
			"else_action": [{}]
		},
		{
			"name": "if",
			"trigger": {
				"name": "player_current_gang",
				"value": "faction_arasaka"
			},
			"if_action": [{
				"name": "for_entity_around_you",
				"filter": ["arasaka"],
				"range": 90,
				"group": "arasaka",
				"action": [{
					"name": "attitude_group_against_entity",
					"attitude": "friendly",
					"tag": "arasaka",
					"entity": "player",
					"context": [{
						"trigger": {
							"condition01": {
								"name": "auto"
							}
						},
						"requirement": [
							[
								"condition01"
							]
						],
						"prop": {
							"attitude": {
								"type": "text",
								"text": "##attitude3",
								"values": {
									"attitude3": {
										"type": "random_text",
										"list": ["friendly", "friendly", "friendly", "friendly", "friendly", "companion", "companion", "friendly", "friendly"]
									}
								}
							}
						}
					}]
				}]
			}],
			"else_action": [{}]
		},
		{
			"name": "if",
			"trigger": {
				"name": "player_current_gang",
				"value": "faction_militech"
			},
			"if_action": [{
				"name": "for_entity_around_you",
				"filter": ["militech"],
				"range": 90,
				"group": "militech",
				"action": [{
					"name": "attitude_group_against_entity",
					"attitude": "friendly",
					"tag": "militech",
					"entity": "player",
					"context": [{
						"trigger": {
							"condition01": {
								"name": "auto"
							}
						},
						"requirement": [
							[
								"condition01"
							]
						],
						"prop": {
							"attitude": {
								"type": "text",
								"text": "##attitude3",
								"values": {
									"attitude3": {
										"type": "random_text",
										"list": ["friendly", "friendly", "friendly", "friendly", "friendly", "companion", "companion", "friendly", "friendly"]
									}
								}
							}
						}
					}]
				}]
			}],
			"else_action": [{}]
		},
		{
			"name": "if",
			"trigger": {
				"name": "player_current_gang",
				"value": "faction_ncpd"
			},
			"if_action": [{
				"name": "for_entity_around_you",
				"filter": ["ncpd"],
				"range": 90,
				"group": "ncpd",
				"action": [{
					"name": "attitude_group_against_entity",
					"attitude": "friendly",
					"tag": "ncpd",
					"entity": "player",
					"context": [{
						"trigger": {
							"condition01": {
								"name": "auto"
							}
						},
						"requirement": [
							[
								"condition01"
							]
						],
						"prop": {
							"attitude": {
								"type": "text",
								"text": "##attitude3",
								"values": {
									"attitude3": {
										"type": "random_text",
										"list": ["friendly", "friendly", "friendly", "friendly", "friendly", "companion", "companion", "friendly", "friendly"]
									}
								}
							}
						}
					}]
				}]
			}],
			"else_action": [{}]
		},
		{
			"name": "if",
			"trigger": {
				"name": "player_current_gang",
				"value": "faction_wraiths"
			},
			"if_action": [{
				"name": "for_entity_around_you",
				"filter": ["wraiths"],
				"range": 90,
				"group": "wraiths",
				"action": [{
					"name": "attitude_group_against_entity",
					"attitude": "friendly",
					"tag": "wraiths",
					"entity": "player",
					"context": [{
						"trigger": {
							"condition01": {
								"name": "auto"
							}
						},
						"requirement": [
							[
								"condition01"
							]
						],
						"prop": {
							"attitude": {
								"type": "text",
								"text": "##attitude3",
								"values": {
									"attitude3": {
										"type": "random_text",
										"list": ["friendly", "friendly", "friendly", "friendly", "friendly", "companion", "companion", "friendly", "friendly"]
									}
								}
							}
						}
					}]
				}]
			}],
			"else_action": [{}]
		},
		{
			"name": "if",
			"trigger": {
				"name": "player_current_gang",
				"value": "faction_traumateam"
			},
			"if_action": [{
				"name": "for_entity_around_you",
				"filter": ["traumateam"],
				"range": 90,
				"group": "traumateam",
				"action": [{
					"name": "attitude_group_against_entity",
					"attitude": "friendly",
					"tag": "traumateam",
					"entity": "player",
					"context": [{
						"trigger": {
							"condition01": {
								"name": "auto"
							}
						},
						"requirement": [
							[
								"condition01"
							]
						],
						"prop": {
							"attitude": {
								"type": "text",
								"text": "##attitude3",
								"values": {
									"attitude3": {
										"type": "random_text",
										"list": ["friendly", "friendly", "friendly", "friendly", "friendly", "companion", "companion", "friendly", "friendly"]
									}
								}
							}
						}
					}]
				}]
			}],
			"else_action": [{}]
		}
	]
}