{
	"name": "reaction check",
	"tag": "reactioncheck",

	"action": [
		{
			"name": "wait_for_trigger",
			"trigger": {
				"name": "testFor",
				"triggers": [{
						"name": "look_at_object",
						"value": "NPCPuppet"
					}, {
						"name": "compare",
						"trigger": {
							"name": "entity_in_faction",
							"tag": "NPCPuppet",
							"faction": "faction_maelstrom"
						},
						"expected": false
					},
					{
						"name": "compare",
						"trigger": {
							"name": "entity_in_faction",
							"tag": "NPCPuppet",
							"faction": "faction_tygerclaws"
						},
						"expected": false
					},
					{
						"name": "compare",
						"trigger": {
							"name": "entity_in_faction",
							"tag": "NPCPuppet",
							"faction": "faction_valentinos"
						},
						"expected": false
					},
					{
						"name": "compare",
						"trigger": {
							"name": "entity_in_faction",
							"tag": "NPCPuppet",
							"faction": "faction_sixthstreet"
						},
						"expected": false
					},
					{
						"name": "compare",
						"trigger": {
							"name": "entity_in_faction",
							"tag": "NPCPuppet",
							"faction": "faction_mox"
						},
						"expected": false
					},
					{
						"name": "compare",
						"trigger": {
							"name": "entity_in_faction",
							"tag": "NPCPuppet",
							"faction": "faction_scavengers"
						},
						"expected": false
					}
				],
				"logic": "and"
			}
		}, {
			"name": "random_npc_chat",
			"title": [

				"Corpo, Corpo, Fucking Corpos",
				"What I would give to work for Arasaka",
				"What I would do to work for Militech",
				"Fuck the NCPD, A bunch of crooked cunts!",
				"Out of my way, I'm Important!",
				"People in this city are horrible",
				"Get me out of this Goddamn City!",
				"Fuck NPCD!",
				"*groans*",
				"*laughs*",
				"*cries*",
				"*humming favorite song*",
				"*whistling*",
				"Fuck this, Fuck that, Fuck it all!",
				"I'm gonna give my boss a piece of my mind",
				"Who wants a piece of me?! I'm over this City!",
				"Dreams, Pfft",
				"I wonder if she got my text",
				"I wonder if she got my call",
				"I wonder if he got my text",
				"I wonder if he got my call",
				"Taxes? in this Economy?!",
				"They are listening, be quiet",
				"I hear Pacifica is at a dead end in it's development",
				"I hear Arasaka is planning big things",
				"I hear the NCPD have a lead on a Murder case",
				"I hear the Election is a tight race, this year",
				"I hear gangs are causing a bigger stir around Night City",
				"I hear Corp workers are starting to get fed up.",
				"Man this city sucks!",
				"I'm Getting evicted, what do I do?",
				"My boss is going to fire me.",
				"What do I even tell him?",
				"What do I even tell her?",
				"She is no good for him",
				"She is no good for her",
				"He is no good for her",
				"He is no good for him",
				"They aren't good for eachother.",
				"My Relationship is ruined!",
				"I've never been more happy in my life!",
				"Laa dee daaa de daa",
				"Fuck this shit, I'm out",
				"I kinda miss Johnny Silverhand, he was kinda a badass",
				"Bushido X was so cool to see!",
				"I wish I could get away from here",
				"Just another day",
				"Oh son of a bitch!",
				"I forgot something at the apartment!",
				"ah shit, I forgot my card",
				"ah shit, I forgot it's our anniversary",
				"I wonder if they are going to throw her a party",
				"I wonder if they are going to throw him a party",
				"Who's Winnin'?",
				"The NC Lottery is how much now? Wow",
				"All the guys are too busy workin' tonight",
				"All the Ladies are too busy workin' tonight",
				"Gonna give that son of a bitch a piece of my mind",
				"Time is such Bullshit",
				"I feel like shit",
				"I feel like trash",
				"I am trash",
				"You're all trash!",
				"I should call mom",
				"I should call dad",
				"Too much noise, everywhere",
				"My Clients, Oh my Clients!",
				"God I hate that Guy!",
				"God I hate that Girl!",
				"*on the phone*",
				"*thinking*",
				"I can't believe he posted that, last night",
				"I can't believe she posted that, last night",
				"I'm gonna be late for work!",
				"I wonder when the metro will be done",
				"Damn prices keep goin' up on All-foods",
				"My car won't start, so I'm walking",
				"Inflation! Fuck Inflation!",
				"Will he call me back?",
				"Will she call me back?",
				"Who are these people?",
				"I wanna go home",
				"Time will decide my purpose",
				"Nervous about this date",
				"Hope he likes me",
				"Hope she likes me",
				"I should become a gang member",
				"Did I leave the stove on?",
				"mmmm",
				"*sigh*",
				"*sweating*",
				"*cough*",
				"*sneeze*",
				"*burps*",
				"*yawns*",
				"Can't believe I didn't get that job",
				"Can't believe they fired him",
				"Can't believe they fired her",
				"Damn, poor bastard",
				"Damn, poor girl",
				"The radio these days, sucks",
				"Tired of the mainstream",
				"Too many ads",
				"Fuckin' Capitalism",
				"No one deserves this life",
				"Workin' hard",
				"He did What!?",
				"She did What?!",
				"Fuck them kids",
				"My life is a joke",
				"I should hit the club tonight",
				"I need to get my groove on",
				"My thesis is due in 3 days!",
				"What's even the point of a job",
				"I need to stay away from those All-foods, too addicting",
				"That reminds me, I need to go to the gun store",
				"That reminds me, I need to go get groceries",
				"I need to grab some food",
				"This election is a bunch of shit",
				"No one can fix this city",
				"A bunch of fuckin' pigs control this city",
				"Peralez Actin' strange last T.v. appearance",
				"This City is in chaos",
				"Where did the taxi service go?",
				"*shivers*",
				"*cringes*",
				"I wanna be a Merc.",
				"I wanna be a legend in Night City",
				"Fuck my job",
				"I wanna be like one of those Afterlife people",
				"So much drama in this city",
				"Where did all these gangs come from?",
				"Not excited for today",
				"Another kid was killed yesterday. This fuckin' City",
				"Corruption all around",
				"This city is filthy!",
				"I can't miss the next episode of Cyber Chef",
				"I can't miss the next episode of Night City Soap",
				"I can't miss the next Movie time!",
				"I can't miss my show, tonight!",
				"Who even runs this city anymore?",
				"All I see is trash around me",
				"Nothing like the smell of bullets in the air!",
				"GOOOOD MOOORRRNING NIIIGHT CITTAAY",
				"I need a friend",
				"Who will save us from this City",
				"He said WHAT?!",
				"She said WHAT?!",
				"Fuck her!",
				"Fuck him!",
				"That bar down in Kabuki is pretty neat",
				"That 7th Hell club is pretty neat",
				"I hear Empathy Club got a new DJ",
				"All the famous people hang out in the clubs",
				"I wanna be famous",
				"Why did I take that job",
				"Awsome!",
				"Thank you!",
				"I won't let you down!",
				"*internal screaming*",
				"*contemplating gravity*",
				"Thinking about the wars*",
				"*contemplating life*",
				"*looks away*",
				"*singing to themself*",
				"*stares back*",
				"Gotta watch what I eat",
				"This city begs you to use a car",
				"Too many damn cars in this city",
				"We will never advance further from god",
				"We stray further away from Mikoshi",
				"I signed up for that Soulkiller project thing, super excited!",
				"I signed up with Militech! Super excited!",
				"I work for Bio-Technica now!",
				"Lizzie's is booming more and more!",
				"Heywood is seeing upticks in crime recently",
				"Pacifica seems more dangerous",
				"Little China is getting worse and worse",
				"What did this City become?",
				"Time for work! *sobs*",
				"I get by with a little help from Mr.Spice",
				"I'm Gonna run for Mayor!",
				"I'm Gonna join the NCPD!",
				"I think being a Cyberpsycho sounds cool!",
				"Where do we go from here?",
				"I need to catch up on the news",
				"Tomorrow's a new day!",
				"There's always next time!",
				"How did they make these buildings?",
				"Where the fuck did my crypto go!?",
				"Did you hear that new Album?",
				"Too many gonks in this city!",
				"Watch it!",
				"I got mugged by a sixth street member, not a fun time",
				"I hope those claws drop dead",
				"All these gangs are just thugs with no morals",
				"I got a wedgie",
				"I shoulda showered before leaving the room",
				"I forgot deodorant",
				"What was in my dinner last night?",
				"Fuck this, I'm gonna be a Joy Toy",
				"I wish I was in the  Crystal Palace right now",
				"What the fuck is this weather?",
				"FGR when",
				"borpa",
				"All around me are familiar faces",
				"I wish the bus system was still around",
				"Nothing good about this city, anymore",
				"I hope someone tries me today",
				"They can't fire me!",
				"What was his deal?",
				"What was her deal?",
				"Nothing to see here",
				"You're in my space",
				"get out of my bubble",
				"Get the fuck outta the way",
				"Who are you?",
				"I feel nothing anymore",
				"I wanna fly",
				"Can't do much around here",
				"What's the deal with bio technica being corrupted",
				"Yorinobu is a hero",
				"Fuck all these gangs around here",
				"I hate all you fuckers",
				"I need to get my cyberware checked",
				"Watson Whore is becoming a favorite of mine",
				"Those Mox really know how to re-wire my wires",
				"This fucking heat",
				"I can't wait to sue the shit outta them",
				"Where is the justice in this city at?",
				"My man is waiting for me, I need to get home",
				"no one will come bewtween me and my shows right now",
				"Fucking gangs.",
				"Need a good Dick tonight",
				"Wonder whose playing right now",
				"Wondering where my glasses went the other day",
				"How many more people can we fit in this 'sanctuary' City",
				"I hope something big happens",
				"My day is ruined",
				"*Thinks you're judging them*",
				"*Doesn't like what they are wearing right now*",
				"*sweating alot*",
				"*Thinking about work*",
				"*Thinking about their lover*",
				"Get a job they said..",
				"what a day",
				"I kinda like this weather",
				"I feel eyes are on me",
				"I feel someone wants to sell me something",
				"Who did let those dogs out",
				"I'm calling that fucking manager",
				"They laid a finger on my butterfinger",
				"Every teen wants to be a Silverhand, nowadays",
				"No good Women in this city anymore",
				"No good Men in this city anymore",
				"That weird guy on T.V. is convincing",
				"I put all my money into Arasaka Corp.",
				"Stocks are lookin' like shit",
				"US Cracks need to release their album already",
				"Lizzy seems she's going overboard",
				"Where the fuck is Kerry's new Album",
				"Can't wait for the Silverhand Doccumentary",
				"That podcast last night was lame",
				"Hope she writes me back",
				"Hope he writes me back",
				"What a Madlad he was",
				"What a Madlad she was",
				"What's even the point of CHOO2",
				"What's even the point of cars?!",
				"Why Can't we fly yet?",
				"*texting*",
				"*breaking up through text*",
				"*on call*",
				"*Thinking of that one night stand last night*"
				

			],
			"type": 1,
			"target": "lookat",
			"speaker": "lookat",
			"duration": 2,
			"helper": "This action will fire a npc chat Above the Npc's Head, The duration must complete in order for the next action to call. Type value just keep at 1 for now.",
			"helperTitle": "Dialog : run a random npc chat"
		}, {
			"name": "clean_npc_chat"
		}, {
			"name": "do_event",
			"value": "reactioncheckinit",
			"parallele": false
		}




	]
}