{
	"name": "Kill_Counter_affinity",
	"tag": "Kill_Counter_affinity",
	"action": [{
		"name": "if",
		"trigger": {
			"name": "compare",
			"trigger": {
				"name": "last_killed_entity_is_in_specific_gang",
				"value": "faction_mox"
			},
			"expected": true
		},
		"if_action": [{
			"name": "gang_affinity",
			"value": "faction_mox",
			"score": -1
		}],
		"else_action": [{}]
	}, {
		"name": "if",
		"trigger": {
			"name": "compare",
			"trigger": {
				"name": "last_killed_entity_is_in_specific_gang",
				"value": "faction_tygerclaws"
			},
			"expected": true
		},
		"if_action": [{
			"name": "gang_affinity",
			"value": "faction_tygerclaws",
			"score": -1
		}],
		"else_action": [{}]
	}, {
		"name": "if",
		"trigger": {
			"name": "compare",
			"trigger": {
				"name": "last_killed_entity_is_in_specific_gang",
				"value": "faction_valentinos"
			},
			"expected": true
		},
		"if_action": [{
			"name": "gang_affinity",
			"value": "faction_valentinos",
			"score": -1
		}],
		"else_action": [{
			"name": "nothing"
		}]
	}, {
		"name": "if",
		"trigger": {
			"name": "compare",
			"trigger": {
				"name": "last_killed_entity_is_in_specific_gang",
				"value": "faction_afterlife"
			},
			"expected": true
		},
		"if_action": [{
			"name": "gang_affinity",
			"value": "faction_afterlife",
			"score": -1
		}],
		"else_action": [{}]
	}, {
		"name": "if",
		"trigger": {
			"name": "compare",
			"trigger": {
				"name": "last_killed_entity_is_in_specific_gang",
				"value": "faction_sixthstreet"
			},
			"expected": true
		},
		"if_action": [{
			"name": "gang_affinity",
			"value": "faction_sixthstreet",
			"score": -1
		}],
		"else_action": [{}]
	}, {

		"name": "if",
		"trigger": {
			"name": "compare",
			"trigger": {
				"name": "last_killed_entity_is_in_specific_gang",
				"value": "faction_maelstrom"
			},
			"expected": true
		},
		"if_action": [{
			"name": "gang_affinity",
			"value": "faction_maelstrom",
			"score": -1
		}],
		"else_action": [{}]
	}, {
		"name": "if",
		"trigger": {
			"name": "compare",
			"trigger": {
				"name": "last_killed_entity_is_in_specific_gang",
				"value": "faction_scavengers"
			},
			"expected": true
		},
		"if_action": [{
			"name": "gang_affinity",
			"value": "faction_scavengers",
			"score": -1
		}],
		"else_action": [{}]
	}, {
		"name": "if",
		"trigger": {
			"name": "compare",
			"trigger": {
				"name": "last_killed_entity_is_in_specific_gang",
				"value": "faction_animals"
			},
			"expected": true
		},
		"if_action": [{
			"name": "gang_affinity",
			"value": "faction_animals",
			"score": -1
		}],
		"else_action": [{}]
	}, {
		"name": "if",
		"trigger": {
			"name": "compare",
			"trigger": {
				"name": "last_killed_entity_is_in_specific_gang",
				"value": "faction_voodooboys"
			},
			"expected": true
		},
		"if_action": [{
			"name": "gang_affinity",
			"value": "faction_voodooboys",
			"score": -1
		}],
		"else_action": [{}]
	}, {
		"name": "if",
		"trigger": {
			"name": "compare",
			"trigger": {
				"name": "last_killed_entity_is_in_specific_gang",
				"value": "faction_aldecaldos"
			},
			"expected": true
		},
		"if_action": [{
			"name": "gang_affinity",
			"value": "faction_aldecaldos",
			"score": -1
		}],
		"else_action": [{

		}]
	}, {
		"name": "if",
		"trigger": {
			"name": "compare",
			"trigger": {
				"name": "last_killed_entity_is_in_specific_gang",
				"value": "faction_wraiths"
			},
			"expected": true
		},
		"if_action": [{
			"name": "gang_affinity",
			"value": "faction_wraiths",
			"score": -1
		}],
		"else_action": [{}]
	}, {
		"name": "if",
		"trigger": {
			"name": "compare",
			"trigger": {
				"name": "last_killed_entity_is_in_specific_gang",
				"value": "faction_arasaka"
			},
			"expected": true
		},
		"if_action": [{
			"name": "gang_affinity",
			"value": "faction_arasaka",
			"score": -1
		}],
		"else_action": [{}]
	}, {
		"name": "if",
		"trigger": {
			"name": "compare",
			"trigger": {
				"name": "last_killed_entity_is_in_specific_gang",
				"value": "faction_militech"
			},
			"expected": true
		},
		"if_action": [{
			"name": "gang_affinity",
			"value": "faction_militech",
			"score": -1
		}],
		"else_action": [{}]
	}, {
		"name": "if",
		"trigger": {
			"name": "compare",
			"trigger": {
				"name": "last_killed_entity_is_in_specific_gang",
				"value": "faction_kangtao"
			},
			"expected": true
		},
		"if_action": [{
			"name": "gang_affinity",
			"value": "faction_kangtao",
			"score": -1
		}],
		"else_action": [{}]
	}, {
		"name": "if",
		"trigger": {
			"name": "compare",
			"trigger": {
				"name": "last_killed_entity_is_in_specific_gang",
				"value": "faction_ncpd"
			},
			"expected": true
		},
		"if_action": [{
			"name": "gang_affinity",
			"value": "faction_ncpd",
			"score": -1
		}],
		"else_action": [{}]
	}, {
		"name": "if",
		"trigger": {
			"name": "compare",
			"trigger": {
				"name": "last_killed_entity_is_in_specific_gang",
				"value": "faction_afterlife"
			},
			"expected": true
		},
		"if_action": [{
			"name": "gang_affinity",
			"value": "faction_afterlife",
			"score": -1
		}],
		"else_action": [{}]
	}, {
		"name": "wait_second",
		"value": 0.7
	}, {
		"name": "reset_last_killed_entity"
	}, {
		"name": "wait_second",
		"value": 0.9
	}, {
		"name": "do_event",
		"value": "Kill_Counter",
		"parallele": false
	}]
}