{
	"name": "mox_react",
	"tag": "mox_react",
	"action": [{
			"name": "wait_for_trigger",
			"trigger": {
				"name": "testFor",
				"triggers": [{
						"name": "player_in_poi",
						"tag": "",
						"district": "",
						"subdistrict": "",
						"iscar": false,
						"type": 3,
						"uselocationtag": false,
						"range": 30
					},
					{
						"name": "player_in_poi",
						"tag": "",
						"district": "",
						"subdistrict": "",
						"iscar": false,
						"type": 2,
						"uselocationtag": false,
						"range": 30

					}
				],
				"logic": "or"
			}
		},
		{
			"name": "if",
			"trigger": {
				"name": "testFor",
				"triggers": [{
					"name": "compare",
					"trigger": {
					"name": "entity_in_faction",
						"tag": "lookatnpc",
						"faction": "faction_delamain"
					},
					"expected": false
				}, {
					"name": "player_current_gang",
					"value": "faction_mox"
				}],
				"logic": "and"
			},
			"if_action": [{
				"name": "random_subtitle",
				"title": [
					"Hey what's up",
					"Watch your back out there.",
					"Let me know if you see some Claws.",
					"Don't let anyone fuck with you.",
					"If you see some Claws, give em the ole' Double Tap. Make it triple!",
					"Stay safe out here.",
					"Don't let your guard down.",
					"Heard there were some Claws around, be careful.",
					"If I hear guns, I will run to where the action is, hope you follow.",
					"I got you, if you got me, Choom.",
					"It's dangerous to go alone.... That's all",
					"Ever took a Bullet to the knee?",
					"Lookin' hot, Choom!",
					"Glad to see you around.",
					"Give the Claws somethin' to think about when you see em', ya?",
					"They fuck with you, they fuck with all of us!",
					"Stay safe!",
					"I See you, Choom!",
					"Let's get Dangerous!",
					"See ya Around, Choom!",
					"Ever heard of this Fitness'PACER' test thing?",
					"Lookin' Good, Choom!",
					"Oh Shiiiit, Whaddup?",
					"Claws better run now if you're around!"
				],
				"type": 1,
				"target": "player",
				"speaker": "Friendly",
				"duration": 5
			}],
			"else_action": [{
				"name": "if",
				"trigger": {
					"name": "testFor",
					"triggers": [{
						"name": "compare",
						"trigger": {
							"name": "entity_looked_is_gangfriendly"
						},
						"expected": false
					}, {
						"name": "player_current_gang",
						"value": "faction_mox"
					}, {
						"name": "entity_in_faction",
						"tag": "lookat",
						"faction": "faction_tygerclaws"
					}],
					"logic": "and"
				},
				"if_action": [{
					"name": "random_subtitle",
					"title": [
						"Watch yourself, mox.",
						"Don't get clipped by us, now, Mox.",
						"The fuck are you lookin' at, Mox?!",
						"Tell your bitches to stay away.",
						"Wanna fuck around and find out? Keep movin' Bitch!",
						"Who the fuck do you think you're lookin' at, Mox?",
						"Step up, Bitch!",
						"Tryin' to taste my iron? or something else?",
						"Get the fuck outta here, Mox!",
						"Wanna get smoked, Mox?",
						"Pussy joining a Pussy gang, fitting.",
						"Keep staring at a real one, why don't ya?",
						"You Tryin' to die?",
						"Keep lookin, and I'll make you look all around you, Bitch!",
						"Wanna see fireworks? try me, Mox!",
						"Want a Bullet to your fuckin' skull? keep walkin!",
						"Fuckin' gonks!",
						"Stare at someone better than you, bitch.",
						"The fuck is your problem, Mox Bitch?",
						"Fuck off, mox!",
						"Keep walkin', Bitch.",
						"You must have a death wish.",
						"I see you quivering, Mox.",
						"Out here lookin' for a fight? TRY!",
						"Come at us, Mox, we're ready.",
						"step your pace up, Mox",
						"Lookin' to get your cyberware re-arranged?!",
						"No maidens?"
					],
					"type": 1,
					"target": "player",
					"speaker": "Rival",
					"duration": 5
				}],
				"else_action": [{
					"name": "random_subtitle",
				"title": [
					"Watch yourself, merc.",
					"Don't get clipped by us, now.",
					"The fuck are you lookin' at?!",
					"Tell your gonks to stay away.",
					"Wanna fuck around and find out? Keep movin'!",
					"Who the fuck do you think you're lookin' at?",
					"Step up, Bitch!",
					"Tryin' to taste my iron?",
					"Get the fuck outta here!",
					"Wanna get smoked, gonk?",
					"Pussy joining a Pussy gang, fitting.",
					"Keep staring at a real merc, why don't ya?",
					"You Tryin' to die?",
					"Keep lookin, and i'll make you look all around you",
					"Wanna see fireworks? try me, Gonk",
					"Want a Bullet to your fuckin' skull? keep walkin!",
					"Fuckin' gonks!",
					"Stare at someone better than you, bitch.",
					"The fuck is your problem?",
					"Fuck with us, you fuck with all of us.",
					"Fuck off!",
					"Keep walkin', Gonk.",
					"You must have a death wish.",
					"I see you quivering, little bitch.",
					"Out here lookin' for a fight? TRY!",
					"Come at us, Gonk, we ready.",
					"step your pace up, Gonk",
					"Lookin' to get your cyberware re-arranged?!",
					"No maidens?"
				],
				"type": 1,
				"target": "player",
				"speaker": "Gang Member",
				"duration": 5
				}]
			}]
		},
		{
			"name": "wait_second",
			"value": 1
		},
		{
			"name": "clean_thread",
			"tag": "GNC_reaction_system"
		},
		{
			"name": "wait_second",
			"value": 3
		},
		{
			"name": "do_event",
			"value": "GNC_reaction_system"
		}
	]
}