{
	"name": "valentino_react",
	"tag": "valentino_react",
	"action": [{
			"name": "wait_for_trigger",
			"trigger": {
				"name": "testFor",
				"triggers": [{
						"name": "player_in_poi",
						"tag": "",
						"district": "",
						"subdistrict": "",
						"iscar": false,
						"type": 3,
						"uselocationtag": false,
						"range": 50
					},
					{
						"name": "player_in_poi",
						"tag": "",
						"district": "",
						"subdistrict": "",
						"iscar": false,
						"type": 2,
						"uselocationtag": false,
						"range": 50

					}
				],
				"logic": "or"
			}

		},
		{
			"name": "if",
			"trigger": {
				"name": "testFor",
				"triggers": [{
					"name": "compare",
					"trigger": {
						"name": "entity_in_faction",
						"tag": "lookatnpc",
						"faction": "faction_delamain"
					},
					"expected": false
				}, {
					"name": "player_current_gang",
					"value": "faction_valentinos"
				}],
				"logic": "and"
			},
			"if_action": [{
				"name": "random_subtitle",
				"title": [
					"Hola!",
					"Cómo te va",
					"Qué pasa, colega",
					"No dejes que ningún hijo de puta te joda",
					"Dale a nuestros 'amigos' el doble toque, haz eso triple!!",
					"Don't let your guard down.",
					"Escuché algunos de esos lunáticos de la sexta calle por aquí, mantente atado. Fuck them up.",
					"See ya.",
					"Ever took a Bullet to the fuckin' knee? Huh?! Shit fuckin' hurts",
					"Give those 'Hard boiled patriots' somethin' to think about when you see em', ya?",
					"They fuck with you, they fuck with all of us!",
					"Stay safe!"
				],
				"type": 1,
				"target": "player",
				"speaker": "Friendly",
				"duration": 4
			}],
			"else_action": [{

				"name": "if",
				"trigger": {
					"name": "testFor",
					"triggers": [{
						"name": "compare",
						"trigger": {
							"name": "entity_looked_is_gangfriendly"
						},
						"expected": false
					}, {
						"name": "player_current_gang",
						"value": "faction_valentinos"
					}, {
						"name": "entity_in_faction",
						"tag": "lookat",
						"faction": "faction_sixthstreet"
					}],
					"logic": "and"
				},
				"if_action": [{
					"name": "random_subtitle",
					"title": [
						"Fuck off, tino!",
						"Get Fucked, Rat!",
						"The fuck are you lookin' at, Tino!",
						"Piss off, you fuck.",
						"Wanna fuck around and find out? Keep movin'!",
						"Who the fuck do you think you're fuckin with?",
						"Get Fucked.",
						"Tryin' to taste my iron!?",
						"Get the fuck outta here!",
						"Wanna get smoked?",
						"Rat joining Rat Piece of shit gang.",
						"You Tryin' to die?",
						"Keep lookin, and I'll make you look all around you!",
						"Want a Bullet to your fuckin' skull? keep walkin!",
						"Fuckin' Valentinos!",
						"Stare at someone more than you.",
						"The fuck is your problem?",
						"Fuck off,!",
						"Keep walkin'.",
						"You must have a death wish.",
						"I see you quivering.",
						"Out here lookin' for a fight? TRY!",
						"Come at us, we're ready.",
						"Want some American Justice brought onto you?!",
						"No ladies or Lads?"
					],
					"type": 1,
					"target": "player",
					"speaker": "Rival",
					"duration": 4
				}],
				"else_action": [{
					"name": "random_subtitle",
				"title": [
					"Watch yourself, Dog.",
					"Don't get clipped by us, now.",
					"The fuck are you lookin' at?!",
					"Tell your padre cunts to stay away.",
					"Wanna fuck around and find out? Keep movin'!",
					"Who the fuck do you think you're lookin' at?",
					"Step up!",
					"Tryin' to taste my iron?",
					"Get the fuck outta here!",
					"Wanna get smoked?",
					"Keep staring at a real gang, why don't ya?",
					"You Tryin' to die?",
					"Keep lookin, and i'll make you look all around you",
					"Wanna see fireworks? try me!",
					"Want a Bullet to your fuckin' skull? keep walkin!",
					"Fuckin' gonks!",
					"Stare at someone better than you, bitch.",
					"The fuck is your problem?",
					"Fuck with us, you fuck with all of us.",
					"Fuck off!",
					"Keep walkin', Rat.",
					"You must have a death wish.",
					"I see you quivering, Rat.",
					"Out here lookin' for a fight? TRY!",
					"Come at us, we ready.",
					"Lookin' to get your Boots checked?!",
					"No maidens?"

				],
				"type": 1,
				"target": "player",
				"speaker": "Gang Member",
				"duration": 3
				}]
			}]
		},
		{
			"name": "wait_second",
			"value": 1
		},
		{
			"name": "clean_thread",
			"tag": "GNC_reaction_system"
		},
		{
			"name": "wait_second",
			"value": 3
		},
		{
			"name": "do_event",
			"value": "GNC_reaction_system"
		}
	]
}