{
	"tag": "Everyone Hates V",
	"type": "button",
	"category": "Everyone Hates V",
	"categorylibelle": "Everyone Hates V",
	 "label": "Make every Cyberscript Spawn Hostile.",
	"buttonlabel":"Hate me",
	"textsize":45,
	"description": "Pressing the button will make all Civilian spawns, From Cyberscript, have their Attitude set to Hostile. Negates Police stars when killing these specific spawns",
	"action": [{
		"name": "set_variable",
		"variable": "Crowd",
		"key": "Hostile",
		"value": 1
	}]
}